0 500 467 476 464 467 482 512 437 425 425 470 464 473 470 503 476 446 455 425 539 449 476 335 341 368 470 470 491 485 440 413 419 395 392 284 347 314 347 470 260 269 332 278 437 380 428 425 476 329 410 401 419 314 362 431 350 440 308 350 413 476 326 338 389 287 305 440 392 479 305 422 365 368 497 437 473 410 461 416 461 437 362 380 275 383 185 374 380 275 269 392 380 353 389 248 281 380 422 245 371 281 380 485 470 461 476 497 515 356 515 494 482 503 521 527 464 428 443 347 410 341 272 413 500 491 509 230 491 440 272 440 419 308 323 443 317 506 488 473 476 497 446 473 383 461 431 311 371 485 500 269 299 410 389 290 362 485 437 410 380 392 407 410 383 365 371 293 392 332 284 263 461 392 407 245 263 413 260 389 305 449 260 440 410 389 299 266 233 398 413 374 326 410 380 392 260 410 389 347 290 341 413 308 281 383 389 272 404 341 305 326 323 308 281 383 389 287 332 389 461 308 503 431 323 410 383 392 464 323 410 383 392 446 407 344 329 380 317 410 389 362 413 356 401 389 398 371 389 383 410 389 308 389 350 317 287 371 383 317 338 392 410 380 413 365 389 395 434 335 383 440 410 383 437 428 380 386 443 440 431 410 392 383 353 431 452 317 332 395 389 227 434 344 392 371 308 254 296 401 401 413 338 458 308 308 371 503 368 326 416 401 374 410 392 347 338 386 398 389
500 0 449 434 422 413 422 476 449 383 425 449 461 449 461 422 437 398 419 401 461 461 437 317 380 398 401 413 458 443 425 383 380 362 356 287 311 302 311 452 281 284 356 287 446 410 416 383 437 350 416 371 401 326 362 398 380 431 320 374 404 407 335 362 386 293 326 434 380 473 326 407 362 311 434 407 392 431 422 407 467 410 356 371 299 401 239 374 371 299 293 353 371 374 308 299 284 371 380 275 374 284 371 473 470 428 431 458 473 335 485 488 458 461 494 443 476 422 401 311 425 353 281 389 464 476 452 200 434 419 302 419 368 335 344 374 323 437 461 419 428 434 434 440 377 479 365 335 395 458 458 317 314 425 344 314 377 395 401 389 368 347 413 389 368 344 377 365 395 383 272 296 410 350 377 260 296 404 290 380 323 386 326 440 389 344 320 269 248 440 410 362 350 389 368 347 281 425 344 350 311 320 392 329 284 368 344 251 407 320 290 308 293 329 284 368 344 305 311 344 389 311 437 443 293 389 371 347 476 293 389 371 347 440 365 371 293 368 335 425 344 359 398 359 416 344 398 389 344 353 389 407 317 398 320 326 305 350 368 356 338 380 425 368 404 338 395 371 401 302 368 407 389 368 389 368 386 359 410 431 443 389 347 371 323 425 428 320 338 395 413 269 347 392 347 347 293 293 356 392 419 413 296 404 290 281 377 413 356 341 425 362 398 398 362 365 362 389 368 368
467 449 0 488 491 482 476 467 425 452 395 515 506 512 500 482 488 437 467 407 503 464 488 377 362 401 470 425 482 485 476 398 491 446 371 368 365 356 365 515 293 290 341 320 452 386 434 449 467 362 401 380 455 341 371 452 374 449 368 377 434 470 413 392 419 308 335 461 413 461 335 428 383 422 458 452 464 464 431 452 452 461 392 377 350 434 257 368 377 350 338 413 377 407 359 272 344 377 443 266 401 344 377 479 455 470 482 479 464 347 470 428 422 440 509 482 437 446 416 365 437 368 290 476 467 488 518 236 491 452 317 452 422 308 329 470 359 527 455 488 470 491 488 488 392 479 443 398 404 434 458 296 344 437 410 341 398 467 461 422 377 413 380 422 380 365 380 344 446 350 320 320 425 413 449 317 320 455 299 359 377 461 311 434 422 410 314 320 272 368 401 335 344 422 377 413 320 437 410 374 371 371 437 392 344 380 410 350 425 371 335 362 296 392 344 380 410 338 362 410 440 314 488 437 296 422 380 413 422 296 422 380 413 401 425 389 338 377 362 437 410 383 374 392 395 410 410 401 410 383 422 380 359 419 392 326 320 392 380 326 356 452 440 377 455 371 416 413 404 347 380 428 422 380 455 470 401 425 428 461 437 422 413 380 374 440 443 359 365 431 389 266 410 362 431 377 341 284 365 410 428 455 404 476 335 323 392 467 356 395 455 383 383 455 389 398 359 404 380 425
476 434 488 0 500 725 464 488 437 425 428 749 725 482 728 467 1997 449 467 419 491 461 1997 380 350 392 482 461 506 602 467 461 443 401 371 359 338 353 338 749 290 242 344 302 461 434 455 437 482 329 398 389 413 350 374 443 350 449 326 356 398 434 362 371 431 293 296 452 407 485 296 440 407 368 443 437 521 443 461 413 440 458 374 359 311 452 242 371 359 311 284 383 359 350 320 248 326 359 404 248 410 326 359 470 458 476 503 479 482 353 467 461 440 440 461 524 485 473 422 338 467 368 311 470 479 506 500 239 497 461 281 461 428 320 335 422 332 518 479 497 518 521 476 512 383 518 425 350 395 446 488 269 335 467 395 374 359 491 464 413 362 392 437 413 362 350 419 374 422 356 314 308 401 392 449 284 311 413 263 359 365 434 272 443 413 395 326 293 251 398 434 326 311 413 362 392 245 467 395 362 356 359 449 341 326 362 395 344 422 359 296 338 326 341 326 362 395 311 368 395 419 275 485 416 320 413 362 392 419 320 413 362 392 443 404 350 326 362 353 467 395 386 419 395 404 395 407 395 395 332 413 380 320 407 365 332 293 431 362 341 323 416 464 362 413 347 407 386 404 335 362 458 413 362 458 431 398 377 455 461 416 413 392 362 386 440 455 326 341 398 407 260 383 344 407 398 305 284 317 392 437 464 359 464 308 290 392 461 374 335 428 377 362 443 383 356 344 392 401 401
464 422 491 500 0 530 455 428 413 446 398 530 494 512 488 443 503 419 437 413 527 422 503 326 266 362 470 422 476 470 485 425 476 383 317 365 314 329 314 530 260 230 284 254 461 365 410 416 437 317 374 341 419 281 329 431 326 461 320 353 374 455 377 332 401 257 254 416 365 500 254 452 401 362 389 371 470 422 437 386 392 440 383 335 296 419 191 308 335 296 290 353 335 353 341 200 260 335 425 197 368 260 335 470 377 461 509 479 461 359 422 389 395 392 434 470 464 452 413 314 428 341 242 458 491 491 488 158 518 425 275 425 374 266 293 437 296 518 476 506 506 521 461 473 329 479 365 329 365 425 443 233 317 428 368 317 326 464 455 392 341 365 353 392 335 299 371 290 431 281 263 260 398 401 374 260 263 389 206 338 263 464 203 395 392 368 254 266 218 383 398 305 383 392 341 365 233 428 368 341 305 368 437 326 260 335 368 287 398 368 299 329 248 326 260 335 368 299 317 368 452 230 512 383 251 392 338 365 395 251 392 338 365 365 371 335 323 341 314 428 368 380 338 341 359 368 386 356 368 227 392 335 269 362 353 311 248 368 335 254 302 371 428 341 389 329 362 326 398 332 335 395 392 335 446 479 362 365 395 407 383 392 365 338 326 383 419 302 296 383 377 212 356 308 392 335 290 230 320 350 365 443 308 470 296 290 350 431 341 326 452 326 317 434 368 329 305 377 359 362
467 413 482 725 530 0 449 470 452 473 419 1106 932 494 935 449 725 455 431 416 428 500 725 380 359 422 497 449 491 626 455 434 437 437 407 371 410 374 410 1109 338 302 383 377 461 437 422 410 431 374 419 398 434 347 389 446 380 464 377 395 422 455 368 401 419 350 350 410 413 452 350 458 404 431 470 431 494 449 440 440 419 416 386 422 359 473 293 374 422 359 359 434 422 398 395 311 356 422 401 311 413 356 422 425 413 455 476 428 458 392 434 398 437 386 455 452 452 443 464 410 437 416 308 473 449 497 470 254 476 446 329 446 422 317 368 425 341 479 467 437 458 467 473 455 416 461 410 377 422 443 431 317 389 437 431 374 410 437 443 449 422 440 413 449 419 356 398 350 422 383 329 338 422 434 446 338 341 413 335 389 407 428 302 440 449 431 353 362 284 425 413 344 341 449 422 440 320 437 431 401 389 413 428 365 356 419 431 359 431 413 332 374 350 365 356 419 431 386 386 431 431 323 485 380 353 449 422 440 449 353 449 422 440 410 395 335 368 422 371 437 431 419 368 401 425 431 413 416 431 344 449 410 368 389 419 356 326 380 419 362 371 380 437 422 413 362 392 398 383 389 419 422 449 419 443 449 422 425 422 425 380 449 440 422 380 401 452 341 362 410 425 317 395 389 470 458 362 323 368 392 425 464 383 440 374 377 422 452 398 341 455 380 392 455 410 374 389 413 416 374
482 422 476 464 455 449 0 461 407 410 410 464 476 476 467 470 464 431 434 437 479 467 464 359 338 401 458 425 473 479 431 395 428 383 389 329 329 359 329 461 281 281 338 341 467 413 404 425 434 344 407 377 419 338 389 446 359 431 353 350 395 431 404 368 398 323 317 443 389 491 317 455 395 365 455 419 458 425 401 422 413 407 389 392 320 407 245 362 392 320 269 401 392 347 365 263 320 392 401 275 407 320 392 461 410 449 488 437 443 374 461 437 437 443 437 470 452 437 407 329 401 359 281 434 491 461 467 257 473 437 320 437 425 344 338 404 350 473 464 461 428 455 449 431 356 419 434 329 401 437 425 305 314 401 404 347 362 491 401 404 395 404 416 404 395 353 398 341 425 377 311 308 404 392 419 302 311 428 281 386 332 431 287 419 404 404 311 323 302 374 416 401 314 404 395 404 257 401 404 353 341 407 416 332 320 395 404 323 401 407 302 344 296 332 320 395 404 287 314 404 398 287 524 410 293 404 395 404 392 293 404 395 404 419 368 353 314 395 341 401 404 350 365 389 356 404 401 401 404 347 404 359 338 383 389 362 323 353 395 338 389 389 407 395 428 332 380 386 404 317 395 410 404 395 398 410 410 383 407 461 410 404 404 395 347 419 416 320 326 431 377 266 413 329 434 350 326 299 326 374 395 479 386 434 329 332 392 431 377 329 392 404 353 425 377 362 362 413 431 386
512 476 467 488 428 470 461 0 455 425 452 458 479 497 482 446 488 422 467 419 515 476 488 302 353 395 503 443 497 488 452 398 401 362 371 290 371 317 371 464 281 260 329 296 455 422 446 395 476 329 401 386 413 329 362 404 383 467 332 404 395 464 359 341 404 260 305 443 395 485 305 395 413 332 464 410 464 413 422 395 479 419 368 389 302 431 206 362 389 302 284 356 389 347 347 272 293 389 437 245 392 293 389 482 470 440 500 446 494 353 467 506 494 509 503 518 482 440 407 371 434 347 278 440 482 494 494 209 494 428 302 428 455 302 323 389 305 500 509 455 485 479 449 440 389 464 407 329 389 485 530 299 290 434 377 317 383 455 425 401 392 374 437 401 398 362 383 338 437 371 299 296 464 389 395 254 296 449 260 362 317 419 311 467 401 377 320 296 248 401 407 359 350 401 392 374 257 434 377 359 332 389 413 326 293 398 377 302 404 389 299 344 311 326 293 398 377 293 323 377 425 317 482 461 311 401 395 374 467 311 401 395 374 404 386 353 317 392 311 434 377 356 389 392 362 377 395 392 377 368 401 386 326 398 380 293 284 395 398 320 365 392 437 392 449 317 392 380 434 341 398 464 401 398 410 407 392 362 461 425 461 401 374 395 362 434 449 332 329 446 377 233 392 335 386 344 305 290 332 407 461 425 377 434 296 299 344 461 344 380 470 383 374 437 380 374 350 431 407 377
437 449 425 437 413 452 407 455 0 440 428 452 437 434 440 434 437 440 410 389 413 467 437 356 404 401 395 458 458 440 404 407 431 389 380 341 383 404 383 446 362 374 377 374 404 428 434 401 428 368 410 413 386 416 398 455 434 434 353 410 407 407 407 386 404 332 341 392 413 389 341 416 422 392 452 410 449 416 443 428 443 431 374 383 332 419 296 389 383 332 332 401 383 365 335 338 341 383 431 338 413 341 383 431 416 419 437 410 461 383 428 464 431 452 449 440 386 428 404 383 455 410 338 401 398 443 422 281 437 440 332 440 419 359 365 428 359 425 455 422 455 443 392 425 368 443 404 395 401 449 419 341 329 455 422 362 419 410 437 410 380 419 419 410 380 383 392 335 377 380 335 332 428 404 410 344 332 467 353 377 347 386 341 440 410 422 398 332 335 434 443 371 362 410 380 419 350 455 422 410 389 410 458 392 341 380 422 350 422 410 368 371 353 392 341 380 422 383 377 422 434 371 458 467 356 410 380 419 416 356 410 380 419 413 407 368 380 380 374 455 422 383 434 419 392 422 443 395 422 401 410 422 389 416 377 356 359 404 380 371 395 422 455 380 467 368 419 407 386 395 380 449 410 380 437 401 404 392 452 404 467 410 419 380 374 440 434 356 359 449 422 335 398 374 395 347 383 362 362 371 452 437 359 416 329 332 386 407 413 362 407 368 383 446 392 392 359 443 419 395
425 383 452 425 446 473 410 425 440 0 416 458 443 440 437 431 425 461 410 401 431 449 425 437 359 428 449 425 398 443 443 446 440 422 413 437 368 401 368 461 350 350 377 347 437 422 416 413 419 434 395 398 428 368 404 440 407 440 389 383 413 437 398 419 401 347 380 422 386 461 380 422 383 422 428 389 512 440 467 419 401 443 380 437 374 443 314 374 437 374 374 374 437 371 359 341 353 437 389 314 452 353 437 413 389 455 428 452 413 368 380 395 383 368 401 389 452 437 434 368 446 377 362 443 395 419 428 314 443 437 341 437 410 347 365 443 362 470 410 434 437 428 464 425 371 431 413 401 434 386 398 314 386 446 422 362 404 392 452 401 431 422 395 401 434 401 434 377 413 359 344 338 404 395 416 350 341 386 326 383 377 461 314 392 401 422 377 338 362 371 380 374 428 401 431 422 326 446 422 404 341 398 419 407 353 434 422 368 416 398 368 398 329 407 353 434 422 407 365 422 404 347 455 392 335 401 434 422 395 335 401 434 422 356 410 374 344 431 404 446 422 398 380 401 425 422 395 428 422 353 401 419 383 428 413 374 341 419 434 335 347 377 449 431 386 362 425 383 365 344 434 392 401 434 449 455 434 407 389 407 392 401 422 434 389 413 440 407 383 407 404 335 422 368 389 368 392 344 392 389 413 449 374 434 371 380 371 431 380 404 422 395 377 446 407 389 359 410 401 413
425 425 395 428 398 419 410 452 428 416 0 437 443 470 449 386 428 422 395 425 416 413 428 374 344 395 389 413 437 449 407 359 374 359 353 347 404 326 404 443 305 317 374 365 434 395 374 410 407 368 413 377 398 356 407 392 383 422 347 425 437 449 362 392 383 347 329 416 365 437 329 413 413 383 410 425 419 416 428 425 404 407 344 401 356 407 287 419 401 356 323 347 401 377 359 332 356 401 365 293 389 356 401 374 395 407 431 434 455 404 422 434 389 434 434 386 389 419 383 404 398 404 311 440 410 440 392 242 413 362 350 362 416 353 347 356 341 374 440 413 434 434 395 395 392 416 407 347 395 440 425 368 353 398 386 365 398 383 368 395 404 389 425 395 404 392 380 353 395 320 338 326 398 380 422 314 326 437 326 386 350 419 314 416 395 386 350 347 305 425 398 347 359 395 404 389 323 398 386 404 326 332 356 347 356 404 386 314 413 332 362 359 326 347 356 404 386 344 353 386 374 380 431 431 317 395 407 389 431 317 395 407 389 371 392 395 323 404 347 398 386 350 404 377 356 386 389 383 386 380 395 437 359 383 404 323 350 386 404 356 425 404 398 404 437 335 383 398 389 341 404 416 395 404 407 389 383 389 419 437 431 395 389 407 410 443 440 368 371 398 398 317 422 356 350 347 329 356 371 371 395 389 401 407 359 365 395 371 365 401 380 371 419 401 380 374 389 443 380 374
470 449 515 749 530 1106 464 458 452 458 437 0 920 476 920 458 752 449 473 446 488 500 752 389 344 425 485 455 485 614 452 446 473 443 401 353 404 374 404 1988 305 314 374 335 485 458 446 440 440 377 419 386 449 320 410 461 404 506 356 383 410 497 401 380 428 326 338 467 407 467 338 473 413 404 452 407 527 452 440 449 461 437 383 413 362 452 263 389 413 362 344 443 413 368 377 332 362 413 428 272 440 362 413 464 446 512 503 455 455 362 431 419 449 419 470 509 467 461 452 404 446 407 302 485 476 527 482 251 497 485 305 485 428 338 383 464 362 524 455 476 512 515 479 494 425 485 428 380 428 443 485 302 314 446 452 359 401 494 470 458 413 452 440 458 419 368 416 389 431 359 323 338 440 407 458 308 338 407 308 362 419 461 302 434 458 452 371 329 287 428 410 356 359 458 413 452 299 446 452 383 371 410 461 368 362 419 452 368 455 410 350 392 335 368 362 419 452 359 389 452 467 308 506 434 335 458 416 452 500 335 458 416 452 410 401 374 356 413 359 446 452 398 377 419 425 452 410 428 452 371 458 437 332 419 392 362 329 410 419 359 374 407 443 413 407 380 416 428 413 362 419 422 458 419 461 467 419 407 422 452 434 458 452 416 395 437 461 344 377 419 404 278 410 362 446 425 347 326 365 422 434 467 383 458 380 380 380 470 365 353 431 374 401 500 410 383 368 443 401 407
464 461 506 725 494 932 476 479 437 443 443 920 0 449 1982 488 728 410 497 422 464 467 728 386 386 401 476 473 455 581 461 446 461 431 419 377 404 371 404 929 314 293 368 323 488 431 443 440 449 377 434 416 422 365 389 485 386 467 377 386 392 476 392 407 419 311 356 425 443 479 356 470 398 422 458 401 485 449 455 455 476 437 383 383 341 440 284 374 383 341 341 422 383 404 383 296 320 383 410 305 431 320 383 494 446 461 479 449 485 380 446 446 401 440 452 482 452 470 428 404 443 395 296 452 458 494 491 230 497 476 326 476 443 320 335 410 380 500 479 479 506 512 479 461 407 476 410 356 401 443 440 284 350 443 458 350 404 458 458 458 380 452 404 458 383 335 428 365 470 386 320 305 446 446 422 305 305 431 296 347 383 464 290 410 458 458 362 329 290 407 452 341 371 458 380 452 353 443 458 389 386 383 440 359 320 383 458 353 452 383 356 359 350 359 320 383 458 365 368 458 434 323 476 422 350 458 383 452 443 350 458 383 452 386 431 353 362 380 365 443 458 416 377 422 425 458 374 392 458 398 458 449 359 395 371 362 362 431 383 353 398 413 443 380 431 365 389 404 419 365 383 431 458 383 464 455 401 425 431 473 422 458 452 383 392 470 470 356 356 404 401 314 407 362 419 440 341 314 380 416 434 470 380 428 335 338 404 440 374 347 422 374 386 452 386 383 371 383 413 410
473 449 512 482 512 494 476 497 434 440 470 476 449 0 449 470 485 440 434 377 542 452 485 305 311 359 515 449 494 497 443 401 404 362 302 284 296 344 296 473 257 173 284 224 452 395 401 413 461 287 386 356 404 275 365 422 332 488 302 320 398 455 338 338 377 242 242 440 374 491 242 470 362 314 458 434 464 446 404 386 443 431 323 329 254 464 158 338 329 254 251 338 329 359 311 227 254 329 458 188 362 254 329 512 482 509 461 527 503 323 476 482 482 470 485 521 467 437 401 296 407 329 227 419 518 518 527 158 476 434 215 434 392 290 257 407 299 518 485 506 521 578 455 470 374 473 437 320 356 470 476 239 266 407 389 275 323 461 443 380 326 377 434 380 332 290 392 344 404 284 242 236 443 401 395 203 233 407 233 323 296 443 245 461 380 389 269 251 263 425 401 296 287 380 326 377 233 407 389 335 308 359 410 305 254 332 389 245 374 359 278 308 290 305 254 332 389 269 311 389 425 260 521 425 293 380 329 377 446 293 380 329 377 446 335 341 290 326 281 407 389 371 383 314 365 389 398 344 389 272 380 338 275 377 350 281 242 368 332 281 323 380 410 326 407 308 377 356 461 296 332 446 380 332 422 452 350 290 443 488 425 380 377 329 317 431 401 320 272 401 350 191 380 281 392 335 260 200 317 341 407 428 320 434 251 251 356 488 338 305 425 350 365 413 347 326 293 383 383 371
470 461 500 728 488 935 467 482 440 437 449 920 1982 449 0 491 731 416 500 419 473 476 731 380 389 398 467 473 464 581 458 446 461 425 419 371 404 362 404 929 311 299 371 326 482 431 446 446 455 377 434 413 419 359 383 479 380 473 377 392 392 476 389 401 419 302 356 425 443 485 356 473 398 419 458 407 491 443 452 452 473 437 377 383 341 440 275 377 383 341 326 413 383 404 377 287 320 383 413 296 425 320 383 491 446 464 479 455 482 374 452 446 401 440 458 491 458 473 431 404 440 389 293 452 458 506 503 227 494 473 320 473 440 314 332 410 380 500 485 479 509 506 467 455 413 476 413 353 395 452 434 284 341 440 449 350 410 461 449 458 380 443 404 458 383 338 419 359 464 392 314 302 443 443 431 302 302 431 293 341 383 458 284 410 458 449 368 323 284 395 458 332 362 458 380 443 353 440 449 389 389 371 434 350 320 383 449 347 443 371 344 356 353 350 320 383 449 359 365 449 434 317 476 431 353 458 380 443 449 353 458 380 443 389 428 350 353 380 365 440 449 416 389 425 434 449 374 389 449 398 458 446 356 398 365 353 362 428 383 350 392 407 437 380 431 368 392 407 422 359 383 428 458 383 464 452 395 422 428 479 431 458 443 380 383 476 470 350 356 407 395 305 413 365 404 431 338 308 380 419 434 470 386 431 335 341 398 440 371 350 416 377 389 452 380 371 362 383 404 413
503 422 482 467 443 449 470 446 434 431 386 458 488 470 491 0 467 410 455 377 470 467 467 338 305 350 494 431 485 518 440 383 422 359 329 314 341 293 341 458 275 209 347 257 428 383 410 398 461 284 425 362 443 299 329 410 332 458 302 290 344 461 401 317 395 293 251 422 356 467 251 386 344 338 446 431 494 440 434 374 452 476 326 320 281 422 179 344 320 281 239 356 320 314 320 236 305 320 419 206 392 305 320 482 479 437 476 455 455 356 494 503 470 503 464 497 455 437 380 341 398 392 233 410 506 500 521 191 524 428 242 428 422 266 320 401 275 488 494 458 461 518 488 479 398 485 437 311 353 494 500 278 290 398 377 296 368 482 407 413 326 374 380 413 326 305 362 341 416 311 293 287 446 440 362 269 287 431 248 347 305 434 263 455 413 377 284 245 242 437 377 359 290 413 326 374 245 398 377 359 341 347 422 311 305 326 377 287 410 347 272 335 284 311 305 326 377 272 326 377 380 251 443 419 284 413 326 374 401 284 413 326 374 407 368 308 308 326 284 398 377 350 350 362 377 377 395 344 377 335 413 383 269 389 320 290 278 356 326 284 338 356 401 326 431 326 389 326 449 317 326 425 413 326 398 428 356 341 422 464 419 413 374 326 311 425 431 299 344 401 401 185 365 329 410 338 287 227 305 389 446 431 332 485 269 278 371 491 380 317 455 371 371 425 368 359 305 386 383 374
476 437 488 1997 503 725 464 488 437 425 428 752 728 485 731 467 0 449 464 422 494 461 2000 377 347 389 482 458 506 602 467 461 443 401 371 359 338 350 338 752 290 242 344 302 461 434 452 437 485 329 398 392 413 347 374 446 350 449 326 356 401 434 365 371 431 293 296 449 407 485 296 437 404 368 443 440 521 446 461 413 440 455 371 359 311 452 245 374 359 311 287 380 359 350 320 245 329 359 404 248 410 329 359 467 461 473 506 479 485 353 464 464 440 443 464 524 488 470 422 338 470 368 311 470 482 506 503 236 500 461 281 461 428 320 335 422 329 518 482 497 521 524 479 509 380 518 428 350 392 443 488 266 335 470 395 371 356 494 464 413 362 392 437 413 362 353 419 374 422 356 311 308 401 392 449 281 311 413 263 362 362 437 272 443 413 395 323 293 251 398 434 323 311 413 362 392 245 470 395 365 359 356 446 341 329 362 395 344 422 356 296 341 323 341 329 362 395 311 365 395 419 278 485 416 317 413 362 392 419 317 413 362 392 440 404 353 326 362 353 470 395 386 419 395 401 395 407 392 395 329 413 383 320 407 365 332 290 434 362 341 323 419 467 362 413 347 404 386 407 335 362 455 413 362 458 434 395 377 452 464 416 413 392 362 389 440 455 329 341 395 407 260 383 344 407 398 302 284 317 392 440 464 359 464 305 287 389 464 377 335 431 377 359 446 383 356 341 392 401 404
446 398 437 449 419 455 431 422 440 461 422 449 410 440 416 410 449 0 443 446 386 416 449 371 380 386 395 446 440 467 413 449 401 530 413 368 428 398 428 443 356 350 398 362 425 434 407 431 422 377 410 419 440 377 431 440 422 416 392 395 419 476 404 398 389 398 377 422 410 401 377 449 401 398 437 407 431 401 443 458 407 389 365 392 386 431 362 407 392 386 383 410 392 386 392 326 410 392 413 365 413 410 392 401 404 464 470 425 425 413 383 377 422 380 419 428 407 434 404 428 425 392 335 404 404 404 401 269 422 434 359 434 431 353 356 404 359 425 422 473 407 425 428 410 353 422 401 395 389 386 449 341 350 425 431 371 404 419 395 395 395 428 395 395 392 395 413 374 404 359 410 413 401 389 425 380 416 392 347 425 398 449 344 419 395 431 362 416 368 359 392 335 374 395 395 428 332 425 431 413 386 392 410 392 410 392 431 383 437 392 362 419 338 392 410 392 431 371 407 431 398 395 440 401 335 395 395 428 407 335 395 395 428 377 392 377 398 395 383 425 431 422 380 380 410 431 413 386 431 359 395 407 383 386 395 383 401 383 392 392 365 425 425 395 392 392 383 419 392 392 392 416 395 392 416 410 395 410 416 398 401 395 428 395 377 404 446 359 353 413 467 350 416 371 419 353 383 362 356 398 389 434 365 416 383 395 401 398 392 401 446 389 365 416 413 377 383 422 437 398
455 419 467 467 437 431 434 467 410 410 395 473 497 434 500 455 464 443 0 431 425 455 464 374 377 425 437 428 431 470 443 389 416 383 380 326 362 335 362 476 338 308 365 359 470 407 410 389 509 383 443 395 437 329 404 443 377 410 371 359 401 416 389 365 410 350 338 425 365 470 338 440 356 392 443 374 473 422 416 386 422 437 359 389 335 434 254 377 389 335 338 383 389 344 371 314 332 389 422 314 413 332 389 470 443 419 464 467 464 404 449 458 410 464 461 491 422 416 398 362 407 374 299 413 416 461 452 260 473 443 308 443 419 323 362 437 332 491 470 455 500 467 428 494 386 491 425 365 419 458 449 317 335 407 404 347 344 452 443 395 392 407 416 395 395 329 422 368 461 344 347 323 434 401 425 344 323 410 347 401 374 428 302 455 395 404 335 314 296 365 398 347 365 395 392 407 296 407 404 365 365 395 470 356 332 395 404 326 398 395 323 341 335 356 332 395 404 329 338 404 431 311 425 401 332 395 392 407 428 332 395 392 407 389 413 344 347 392 377 407 404 380 398 404 419 404 398 410 404 353 395 416 350 395 359 377 296 398 395 332 338 419 407 392 410 374 392 356 386 362 395 437 395 395 437 422 419 383 437 452 401 395 407 392 350 431 446 350 350 419 419 272 389 356 422 359 344 308 335 404 431 458 347 425 338 338 377 443 368 353 422 434 362 425 380 383 350 380 407 392
425 401 407 419 413 416 437 419 389 401 425 446 422 377 419 377 422 446 431 0 374 380 422 404 377 452 389 419 398 416 404 398 422 401 410 389 416 416 416 440 407 380 386 410 443 425 434 395 374 404 389 410 404 410 404 437 422 401 389 443 419 398 419 386 419 407 383 437 374 404 383 392 374 398 407 398 434 395 413 413 440 413 416 440 395 437 344 410 440 395 368 452 440 362 422 383 416 440 398 368 428 416 440 386 350 398 419 356 371 371 392 362 362 368 401 353 353 422 440 416 449 431 422 386 353 383 374 380 416 434 350 434 398 383 389 410 401 389 368 395 389 362 407 425 374 422 383 404 449 392 404 365 413 449 431 374 392 374 401 431 437 422 410 431 440 422 392 341 413 395 386 389 431 392 416 386 392 392 359 410 410 398 365 401 431 431 380 404 374 374 434 395 401 431 437 422 383 449 431 413 392 356 398 410 416 440 431 425 386 356 368 395 383 410 416 440 431 353 410 431 407 392 398 374 386 431 440 422 368 386 431 440 422 374 386 380 401 437 398 449 431 353 401 407 443 431 362 443 431 389 431 422 383 410 404 395 377 422 440 368 383 392 449 437 392 425 413 416 356 395 440 380 431 440 443 389 455 437 383 371 374 431 422 440 389 398 437 383 392 452 386 383 398 383 389 395 413 392 371 410 395 395 404 404 404 398 386 389 398 422 422 374 416 422 425 401 401 377 419 443
539 461 503 491 527 428 479 515 413 431 416 488 464 542 473 470 494 386 425 374 0 497 494 278 251 296 488 440 506 491 476 368 425 356 290 263 278 272 278 485 215 125 227 173 449 380 395 380 485 260 389 353 425 248 311 422 293 431 272 320 371 500 302 293 317 179 191 440 350 512 191 416 326 287 431 380 455 452 398 371 425 401 305 287 191 395 125 335 287 191 227 308 287 314 281 191 212 287 404 152 353 212 287 518 485 464 494 536 548 269 485 515 482 512 488 602 488 404 371 278 410 281 164 434 569 554 524 161 500 446 191 446 383 236 269 407 248 575 515 503 569 548 452 455 359 527 386 287 296 473 488 182 263 410 359 263 299 470 428 386 290 368 383 386 287 269 353 281 389 263 203 194 419 365 395 140 197 416 170 329 269 401 188 482 386 359 242 185 182 398 359 314 287 386 290 368 167 410 359 296 236 347 395 278 212 287 359 215 356 347 236 287 230 278 212 287 359 233 266 359 425 197 503 422 230 386 290 368 467 230 386 290 368 458 353 350 239 290 242 410 359 320 371 293 356 359 356 284 359 266 386 302 263 413 281 233 194 344 287 266 266 353 410 290 416 266 410 338 458 251 287 458 386 287 431 434 293 269 461 461 422 386 368 290 284 443 431 269 236 389 353 137 356 257 395 323 248 176 296 341 389 434 281 446 200 206 338 494 305 308 404 344 314 368 323 350 245 329 356 344
449 461 464 461 422 500 467 476 467 449 413 500 467 452 476 467 461 416 455 380 497 0 461 356 377 404 473 434 482 494 449 413 392 386 359 353 371 353 371 500 317 302 359 335 449 413 407 392 452 356 419 404 434 359 368 422 371 452 353 359 389 455 401 368 407 332 323 425 404 467 323 416 371 386 437 398 500 446 446 449 452 437 356 380 338 437 278 380 380 338 347 371 380 383 347 296 335 380 428 269 389 335 380 464 431 452 461 428 482 353 449 455 443 443 482 491 440 449 386 371 419 383 311 452 452 491 464 239 476 479 287 479 404 326 350 416 347 503 476 464 482 497 446 467 395 470 395 332 401 500 479 341 335 419 389 308 407 470 416 407 383 392 410 407 380 353 374 389 413 365 332 332 410 389 407 293 335 410 323 389 347 428 314 443 407 389 338 275 284 425 395 386 377 407 383 392 293 419 389 380 362 377 446 332 335 380 389 338 419 377 317 356 329 332 335 380 389 332 320 389 389 329 491 416 332 407 380 392 443 332 407 380 392 407 383 371 320 383 326 419 389 395 407 389 407 389 422 389 389 344 407 395 344 386 353 320 320 350 380 365 341 401 422 383 410 335 389 410 431 338 380 482 407 380 422 443 392 392 485 437 416 407 392 380 386 428 422 350 329 413 449 254 419 356 410 353 329 293 368 407 422 428 371 461 329 341 386 452 386 368 404 389 386 425 404 371 323 377 485 368
476 437 488 1997 503 725 464 488 437 425 428 752 728 485 731 467 2000 449 464 422 494 461 0 377 347 389 482 458 506 602 467 461 443 401 371 359 338 350 338 752 290 242 344 302 461 434 452 437 485 329 398 392 413 347 374 446 350 449 326 356 401 434 365 371 431 293 296 449 407 485 296 437 404 368 443 440 521 446 461 413 440 455 371 359 311 452 245 374 359 311 287 380 359 350 320 245 329 359 404 248 410 329 359 467 461 473 506 479 485 353 464 464 440 443 464 524 488 470 422 338 470 368 311 470 482 506 503 236 500 461 281 461 428 320 335 422 329 518 482 497 521 524 479 509 380 518 428 350 392 443 488 266 335 470 395 371 356 494 464 413 362 392 437 413 362 353 419 374 422 356 311 308 401 392 449 281 311 413 263 362 362 437 272 443 413 395 323 293 251 398 434 323 311 413 362 392 245 470 395 365 359 356 446 341 329 362 395 344 422 356 296 341 323 341 329 362 395 311 365 395 419 278 485 416 317 413 362 392 419 317 413 362 392 440 404 353 326 362 353 470 395 386 419 395 401 395 407 392 395 329 413 383 320 407 365 332 290 434 362 341 323 419 467 362 413 347 404 386 407 335 362 455 413 362 458 434 395 377 452 464 416 413 392 362 389 440 455 329 341 395 407 260 383 344 407 398 302 284 317 392 440 464 359 464 305 287 389 464 377 335 431 377 359 446 383 356 341 392 401 404
335 317 377 380 326 380 359 302 356 437 374 389 386 305 380 338 377 371 374 404 278 356 377 0 392 464 320 377 311 380 362 410 386 428 419 470 410 467 410 395 464 440 425 428 389 383 368 425 335 494 416 401 419 434 437 440 428 377 464 410 428 341 425 431 413 482 446 356 401 353 446 416 398 437 350 398 371 386 416 410 329 452 440 476 464 380 449 410 476 464 461 446 476 398 416 422 458 476 371 422 470 458 476 293 287 344 353 341 263 410 287 284 263 266 302 242 293 392 407 410 380 443 461 377 236 311 305 410 299 410 443 410 386 398 425 422 425 308 284 314 296 299 359 362 344 338 365 455 464 329 311 386 464 380 425 425 428 341 368 416 479 428 359 416 473 407 434 359 368 422 461 455 359 410 371 446 452 380 407 416 431 419 401 350 416 425 434 431 449 332 374 404 440 416 479 428 452 380 425 440 371 359 425 467 458 473 425 479 413 359 449 467 419 467 458 473 425 464 440 425 401 413 320 335 416 416 476 428 305 416 416 476 428 284 416 341 425 479 461 380 425 356 380 407 401 425 350 458 425 416 416 401 434 437 461 479 437 449 473 431 389 413 383 479 380 464 443 440 284 428 473 329 416 473 404 368 464 449 326 335 335 416 428 476 419 365 383 461 407 398 428 455 395 398 413 425 464 413 392 389 371 425 434 383 455 446 434 341 407 467 386 401 398 419 413 431 413 431 401 410
341 380 362 350 266 359 338 353 404 359 344 344 386 311 389 305 347 380 377 377 251 377 347 392 0 422 326 344 308 335 320 374 338 389 428 395 419 398 419 350 464 455 458 437 383 449 398 392 359 446 377 404 362 434 428 398 440 341 440 413 410 341 404 389 368 452 446 389 395 329 446 374 377 410 401 407 362 386 404 398 365 368 431 416 455 368 476 419 416 455 473 431 416 398 377 455 410 416 368 452 437 410 416 323 329 314 323 293 308 461 323 329 314 320 329 308 311 386 410 419 389 410 458 398 254 293 269 386 314 374 458 374 389 416 395 398 425 293 350 314 272 290 374 365 398 353 368 422 422 344 314 443 446 389 392 386 464 311 335 413 413 392 377 413 416 404 404 356 380 437 395 413 536 395 395 398 413 401 434 407 425 353 485 371 413 392 446 443 428 362 431 419 440 413 413 392 470 389 392 419 416 356 386 431 410 416 392 437 395 356 404 428 389 431 410 416 392 434 425 392 344 491 320 404 392 413 413 392 329 392 413 413 392 293 422 392 410 413 449 389 392 344 377 419 410 392 353 419 392 470 413 446 443 386 437 470 431 410 416 473 431 401 389 413 401 419 383 443 305 416 416 356 413 416 398 329 416 422 353 347 404 413 392 413 404 386 377 428 389 359 413 470 413 443 365 377 416 437 401 401 401 359 422 341 416 425 395 320 392 431 383 440 440 389 395 404 383 386 434 407
368 398 401 392 362 422 401 395 401 428 395 425 401 359 398 350 389 386 425 452 296 404 389 464 422 0 389 398 326 413 410 395 419 410 422 440 755 425 755 422 446 407 461 419 443 446 380 425 395 446 404 407 425 407 422 446 416 389 410 431 416 365 434 425 422 440 449 380 410 395 449 416 377 419 416 413 395 407 446 413 410 392 428 1715 479 422 386 395 1715 479 440 707 1715 416 413 422 434 1715 398 416 449 434 1715 356 386 383 389 356 332 398 338 347 314 335 326 347 341 383 770 755 599 440 419 413 326 323 317 374 359 404 428 404 410 404 419 401 425 368 365 356 335 392 401 401 383 374 407 410 1994 356 356 419 428 599 602 410 446 359 416 590 1712 605 383 590 1712 428 398 398 413 455 431 434 404 401 368 419 434 413 425 407 419 416 425 380 590 602 431 413 425 380 440 392 413 590 1712 605 443 599 602 443 386 413 434 410 434 1712 602 419 443 413 383 431 410 410 434 1712 602 395 431 602 419 410 359 365 407 590 1715 605 335 407 590 1715 605 347 440 365 425 1712 413 599 602 392 407 392 434 602 377 1961 602 416 590 428 434 413 440 464 392 416 1712 401 410 416 602 1712 413 470 410 419 326 422 1712 362 590 1712 398 374 1952 473 365 386 365 590 605 1715 437 392 440 422 392 419 428 431 428 416 407 410 419 443 404 425 431 422 410 371 449 431 407 347 386 416 452 419 410 425 449 434 428 413 419 425
470 401 470 482 470 497 458 503 395 449 389 485 476 515 467 494 482 395 437 389 488 473 482 320 326 389 0 455 485 482 473 452 428 419 332 308 314 323 314 488 254 230 305 260 446 401 404 425 428 341 377 350 461 296 368 383 350 470 311 326 362 467 392 335 419 254 284 473 362 467 284 407 347 365 461 380 500 434 407 389 428 452 332 374 290 413 212 314 374 290 236 395 374 329 359 230 251 374 404 197 401 251 374 488 446 470 494 512 461 320 473 458 422 464 449 497 443 443 374 314 401 350 227 419 488 488 482 179 491 419 230 419 464 278 326 422 317 527 482 476 530 536 452 455 404 455 461 314 389 473 488 254 299 401 398 278 347 473 425 407 374 401 371 407 374 311 365 347 443 344 251 251 425 398 377 245 254 410 257 353 350 458 293 434 407 398 320 272 281 398 365 362 281 407 374 401 251 401 398 323 350 386 401 305 251 374 398 278 383 386 272 320 287 305 251 374 398 293 299 398 392 266 479 404 287 407 374 401 419 287 407 374 401 392 368 278 302 374 302 401 398 392 374 353 386 398 404 386 398 290 407 374 296 338 332 335 287 380 374 305 305 350 404 374 410 329 338 350 434 317 374 422 407 374 389 425 386 389 425 440 404 407 401 374 359 431 434 335 314 401 377 236 368 311 449 365 299 254 353 389 446 422 344 467 305 290 362 509 368 320 425 395 347 428 356 368 335 383 395 386
470 413 425 461 422 449 425 443 458 425 413 455 473 449 473 431 458 446 428 419 440 434 458 377 344 398 455 0 488 452 419 398 422 404 356 323 407 398 407 449 353 341 359 350 437 464 461 410 449 356 401 407 413 365 374 389 368 437 371 389 398 428 389 359 428 350 383 413 389 452 383 434 368 392 434 425 461 437 443 395 479 428 365 392 332 455 263 395 392 332 347 392 392 425 350 323 326 392 404 302 404 326 392 413 443 473 431 446 434 401 446 452 389 470 449 485 452 434 398 407 458 398 353 428 434 458 455 272 467 404 371 404 413 338 329 395 338 437 434 449 461 455 458 458 383 464 419 344 398 455 440 356 386 458 407 329 371 440 407 398 398 407 410 398 398 374 404 350 446 380 317 332 422 398 380 341 335 479 338 389 344 395 323 416 398 407 335 317 320 404 419 368 368 398 398 407 341 458 407 425 365 362 437 335 326 398 407 329 422 362 323 404 347 335 326 398 407 374 371 407 401 362 431 443 347 398 398 407 416 347 398 398 407 377 407 344 371 398 359 458 407 389 416 392 410 407 416 392 407 368 398 395 347 404 404 341 317 392 398 362 344 386 461 398 479 362 404 422 410 383 398 437 398 398 404 425 386 413 434 407 443 398 407 398 365 428 428 392 353 410 428 308 413 383 395 395 338 311 341 425 434 410 374 440 344 338 419 401 377 356 428 428 395 410 401 377 362 386 401 395
491 458 482 506 476 491 473 497 458 398 437 485 455 494 464 485 506 440 431 398 506 482 506 311 308 326 485 488 0 440 473 443 407 374 311 293 338 308 338 488 260 221 329 311 452 401 422 410 479 305 422 386 404 314 338 464 305 470 293 368 383 473 380 335 377 287 266 476 368 479 266 416 386 329 473 440 461 434 461 440 443 431 335 311 239 413 191 371 311 239 263 395 311 383 320 233 278 311 443 221 383 278 311 470 479 467 491 488 497 320 530 479 464 482 503 512 473 446 368 338 434 365 245 428 512 521 503 182 473 389 251 389 401 326 269 416 284 494 509 506 491 515 443 443 389 449 434 302 329 482 524 269 314 434 365 281 356 476 458 389 311 365 389 389 314 347 356 386 440 323 266 272 419 395 395 227 272 464 281 374 317 389 272 449 389 365 323 248 269 458 392 344 287 389 311 365 236 434 365 344 311 362 416 296 278 314 365 284 377 362 296 320 317 296 278 314 365 305 323 365 401 296 479 461 320 389 314 365 425 320 389 314 365 473 347 359 308 311 302 434 365 386 359 386 401 365 413 317 365 371 389 398 296 380 332 311 302 377 314 347 347 371 434 311 464 314 380 374 455 308 314 464 389 314 449 446 329 347 467 470 461 389 365 314 344 494 434 329 320 449 383 203 368 344 416 341 278 269 329 362 449 410 320 437 269 275 404 494 356 338 437 368 377 413 377 329 335 380 386 359
485 443 485 602 470 626 479 488 440 443 449 614 581 497 581 518 602 467 470 416 491 494 602 380 335 413 482 452 440 0 437 434 470 428 389 365 374 353 374 620 320 290 332 329 464 419 446 440 449 344 410 404 455 350 365 458 350 431 350 371 428 473 428 377 416 338 320 440 422 464 320 443 404 365 479 398 500 419 446 383 437 470 353 401 326 440 260 371 401 326 293 413 401 413 344 299 323 401 404 293 407 323 401 458 464 500 482 503 449 380 467 428 443 449 467 506 458 449 419 374 476 365 290 431 446 515 488 242 479 479 347 479 404 332 341 425 350 482 479 488 506 530 461 485 383 470 422 356 416 470 488 296 338 476 416 377 368 470 452 431 401 410 425 431 404 347 365 353 446 365 311 302 455 455 395 308 305 446 302 374 353 440 275 428 431 416 320 323 266 401 422 356 377 431 401 410 281 476 416 377 350 395 449 353 323 404 416 323 443 395 296 362 338 353 323 404 416 338 338 416 416 347 503 434 338 431 404 410 452 338 431 404 410 428 377 365 341 401 362 476 416 359 431 407 386 416 416 407 416 341 431 422 326 425 410 371 302 371 404 347 368 383 482 401 446 341 425 422 416 341 404 446 431 404 416 470 404 380 449 440 434 431 410 404 389 437 434 365 347 440 395 278 407 374 401 368 320 323 338 386 467 455 365 440 317 308 389 455 350 356 422 395 395 464 404 383 350 404 401 410
440 425 476 467 485 455 431 452 404 443 407 452 461 443 458 440 467 413 443 404 476 449 467 362 320 410 473 419 473 437 0 410 485 359 368 350 338 353 338 455 338 281 350 326 431 374 368 434 443 353 383 377 404 317 386 446 371 434 359 377 389 428 386 338 416 287 332 389 389 455 332 392 383 374 404 422 497 380 413 398 422 422 425 413 323 407 248 338 413 323 323 401 413 314 389 296 323 413 395 248 404 323 413 458 392 413 437 452 464 335 425 383 398 380 440 440 440 425 401 338 407 371 266 416 422 449 458 245 455 416 287 416 428 317 353 446 320 464 434 434 464 467 446 446 338 452 389 332 410 404 482 308 323 407 389 308 347 515 434 365 407 386 401 365 404 338 353 341 422 347 293 305 398 401 401 278 305 401 296 368 326 446 260 449 365 389 323 311 290 335 392 332 353 365 407 386 305 407 389 392 350 353 419 329 323 404 389 344 395 353 332 350 314 329 323 404 389 311 329 389 413 263 473 401 314 365 407 386 356 314 365 407 386 371 401 380 335 407 305 407 389 368 359 395 398 389 383 410 389 308 365 377 326 368 377 368 314 353 404 305 344 374 404 407 401 326 365 347 377 341 404 401 365 404 419 467 413 392 404 431 401 365 386 407 377 392 443 368 332 356 404 254 407 368 404 359 314 293 332 404 419 434 374 452 329 320 362 458 362 365 419 377 341 395 410 311 350 434 389 380
413 383 398 461 425 434 395 398 407 446 359 446 446 401 446 383 461 449 389 398 368 413 461 410 374 395 452 398 443 434 410 0 407 1040 386 419 419 440 419 452 398 353 389 407 440 404 422 446 407 398 425 386 422 386 380 410 389 395 410 398 410 431 371 419 401 380 386 416 383 422 386 413 356 401 419 464 419 413 422 446 371 425 434 395 392 419 341 377 395 392 383 413 395 404 353 359 380 395 419 323 443 380 395 377 398 374 437 413 389 419 386 377 368 380 389 362 407 437 434 419 419 389 380 455 389 392 359 302 416 398 362 398 395 350 368 413 365 422 356 416 410 389 407 404 368 407 359 383 395 398 395 368 383 419 434 389 392 434 413 410 398 431 380 410 401 419 428 392 416 374 374 380 383 413 398 365 377 404 353 392 422 425 332 401 410 434 386 353 386 374 380 365 368 410 398 431 353 419 434 389 392 362 392 395 380 401 434 407 395 362 365 404 365 395 380 401 434 401 401 434 398 359 422 419 365 410 401 431 353 365 410 401 431 371 395 338 401 398 353 419 434 392 395 392 416 434 422 404 434 356 410 410 371 392 407 407 371 386 401 371 407 380 419 398 404 413 389 422 344 404 401 368 410 401 419 392 407 404 365 434 419 410 431 401 392 398 419 374 374 392 419 347 389 398 404 374 371 368 374 431 377 437 404 392 377 374 368 404 380 440 431 353 404 419 401 377 401 407 401 410
419 380 491 443 476 437 428 401 431 440 374 473 461 404 461 422 443 401 416 422 425 392 443 386 338 419 428 422 407 470 485 407 0 428 395 368 383 386 383 479 374 308 341 347 452 374 419 449 413 353 380 401 455 380 401 389 377 413 371 365 401 407 389 368 413 344 338 446 428 434 338 413 356 401 413 371 431 452 386 401 383 455 377 404 359 380 263 356 404 359 311 407 404 368 359 287 338 404 431 308 401 338 404 419 365 437 467 446 449 389 380 314 344 317 371 446 413 383 437 383 443 383 320 428 383 425 419 275 431 452 326 452 395 320 392 470 353 449 395 443 425 446 437 437 338 443 368 395 422 413 401 275 377 443 398 344 362 446 413 413 407 401 398 413 410 335 365 290 404 359 335 323 410 407 389 314 323 428 308 305 353 467 293 404 413 398 323 341 266 365 407 329 362 413 407 401 299 443 398 383 353 398 419 389 338 410 398 362 416 398 353 359 350 389 338 410 398 371 347 398 452 296 464 362 347 413 407 401 383 347 413 407 401 359 404 347 362 407 407 443 398 392 368 389 413 398 386 422 398 338 413 356 329 377 353 359 323 404 410 302 326 377 446 407 428 380 374 335 380 365 410 362 413 410 437 437 422 425 362 386 362 413 401 407 392 374 455 377 329 374 368 296 395 356 422 386 368 314 326 368 401 449 359 377 362 347 359 389 344 344 416 359 356 434 401 386 356 434 380 371
395 362 446 401 383 437 383 362 389 422 359 443 431 362 425 359 401 530 383 401 356 386 401 428 389 410 419 404 374 428 359 1040 428 0 422 419 374 398 374 446 398 359 404 392 431 431 377 431 392 386 392 392 458 416 410 431 380 389 422 356 431 398 395 404 422 380 371 401 371 431 371 440 371 404 386 377 410 428 416 425 359 419 431 407 386 404 368 395 407 386 398 398 407 455 398 338 368 407 383 350 458 368 407 374 359 392 416 365 380 392 368 329 320 320 368 326 386 401 422 374 419 389 362 386 320 383 344 305 359 413 371 413 407 368 380 428 407 389 365 392 365 383 404 398 350 407 407 446 407 407 368 356 371 419 383 401 410 374 404 431 410 389 404 431 407 353 389 365 380 371 377 368 365 377 368 380 368 389 347 407 377 407 335 359 431 383 365 407 356 317 380 407 374 431 410 389 398 419 383 386 383 368 422 437 368 407 383 398 425 368 383 443 335 437 368 407 383 365 419 383 401 392 383 389 338 431 410 389 347 338 431 410 389 320 416 350 437 410 392 419 383 368 398 377 410 383 365 416 383 356 431 395 389 398 398 419 389 422 407 389 371 416 419 410 389 404 398 389 356 443 407 377 431 407 425 428 413 416 377 374 389 431 389 410 395 365 419 386 392 398 395 374 386 392 413 371 404 362 428 398 386 434 386 359 374 386 344 389 386 377 395 392 368 401 392 413 386 380 371 374
392 356 371 371 317 407 389 371 380 413 353 401 419 302 419 329 371 413 380 410 290 359 371 419 428 422 332 356 311 389 368 386 395 422 0 440 437 407 437 395 425 398 419 422 380 434 389 395 386 449 404 452 416 395 413 425 443 371 425 392 422 335 434 437 380 425 383 377 401 362 383 392 374 413 419 401 380 398 395 395 377 434 434 425 416 383 410 401 425 416 455 431 425 383 413 428 455 425 362 443 437 455 425 314 341 365 353 311 371 383 344 353 317 320 332 299 326 368 434 437 392 437 398 398 302 335 326 371 335 410 428 410 422 380 419 422 410 311 344 341 326 341 356 371 368 338 374 428 419 380 323 410 422 392 392 377 443 386 356 425 428 392 389 425 431 428 386 344 404 434 422 431 389 383 449 419 428 365 383 416 410 374 425 395 425 392 422 413 428 329 404 380 401 425 428 392 422 392 392 446 386 368 407 419 455 431 392 419 404 368 398 422 356 419 455 431 392 425 428 392 377 398 368 371 359 425 428 392 347 359 425 428 392 317 380 404 431 428 425 392 392 362 368 395 422 392 395 419 392 437 425 488 434 428 446 428 398 380 431 434 407 431 392 428 365 413 428 404 290 452 431 371 425 431 404 356 413 461 371 377 371 425 392 428 428 407 392 431 449 383 425 410 401 410 362 443 398 419 386 419 365 392 428 374 416 410 383 320 383 416 410 386 419 413 392 407 374 425 404 395
284 287 368 359 365 371 329 290 341 437 347 353 377 284 371 314 359 368 326 389 263 353 359 470 395 440 308 323 293 365 350 419 368 419 440 0 401 932 401 356 470 407 428 452 371 383 362 413 350 425 386 383 413 413 392 401 422 371 464 392 431 380 401 428 401 440 401 362 389 365 401 389 440 461 347 356 356 389 380 395 341 401 461 431 437 368 473 383 431 437 434 416 431 410 407 464 404 431 362 416 446 404 431 287 269 338 332 293 260 428 239 242 242 242 257 266 287 398 410 401 416 449 434 401 236 287 269 398 302 401 443 401 371 410 446 398 434 341 281 344 299 308 365 380 350 341 329 440 440 281 284 371 437 416 395 449 401 305 365 389 431 398 374 389 431 383 389 344 395 410 407 410 365 401 392 422 413 347 413 383 458 422 410 326 389 395 428 440 449 329 356 377 446 389 431 398 467 416 395 443 392 356 398 452 404 431 395 494 389 356 449 449 413 452 404 431 395 440 428 395 362 431 362 341 410 389 428 398 287 410 389 428 398 257 401 380 431 431 452 416 395 377 332 383 413 395 365 449 395 347 389 383 407 425 464 446 431 401 431 395 374 389 416 431 347 425 431 401 275 437 431 326 389 431 428 371 449 461 329 374 341 389 398 428 404 332 392 443 419 365 419 437 425 383 383 380 467 395 431 380 344 380 413 401 437 443 410 311 392 455 374 413 407 383 404 413 416 377 374 407
347 311 365 338 314 410 329 371 383 368 404 404 404 296 404 341 338 428 362 416 278 371 338 410 419 755 314 407 338 374 338 419 383 374 437 401 0 434 2000 398 422 431 431 437 383 410 371 386 338 440 374 401 368 410 425 410 422 368 416 407 416 374 386 407 413 404 428 365 386 326 428 386 350 443 404 401 359 380 392 368 401 380 407 770 443 347 407 428 770 443 455 524 770 389 386 416 413 770 326 428 452 413 770 308 293 359 356 293 329 374 299 311 296 320 338 272 350 374 737 2000 545 428 437 383 257 284 293 407 317 365 434 365 398 395 410 389 404 308 311 323 314 335 380 341 395 344 356 452 755 350 323 395 392 545 455 389 407 329 344 515 770 452 410 515 767 413 383 392 398 383 401 416 374 401 383 413 416 380 407 404 407 431 407 332 515 455 404 458 452 335 383 395 407 515 770 452 428 545 455 416 416 392 383 437 413 767 455 422 419 392 431 440 389 437 413 767 455 392 404 455 362 416 317 311 389 515 770 452 341 389 515 770 452 314 422 371 419 770 416 545 455 398 374 395 407 455 362 752 455 422 515 416 386 380 434 389 407 404 767 392 389 401 545 770 380 437 380 416 347 422 767 338 515 767 350 353 761 455 341 302 311 515 452 770 404 404 386 398 407 374 416 416 413 413 377 386 425 389 377 410 413 395 407 344 413 416 383 323 383 395 398 380 428 380 410 419 386 443 398 410
314 302 356 353 329 374 359 317 404 401 326 374 371 344 362 293 350 398 335 416 272 353 350 467 398 425 323 398 308 353 353 440 386 398 407 932 434 0 434 368 437 386 398 437 395 371 350 392 353 452 365 392 431 407 455 395 443 347 458 434 413 347 446 425 419 392 398 368 392 350 398 425 374 428 356 347 407 362 380 386 332 419 455 425 464 374 437 404 425 464 458 434 425 410 428 395 422 425 356 407 467 422 425 284 242 323 365 311 254 413 260 236 248 239 266 269 320 389 425 434 398 440 404 380 254 284 269 407 296 392 470 392 380 407 452 446 416 341 290 380 299 338 383 371 383 329 356 452 425 326 317 401 440 398 401 428 413 329 413 398 425 401 392 398 425 416 374 344 380 377 422 413 371 407 377 419 410 380 419 356 428 419 380 323 398 401 446 449 422 305 377 362 401 398 425 401 434 398 401 404 422 353 410 464 422 425 401 455 389 353 416 467 404 464 422 425 401 431 440 401 413 413 359 326 404 398 425 401 269 404 398 425 401 269 401 338 431 425 443 398 401 347 365 416 377 401 371 428 401 347 398 407 431 410 452 422 431 422 425 401 395 401 401 425 380 428 413 398 275 431 425 320 398 425 377 377 419 449 323 335 326 398 401 425 386 341 407 440 407 416 398 422 383 416 413 371 458 404 401 413 332 425 392 365 428 437 362 326 374 398 374 353 380 422 407 401 419 401 359 422
347 311 365 338 314 410 329 371 383 368 404 404 404 296 404 341 338 428 362 416 278 371 338 410 419 755 314 407 338 374 338 419 383 374 437 401 2000 434 0 398 422 431 431 437 383 410 371 386 338 440 374 401 368 410 425 410 422 368 416 407 416 374 386 407 413 404 428 365 386 326 428 386 350 443 404 401 359 380 392 368 401 380 407 770 443 347 407 428 770 443 455 524 770 389 386 416 413 770 326 428 452 413 770 308 293 359 356 293 329 374 299 311 296 320 338 272 350 374 737 2000 545 428 437 383 257 284 293 407 317 365 434 365 398 395 410 389 404 308 311 323 314 335 380 341 395 344 356 452 755 350 323 395 392 545 455 389 407 329 344 515 770 452 410 515 767 413 383 392 398 383 401 416 374 401 383 413 416 380 407 404 407 431 407 332 515 455 404 458 452 335 383 395 407 515 770 452 428 545 455 416 416 392 383 437 413 767 455 422 419 392 431 440 389 437 413 767 455 392 404 455 362 416 317 311 389 515 770 452 341 389 515 770 452 314 422 371 419 770 416 545 455 398 374 395 407 455 362 752 455 422 515 416 386 380 434 389 407 404 767 392 389 401 545 770 380 437 380 416 347 422 767 338 515 767 350 353 761 455 341 302 311 515 452 770 404 404 386 398 407 374 416 416 413 413 377 386 425 389 377 410 413 395 407 344 413 416 383 323 383 395 398 380 428 380 410 419 386 443 398 410
470 452 515 749 530 1109 461 464 446 461 443 1988 929 473 929 458 752 443 476 440 485 500 752 395 350 422 488 449 488 620 455 452 479 446 395 356 398 368 398 0 308 317 371 335 485 461 443 437 443 383 416 389 443 323 410 467 401 503 359 383 413 503 404 380 431 320 332 467 407 464 332 476 416 410 452 407 530 458 446 449 461 443 380 413 356 461 263 383 413 356 344 449 413 377 374 329 368 413 419 272 446 368 413 470 449 515 509 464 455 362 431 419 452 419 470 512 470 467 458 398 452 404 305 488 476 527 482 245 497 485 308 485 431 344 383 470 359 530 458 479 512 509 482 497 425 485 431 377 425 446 488 296 320 452 452 356 401 494 473 461 413 455 437 461 419 371 422 389 437 353 326 344 443 410 455 308 344 410 311 362 416 458 302 437 461 452 365 329 284 434 413 356 362 461 413 455 299 452 452 383 368 404 458 365 368 419 452 368 458 404 347 392 329 365 368 419 452 362 386 452 467 308 503 431 329 461 416 455 497 329 461 416 455 416 401 374 356 413 362 452 452 398 380 422 425 452 416 428 452 371 461 434 332 416 386 365 329 410 419 365 377 410 449 413 410 377 413 431 416 359 419 422 461 419 458 467 416 407 422 455 431 461 455 416 398 446 461 341 374 416 401 275 410 365 452 425 347 317 365 425 437 470 380 458 380 377 386 476 365 353 437 377 401 500 404 380 368 446 401 413
260 281 293 290 260 338 281 281 362 350 305 305 314 257 311 275 290 356 338 407 215 317 290 464 464 446 254 353 260 320 338 398 374 398 425 470 422 437 422 308 0 521 488 494 338 407 362 374 326 491 383 389 380 431 437 398 446 311 449 428 398 326 419 422 389 467 476 329 386 287 476 347 383 479 347 341 335 347 380 386 305 389 461 455 500 389 512 404 455 500 521 434 455 416 458 509 431 455 338 470 425 431 455 230 266 251 269 248 233 428 254 254 191 251 224 215 263 341 407 422 362 464 527 356 164 239 167 470 245 386 506 386 356 434 419 371 455 215 257 254 230 260 338 353 377 299 317 449 443 305 290 479 431 362 401 422 416 245 344 422 452 407 389 422 452 374 395 383 356 419 452 437 359 359 341 464 434 353 488 413 449 368 485 350 422 401 446 467 464 317 374 395 437 422 452 407 473 362 401 455 398 368 380 449 431 452 401 491 395 368 455 449 461 449 431 452 401 422 443 401 371 473 287 329 458 422 452 407 254 458 422 452 407 239 362 347 449 452 473 362 401 359 371 401 350 401 365 458 401 410 422 431 479 404 491 482 470 419 452 437 443 386 365 452 353 449 407 425 266 464 452 284 422 452 350 329 446 464 281 290 329 422 407 452 413 350 362 470 416 362 446 551 413 434 377 398 485 464 434 404 311 389 473 329 479 491 374 272 398 422 383 395 440 368 416 440 437 383 416 434
269 284 290 242 230 302 281 260 374 350 317 314 293 173 299 209 242 350 308 380 125 302 242 440 455 407 230 341 221 290 281 353 308 359 398 407 431 386 431 317 521 0 467 524 317 419 374 365 290 458 362 410 347 461 410 356 437 305 437 416 371 275 410 404 389 482 515 314 413 242 515 356 341 413 353 344 281 308 359 395 350 332 440 419 488 353 479 407 419 488 470 446 419 377 383 482 488 419 317 539 431 488 419 179 245 227 251 209 203 434 281 230 221 248 239 158 233 332 395 431 386 440 500 314 161 164 125 473 236 347 515 347 344 455 425 320 473 158 221 233 143 176 281 293 371 248 317 410 413 266 260 485 401 386 383 413 404 227 287 350 419 389 332 350 419 398 371 347 341 461 479 494 320 335 326 488 494 431 470 407 476 302 500 314 350 383 446 512 476 323 359 374 422 350 419 389 503 386 383 440 392 347 353 425 488 419 383 461 386 347 440 422 443 425 488 419 383 443 446 383 317 485 242 341 434 350 419 389 293 434 350 419 389 248 383 377 425 419 443 386 383 359 395 404 362 383 371 407 383 431 350 449 461 395 443 470 473 359 419 419 446 389 383 419 431 464 395 434 248 425 419 278 350 419 332 272 389 449 278 287 341 350 389 419 419 299 332 422 407 356 413 563 398 449 338 410 461 527 368 389 326 338 467 287 488 506 452 221 377 458 329 371 404 362 431 413 449 380 425 383
332 356 341 344 284 383 338 329 377 377 374 374 368 284 371 347 344 398 365 386 227 359 344 425 458 461 305 359 329 332 350 389 341 404 419 428 431 398 431 371 488 467 0 500 377 422 410 413 350 464 407 392 371 434 428 413 407 356 455 419 395 353 467 494 434 446 464 362 422 314 464 344 422 440 413 395 365 338 440 404 359 377 464 431 446 401 434 446 431 446 449 440 431 407 449 500 425 431 380 467 440 425 431 302 311 293 317 281 269 425 350 290 287 299 353 242 287 365 422 431 395 464 449 377 266 284 248 425 344 392 470 392 398 425 416 353 449 242 314 284 233 275 347 329 350 317 371 443 464 359 302 458 437 395 395 419 422 311 332 413 428 386 386 413 428 392 356 386 359 431 419 431 392 401 443 440 434 398 422 428 425 401 473 353 413 395 449 467 449 347 392 413 389 413 428 386 491 395 395 467 413 359 395 440 425 428 395 452 401 359 392 416 422 440 425 428 395 440 446 395 353 443 314 365 425 413 428 386 317 425 413 428 386 296 407 419 440 428 434 395 395 350 401 404 401 395 374 452 395 431 413 461 452 368 458 512 461 392 428 428 416 407 395 428 398 470 368 458 305 449 428 353 413 428 377 368 449 485 353 383 365 413 386 428 428 380 374 422 413 392 425 488 443 434 404 419 458 464 386 404 395 386 443 359 464 470 416 320 395 407 407 386 458 368 422 440 461 410 398 425
278 287 320 302 254 377 341 296 374 347 365 335 323 224 326 257 302 362 359 410 173 335 302 428 437 419 260 350 311 329 326 407 347 392 422 452 437 437 437 335 494 524 500 0 347 422 362 392 332 479 359 398 389 473 416 419 431 356 497 464 416 344 449 443 410 506 494 347 419 299 494 383 389 455 365 374 338 329 401 428 350 341 473 452 476 356 485 428 452 476 479 425 452 422 428 500 458 452 359 509 437 458 452 272 275 284 287 221 245 464 287 242 248 281 257 206 260 353 422 437 368 464 518 386 173 230 212 431 266 380 488 380 383 482 428 344 467 215 281 296 233 236 341 314 353 287 341 440 416 296 299 497 461 368 407 446 413 284 347 392 452 401 389 392 446 416 386 398 365 428 497 482 413 389 377 500 485 383 488 434 446 332 455 314 392 407 440 497 479 338 365 413 431 392 452 401 524 368 407 452 431 383 389 443 458 446 407 458 386 383 440 461 455 443 458 446 407 434 434 407 347 470 293 359 452 392 449 401 323 452 392 449 401 254 431 377 470 452 455 368 407 347 362 455 392 407 368 431 407 422 392 440 449 398 482 509 467 395 446 455 431 428 365 452 383 473 401 446 290 476 446 314 392 446 380 338 410 461 311 335 359 392 401 449 458 341 359 455 434 398 434 536 413 437 359 413 467 491 419 407 344 365 425 338 482 485 434 275 389 467 392 440 434 389 422 428 452 413 428 392
437 446 452 461 461 461 467 455 404 437 434 485 488 452 482 428 461 425 470 443 449 449 461 389 383 443 446 437 452 464 431 440 452 431 380 371 383 395 383 485 338 317 377 347 0 455 461 419 464 389 416 398 410 347 413 455 347 446 389 389 425 443 395 404 434 344 356 407 398 452 356 413 389 383 446 407 437 425 425 419 389 428 416 449 377 425 296 368 449 377 365 419 449 401 368 335 350 449 413 296 407 350 449 446 428 494 467 452 419 359 422 392 413 404 422 476 443 422 452 383 446 404 323 452 434 422 434 290 479 431 356 431 419 350 368 425 359 497 431 500 428 431 440 440 416 494 458 410 440 434 431 332 335 446 389 365 386 434 428 434 452 392 383 434 458 386 410 365 464 365 347 353 431 419 395 323 353 419 320 398 380 428 299 446 434 389 347 350 341 419 419 350 353 434 452 392 320 446 389 389 359 410 407 407 350 458 389 368 431 410 365 428 344 407 350 458 389 371 353 389 410 326 443 401 344 434 455 392 419 344 434 455 392 404 392 383 329 452 368 446 389 383 431 395 407 389 401 446 389 371 434 389 371 404 416 368 344 422 458 326 374 404 449 452 419 383 404 398 410 332 458 428 434 458 407 428 443 392 431 443 401 434 392 455 410 443 437 374 353 416 398 323 416 398 401 374 359 332 362 407 410 431 380 413 353 341 368 431 368 374 425 401 389 428 422 380 392 410 407 368
380 410 386 434 365 437 413 422 428 422 395 458 431 395 431 383 434 434 407 425 380 413 434 383 449 446 401 464 401 419 374 404 374 431 434 383 410 371 410 461 407 419 422 422 455 0 470 476 452 437 431 434 407 425 413 416 425 446 386 395 431 440 368 449 398 416 392 401 422 398 392 449 365 413 446 386 443 449 419 431 419 410 401 431 404 467 368 401 431 404 392 398 431 458 377 383 371 431 407 377 413 371 431 383 407 392 428 407 368 392 383 440 410 446 404 410 392 440 401 410 422 452 407 401 377 380 353 377 410 419 410 419 413 398 422 365 380 377 395 413 395 404 431 392 422 398 422 419 446 431 395 413 383 422 368 419 452 347 404 419 431 374 401 419 431 374 419 410 443 431 368 383 404 401 383 380 386 434 371 398 422 404 419 425 419 368 431 380 392 437 407 359 386 419 431 374 368 422 368 422 440 389 434 431 371 431 368 368 476 389 407 404 383 431 371 431 368 332 428 368 368 410 437 428 389 419 431 374 404 389 419 431 374 362 383 335 425 431 404 422 368 386 416 395 431 368 461 443 368 452 419 467 395 410 407 407 416 419 431 401 389 440 422 431 434 419 407 437 413 452 431 431 419 431 413 398 440 434 428 416 428 419 374 431 428 440 452 392 353 440 404 401 431 434 392 449 386 398 425 398 395 413 410 410 398 392 398 386 428 395 404 425 434 410 443 419 407 425 449 419
428 416 434 455 410 422 404 446 434 416 374 446 443 401 446 410 452 407 410 434 395 407 452 368 398 380 404 461 422 446 368 422 419 377 389 362 371 350 371 443 362 374 410 362 461 470 0 401 395 371 401 380 383 356 410 410 377 434 389 401 407 410 359 377 395 368 338 431 407 416 338 425 380 350 446 416 407 389 422 413 419 422 374 371 371 449 269 386 371 371 383 407 371 428 353 341 371 371 374 341 404 371 371 443 422 398 419 410 404 386 458 437 416 428 431 428 395 425 401 371 419 407 347 404 389 407 422 320 479 410 356 410 410 386 383 401 344 416 467 437 395 413 455 410 386 422 386 359 380 416 437 332 356 419 374 404 380 368 401 419 377 377 398 419 374 362 398 344 416 407 338 368 422 368 395 332 365 428 359 392 350 416 383 416 419 374 395 350 362 401 416 365 356 419 377 377 359 419 374 410 380 407 380 359 371 374 374 329 416 407 320 401 344 359 371 374 374 311 353 374 386 368 440 407 344 419 374 377 419 344 419 374 377 419 383 362 341 377 344 419 374 365 413 380 428 374 434 386 374 386 419 449 362 410 365 410 359 407 374 362 398 365 419 377 428 389 410 407 428 344 374 410 419 374 446 413 377 365 410 398 407 419 377 374 374 458 446 392 371 401 407 365 389 398 362 386 344 371 392 377 404 431 371 392 392 383 440 404 404 398 428 389 401 422 425 386 371 383 401 392
425 383 449 437 416 410 425 395 401 413 410 440 440 413 446 398 437 431 389 395 380 392 437 425 392 425 425 410 410 440 434 446 449 431 395 413 386 392 386 437 374 365 413 392 419 476 401 0 407 365 428 401 440 368 413 458 392 461 398 413 413 428 401 392 422 395 380 458 392 455 380 401 380 416 410 440 437 470 422 413 416 443 428 395 380 419 344 422 395 380 371 398 395 416 404 335 377 395 395 332 443 377 395 479 395 422 422 407 392 398 413 374 383 410 377 377 410 398 431 386 410 455 359 416 344 401 395 338 407 386 359 386 392 392 410 398 377 398 401 422 395 410 425 395 362 431 419 410 422 440 407 377 380 410 386 392 404 398 410 437 398 380 431 437 395 389 404 377 401 386 389 371 422 419 437 395 371 437 353 419 395 431 359 422 437 386 392 344 377 371 404 365 341 437 398 380 353 410 386 386 410 404 416 410 377 395 386 380 416 404 368 404 407 410 377 395 386 389 398 386 404 335 443 419 407 437 398 380 365 407 437 398 380 374 383 371 398 398 398 410 386 365 392 404 467 386 386 425 386 395 437 392 365 395 422 404 398 437 395 383 377 419 413 398 437 413 395 413 404 395 395 371 437 395 452 410 428 440 371 425 419 437 380 398 380 422 434 398 395 437 440 371 395 386 419 431 386 344 398 413 428 428 377 413 380 374 377 440 395 404 428 404 434 440 395 416 458 434 413 395
476 437 467 482 437 431 434 476 428 419 407 440 449 461 455 461 485 422 509 374 485 452 485 335 359 395 428 449 479 449 443 407 413 392 386 350 338 353 338 443 326 290 350 332 464 452 395 407 0 350 422 398 407 356 386 413 347 461 350 365 389 401 341 392 377 326 335 410 398 446 335 434 371 374 455 398 464 470 431 407 443 470 335 389 329 440 272 359 389 329 329 395 389 374 377 275 323 389 416 248 368 323 389 437 482 413 461 497 491 377 455 458 434 443 452 476 434 431 368 338 431 389 284 434 467 473 479 242 482 452 305 452 419 326 302 419 314 470 446 461 482 470 437 461 386 449 428 362 395 491 485 317 332 431 374 338 365 443 428 401 392 368 401 401 389 350 395 362 449 338 317 314 431 431 410 311 314 449 293 389 359 416 347 491 401 374 344 290 284 410 386 332 377 401 392 368 269 431 374 368 344 347 476 353 323 389 374 320 419 347 311 347 314 353 323 389 374 314 335 374 443 359 467 389 314 401 392 368 425 314 401 392 368 440 401 374 344 392 335 431 374 365 401 380 407 374 443 383 374 350 401 389 317 425 347 335 332 389 389 374 344 404 431 392 449 368 425 404 467 350 389 458 401 389 416 410 380 368 455 473 389 401 368 392 380 428 440 365 326 404 392 281 392 353 365 350 347 296 356 383 395 413 332 470 344 341 395 461 380 371 446 407 383 443 392 380 362 404 395 377
329 350 362 329 317 374 344 329 368 434 368 377 377 287 377 284 329 377 383 404 260 356 329 494 446 446 341 356 305 344 353 398 353 386 449 425 440 452 440 383 491 458 464 479 389 437 371 365 350 0 413 422 392 407 443 434 467 368 1172 428 428 377 434 416 419 488 446 377 407 311 446 395 374 437 371 413 401 386 401 398 356 416 455 458 464 407 488 398 458 464 461 491 458 398 458 443 461 458 359 467 464 461 458 329 299 326 344 332 269 416 302 299 236 290 314 254 314 416 443 440 383 443 443 377 242 287 245 410 317 383 458 383 401 431 446 407 440 308 281 323 257 278 365 314 383 314 374 422 443 353 326 482 458 383 422 425 455 323 344 440 452 419 374 440 458 425 386 365 383 461 449 449 359 395 410 431 449 392 413 428 434 413 440 353 440 422 434 476 464 329 380 434 422 440 452 419 455 383 422 440 431 356 374 437 461 458 422 458 452 356 428 449 428 437 461 458 422 494 464 422 356 422 332 353 431 440 455 419 332 431 440 455 419 266 413 386 467 452 500 383 422 368 365 401 386 422 362 443 422 428 440 467 461 377 482 467 473 419 458 443 413 389 380 452 392 455 380 443 299 470 458 326 440 458 395 380 437 467 326 332 353 440 419 455 440 353 380 440 410 371 425 473 392 449 428 428 434 470 410 440 383 404 431 332 464 464 392 341 404 449 398 368 404 398 422 419 440 416 428 422
410 416 401 398 374 419 407 401 410 395 413 419 434 386 434 425 398 410 443 389 389 419 398 416 377 404 377 401 422 410 383 425 380 392 404 386 374 365 374 416 383 362 407 359 416 431 401 428 422 413 0 428 392 389 386 431 437 428 389 443 395 404 395 380 425 362 377 398 392 419 377 428 392 389 407 425 428 422 422 407 398 440 386 407 401 410 347 425 407 401 374 395 407 392 383 398 371 407 365 392 437 371 407 380 407 416 413 374 416 398 437 422 374 422 413 413 413 395 419 374 452 416 398 416 374 383 374 302 419 419 380 419 416 407 374 371 392 422 437 410 362 413 404 404 380 389 446 380 410 431 437 419 404 452 416 419 416 404 401 434 407 416 434 434 401 356 398 389 428 422 353 356 431 398 392 380 356 431 386 404 419 407 377 407 434 416 380 350 383 419 419 377 347 434 407 416 380 452 416 392 428 362 425 389 371 401 416 356 395 362 353 404 371 389 371 401 416 356 407 416 401 404 398 425 371 434 404 416 425 371 434 404 416 377 392 407 407 407 392 452 416 404 398 398 428 416 392 413 416 404 434 452 374 407 425 362 404 398 401 401 401 422 452 407 431 401 404 428 398 416 401 422 434 401 419 380 416 419 422 419 425 434 416 404 407 410 446 392 395 416 407 341 407 410 407 401 362 389 383 458 404 392 386 413 377 368 410 404 398 398 422 485 416 425 395 440 413 398 425 404
401 371 380 389 341 398 377 386 413 398 377 386 416 356 413 362 392 419 395 410 353 404 392 401 404 407 350 407 386 404 377 386 401 392 452 383 401 392 401 389 389 410 392 398 398 434 380 401 398 422 428 0 395 437 407 419 401 425 410 425 407 371 380 389 407 392 389 383 410 386 389 389 392 401 443 416 404 404 422 431 413 416 422 401 386 386 389 443 401 386 407 404 401 422 392 392 428 401 386 374 431 428 401 368 374 335 380 347 389 410 359 368 374 362 347 353 365 398 401 401 434 428 395 419 338 407 332 359 386 392 407 392 398 398 410 368 407 344 356 404 329 371 410 371 368 371 377 437 407 401 437 395 425 434 395 368 413 356 380 410 407 395 437 410 404 389 440 347 392 425 434 401 413 416 374 407 404 401 383 386 386 374 380 398 410 395 383 398 359 371 389 365 401 410 407 395 368 434 395 419 377 380 455 431 428 404 395 395 428 380 368 419 410 431 428 404 395 392 428 395 416 398 407 377 413 410 404 395 374 413 410 404 395 353 416 371 449 407 374 434 395 374 395 422 404 395 386 410 395 407 410 443 410 413 416 413 407 416 404 416 404 425 434 407 401 425 407 413 374 449 404 374 410 404 419 404 419 443 371 392 377 410 395 404 425 410 425 404 404 398 416 407 377 425 389 398 377 383 383 407 377 413 413 404 416 407 404 353 419 401 407 380 374 398 401 419 395 413 401 407
419 401 455 413 419 434 419 413 386 428 398 449 422 404 419 443 413 440 437 404 425 434 413 419 362 425 461 413 404 455 404 422 455 458 416 413 368 431 368 443 380 347 371 389 410 407 383 440 407 392 392 395 0 380 386 407 377 476 368 362 425 419 416 374 410 359 341 437 341 467 341 407 362 392 407 407 461 422 428 407 392 446 389 428 395 392 323 359 428 395 347 407 428 371 455 338 371 428 413 338 410 371 428 461 377 434 464 410 383 383 383 371 353 386 389 380 413 401 425 368 410 428 344 431 395 407 422 323 425 419 335 419 410 371 380 428 356 443 428 437 419 482 473 446 371 437 422 434 428 404 413 323 422 410 395 380 368 428 437 416 434 404 389 416 431 377 395 305 410 389 383 374 383 407 401 362 377 425 332 386 365 434 308 401 416 395 383 338 350 383 398 398 347 416 434 404 329 410 395 395 392 383 440 440 371 431 395 383 464 383 362 377 386 440 371 431 395 365 392 395 398 344 431 359 380 416 434 404 377 380 416 434 404 341 395 368 371 434 380 410 395 371 380 380 419 395 377 437 395 359 416 398 368 419 410 383 344 386 431 329 356 398 416 434 425 410 422 395 350 371 431 377 416 431 428 404 431 413 380 431 359 416 404 434 401 386 407 395 371 434 413 323 398 338 443 377 401 323 398 398 425 464 383 437 362 365 395 476 407 368 395 407 377 404 377 389 389 407 389 440
314 326 341 350 281 347 338 329 416 368 356 320 365 275 359 299 347 377 329 410 248 359 347 434 434 407 296 365 314 350 317 386 380 416 395 413 410 407 410 323 431 461 434 473 347 425 356 368 356 407 389 437 380 0 383 374 413 380 422 407 404 326 425 449 356 461 434 335 401 329 434 383 362 410 404 392 356 374 422 419 374 395 419 437 440 398 404 437 437 440 443 407 437 401 377 443 419 437 344 422 398 419 437 272 338 308 326 269 290 425 272 314 287 317 299 284 305 374 386 410 398 428 440 350 248 287 248 425 290 368 443 368 383 404 428 341 443 296 314 302 245 266 353 338 371 338 341 428 407 329 359 449 431 398 383 428 386 290 335 431 437 386 377 431 437 383 395 383 410 401 422 419 353 368 398 401 419 416 440 389 425 365 428 356 431 383 413 443 398 350 380 380 401 431 437 386 431 398 383 425 419 365 377 434 419 437 383 446 380 365 407 419 422 434 419 437 383 419 446 383 365 428 329 347 422 431 437 386 338 422 431 437 386 341 422 401 446 437 422 398 383 365 383 428 392 383 398 413 383 386 431 395 437 389 464 455 458 395 437 440 410 410 395 437 416 431 389 413 299 455 437 404 431 437 359 320 419 434 401 332 347 431 386 437 380 344 353 410 410 377 407 488 374 413 356 425 416 446 377 374 359 383 404 365 449 446 383 287 377 422 401 365 434 368 404 407 416 371 377 410
362 362 371 374 329 389 389 362 398 404 407 410 389 365 383 329 374 431 404 404 311 368 374 437 428 422 368 374 338 365 386 380 401 410 413 392 425 455 425 410 437 410 428 416 413 413 410 413 386 443 386 407 386 383 0 398 413 392 443 425 449 389 449 428 431 428 422 398 371 395 422 431 383 416 398 404 401 380 407 401 374 413 398 422 431 407 437 404 422 431 416 428 422 380 404 392 386 422 395 389 473 386 422 311 326 368 377 365 347 437 326 323 296 332 359 311 335 419 416 425 404 428 395 398 281 350 296 356 335 401 419 401 386 455 386 395 410 338 338 341 311 326 383 359 419 368 377 410 422 386 374 419 401 404 395 398 386 353 392 395 425 395 413 395 422 374 407 404 371 386 398 410 371 410 371 386 413 419 398 398 413 395 383 389 395 395 398 407 422 395 443 392 395 395 425 395 422 404 395 431 419 365 404 404 386 422 395 455 407 365 413 407 401 404 386 422 395 419 413 395 380 398 371 362 401 395 422 395 347 401 395 422 395 326 377 383 413 425 443 404 395 383 422 428 416 395 389 431 395 422 395 428 404 395 425 440 422 407 422 383 428 407 404 425 419 425 398 434 341 413 422 356 395 422 422 368 431 401 359 356 362 395 395 422 419 413 401 410 374 410 401 416 395 380 398 380 404 416 392 398 356 422 407 386 410 410 407 350 428 437 410 416 428 410 398 413 413 434 428 383
431 398 452 443 431 446 446 404 455 440 392 461 485 422 479 410 446 440 443 437 422 422 446 440 398 446 383 389 464 458 446 410 389 431 425 401 410 395 410 467 398 356 413 419 455 416 410 458 413 434 431 419 407 374 398 0 383 467 398 380 401 455 425 425 428 398 383 434 422 419 383 443 395 413 461 404 446 437 449 455 422 428 422 446 395 422 356 395 446 395 401 413 446 410 392 389 374 446 377 365 434 374 446 422 380 416 437 395 404 431 392 419 377 419 389 401 410 440 455 410 458 482 392 410 374 392 395 332 407 401 386 401 404 422 410 416 416 410 425 437 413 437 434 401 401 455 425 401 443 392 422 407 347 458 416 401 428 419 407 437 452 425 437 437 449 413 410 404 455 392 386 386 419 419 440 368 386 419 380 416 416 449 356 446 437 416 422 416 389 404 410 392 347 437 452 425 383 458 416 428 407 371 425 398 374 449 416 386 434 371 389 407 392 398 374 449 416 404 407 416 416 359 419 422 398 437 449 425 386 398 437 449 425 365 422 362 380 452 392 458 416 368 401 389 428 416 383 443 416 392 437 416 389 383 443 401 389 410 449 383 392 416 455 452 419 422 383 413 392 383 449 404 437 449 458 431 437 437 407 443 422 437 425 449 401 431 419 407 386 413 440 377 428 377 413 392 392 401 410 443 383 458 404 425 416 425 404 416 431 410 428 422 410 422 434 410 395 446 422 407
350 380 374 350 326 380 359 383 434 407 383 404 386 332 380 332 350 422 377 422 293 371 350 428 440 416 350 368 305 350 371 389 377 380 443 422 422 443 422 401 446 437 407 431 347 425 377 392 347 467 437 401 377 413 413 383 0 356 452 1586 431 374 383 428 410 416 401 374 392 335 401 401 416 428 404 422 407 374 398 395 413 389 404 422 434 404 449 428 422 434 437 413 422 368 410 446 419 422 398 428 431 419 422 311 350 332 362 347 362 422 353 344 320 326 329 335 335 407 410 422 404 392 440 410 269 338 290 377 335 416 443 416 389 428 416 392 437 293 344 359 281 302 356 365 410 350 356 407 413 368 356 434 434 404 395 386 434 335 383 419 419 404 440 419 425 434 404 332 392 434 416 428 392 353 377 437 431 362 437 431 422 401 422 368 419 395 425 425 392 335 422 410 422 419 419 404 434 404 395 479 416 380 389 419 419 425 395 416 422 380 419 443 431 419 419 425 395 401 431 395 404 449 347 404 431 419 422 404 377 431 419 422 404 320 389 395 437 419 473 404 395 359 416 428 410 395 419 416 395 431 419 422 422 431 431 407 425 389 425 434 398 398 407 419 362 416 428 443 290 443 425 368 419 425 407 350 416 416 365 293 404 419 404 422 416 377 395 419 437 386 425 449 398 410 341 371 422 413 368 416 374 410 413 353 449 461 404 272 401 401 407 368 407 392 446 395 380 419 398 404
440 431 449 449 461 464 431 467 434 440 422 506 467 488 473 458 449 416 410 401 431 452 449 377 341 389 470 437 470 431 434 395 413 389 371 371 368 347 368 503 311 305 356 356 446 446 434 461 461 368 428 425 476 380 392 467 356 0 341 392 374 431 386 377 431 350 338 416 359 458 338 434 365 380 449 410 467 443 434 410 464 443 395 386 341 419 275 431 386 341 308 383 386 383 365 374 344 386 419 293 413 344 386 452 416 443 479 455 461 389 467 461 437 443 455 431 446 455 422 368 422 404 302 440 440 470 434 278 452 422 332 422 395 380 383 401 356 452 470 470 446 464 446 458 422 425 443 374 392 437 449 323 341 422 386 365 425 461 428 410 386 389 440 410 386 371 401 350 428 404 332 338 395 410 395 314 335 416 335 380 374 416 314 428 410 386 359 338 338 413 386 365 317 410 386 389 299 422 386 401 383 389 434 377 344 386 386 323 440 389 335 368 353 377 344 386 386 335 368 386 416 344 455 401 350 410 389 389 404 350 410 389 389 401 398 365 359 386 335 422 386 419 398 410 395 386 443 398 386 371 410 416 371 407 389 365 377 395 386 332 368 380 425 386 416 374 410 437 425 365 386 431 410 386 434 425 389 395 431 470 401 410 389 389 386 431 446 383 338 419 392 284 383 386 443 410 356 350 374 380 431 422 371 410 338 332 419 491 407 338 452 434 383 443 404 374 386 440 422 377
308 320 368 326 320 377 353 332 353 389 347 356 377 302 377 302 326 392 371 389 272 353 326 464 440 410 311 371 293 350 359 410 371 422 425 464 416 458 416 359 449 437 455 497 389 386 389 398 350 1172 389 410 368 422 443 398 452 341 0 461 446 371 449 440 386 443 461 344 410 338 461 389 392 410 386 377 377 377 386 386 353 398 452 443 467 389 449 440 443 467 452 446 443 425 422 470 428 443 344 473 458 428 443 281 299 344 341 314 278 428 296 284 260 275 305 290 299 383 416 416 410 452 479 416 230 269 233 407 326 368 464 368 374 392 416 389 449 302 302 350 275 278 365 356 371 311 338 464 410 320 302 473 479 410 404 410 434 305 356 425 443 413 383 425 440 422 428 347 359 416 437 428 368 365 389 449 428 386 452 446 446 386 437 350 425 404 458 464 443 317 404 434 440 425 443 413 488 410 404 428 398 368 398 467 428 440 404 470 407 368 443 476 380 467 428 440 404 422 443 404 353 449 284 356 380 425 440 413 329 380 425 440 413 302 416 380 455 443 440 410 404 359 392 392 386 404 365 413 404 410 425 434 491 392 473 464 449 410 440 461 443 419 413 443 386 455 389 428 281 461 440 317 425 440 392 359 416 452 314 332 356 425 413 440 437 374 368 443 407 395 443 497 413 395 356 380 452 422 428 395 341 389 425 335 431 437 419 269 410 464 392 407 413 407 407 389 428 425 443 404
350 374 377 356 353 395 350 404 410 383 425 383 386 320 392 290 356 395 359 443 320 359 356 410 413 431 326 389 368 371 377 398 365 356 392 392 407 434 407 383 428 416 419 464 389 395 401 413 365 428 443 425 362 407 425 380 1586 392 461 0 431 368 419 413 413 401 410 353 416 365 410 392 437 401 401 386 332 350 425 410 362 428 404 392 425 404 407 434 392 425 410 416 392 428 407 431 431 392 371 416 440 431 392 326 353 350 359 326 362 404 338 329 320 338 380 326 347 392 440 407 410 416 440 410 281 341 311 371 311 395 428 395 386 428 404 386 431 317 359 338 344 347 398 389 410 365 350 407 428 386 353 410 446 410 368 368 392 326 437 371 392 374 410 371 389 413 404 335 368 419 422 422 404 356 380 416 425 392 404 407 410 380 398 407 371 368 425 416 386 335 413 374 431 371 392 374 410 410 368 431 386 347 416 413 431 389 368 425 401 347 422 428 419 413 431 389 368 374 440 368 416 443 377 416 416 371 389 374 344 416 371 389 374 329 377 467 410 392 437 410 368 368 419 380 422 368 410 419 368 428 371 443 422 416 431 443 380 437 389 401 416 422 413 392 392 395 416 401 326 410 389 395 371 389 395 374 419 419 392 350 416 371 374 389 407 365 404 428 437 401 440 422 413 413 353 374 392 407 389 404 347 404 440 383 410 419 401 308 386 410 428 407 386 389 452 416 416 383 389 404
413 404 434 398 374 422 395 395 407 413 437 410 392 398 392 344 401 419 401 419 371 389 401 428 410 416 362 398 383 428 389 410 401 431 422 431 416 413 416 413 398 371 395 416 425 431 407 413 389 428 395 407 425 404 449 401 431 374 446 431 0 407 407 419 383 407 389 395 431 377 389 413 377 413 419 395 392 392 425 413 383 425 413 428 428 416 353 401 428 428 401 401 428 407 407 371 431 428 398 386 425 431 428 347 344 410 398 377 389 401 362 374 362 347 362 353 383 410 401 416 434 398 467 437 329 359 380 344 383 407 404 407 413 398 392 392 437 380 368 404 383 374 398 395 407 371 386 422 410 398 386 389 389 434 401 413 413 380 407 407 428 404 434 407 428 407 440 356 398 422 401 416 395 398 416 371 413 431 386 425 371 404 368 416 407 401 398 404 386 374 395 350 431 407 428 404 392 434 401 434 386 383 410 419 431 428 401 407 392 383 383 419 380 419 431 428 401 401 422 401 431 404 458 413 380 407 428 404 389 380 407 428 404 368 398 419 407 428 389 434 401 365 431 395 380 401 383 416 401 422 407 419 401 437 419 434 410 395 428 413 395 410 434 428 431 419 434 443 332 401 428 416 407 428 416 398 416 407 416 383 413 407 404 428 389 413 398 446 431 410 437 431 401 410 380 347 383 383 410 410 377 443 425 419 401 401 398 383 398 443 425 383 413 419 443 398 413 395 413 404
476 407 470 434 455 455 431 464 407 437 449 497 476 455 476 461 434 476 416 398 500 455 434 341 341 365 467 428 473 473 428 431 407 398 335 380 374 347 374 503 326 275 353 344 443 440 410 428 401 377 404 371 419 326 389 455 374 431 371 368 407 0 380 386 392 323 323 434 401 422 323 434 398 395 419 413 464 416 419 395 407 416 392 365 326 431 275 395 365 326 293 398 365 389 353 311 326 365 404 302 434 326 365 461 407 461 446 446 482 380 464 422 413 419 443 482 452 443 389 374 410 401 320 467 443 473 485 263 473 422 305 422 446 317 356 422 329 461 458 467 488 476 440 443 374 482 419 374 371 431 440 314 344 410 401 329 404 413 404 413 362 404 401 413 362 380 401 383 416 365 314 308 446 425 425 296 311 407 308 389 380 476 323 428 413 401 335 311 305 401 395 377 347 413 362 404 314 410 401 398 353 368 386 368 326 362 401 359 416 368 338 392 335 368 326 362 401 335 353 401 401 356 473 458 329 413 365 404 446 329 413 365 404 374 365 362 377 362 350 410 401 365 404 407 398 401 380 374 401 356 413 392 344 365 407 374 314 389 362 338 389 374 413 362 407 377 362 404 419 386 362 419 413 362 419 440 368 380 419 419 458 413 404 365 392 437 425 362 350 410 419 275 398 338 422 350 350 290 359 413 422 449 368 488 386 389 374 458 374 371 410 386 365 395 413 377 344 410 434 377
326 335 413 362 377 368 404 359 407 398 362 401 392 338 389 401 365 404 389 419 302 401 365 425 404 434 392 389 380 428 386 371 389 395 434 401 386 446 386 404 419 410 467 449 395 368 359 401 341 434 395 380 416 425 449 425 383 386 449 419 407 380 0 428 401 428 404 374 431 347 404 410 392 416 404 392 392 353 431 395 344 410 431 455 443 365 410 386 455 443 401 470 455 392 380 380 404 455 368 428 440 404 455 362 347 347 353 335 386 434 353 314 269 326 305 281 299 356 416 386 449 395 401 389 272 335 335 404 383 392 419 392 419 383 371 365 437 338 362 347 293 359 398 377 377 341 386 401 431 350 368 428 386 449 377 377 380 380 356 419 449 374 377 419 452 368 365 395 359 416 395 395 407 434 416 440 398 455 410 422 401 389 368 380 419 377 407 449 428 305 410 389 368 419 449 374 407 449 377 401 398 368 419 398 404 452 377 416 419 368 389 410 374 398 404 452 377 425 404 377 377 383 362 404 371 419 452 374 287 371 419 452 374 299 404 377 407 449 401 449 377 350 371 371 404 377 359 440 377 419 419 392 416 362 425 416 425 362 452 398 389 401 446 449 455 413 362 407 353 398 452 359 419 452 401 404 431 461 359 362 404 419 374 452 398 410 392 419 416 386 401 389 416 392 398 428 419 398 365 380 443 398 416 383 407 407 398 332 407 410 392 386 425 407 395 383 422 434 389 380
338 362 392 371 332 401 368 341 386 419 392 380 407 338 401 317 371 398 365 386 293 368 371 431 389 425 335 359 335 377 338 419 368 404 437 428 407 425 407 380 422 404 494 443 404 449 377 392 392 416 380 389 374 449 428 425 428 377 440 413 419 386 428 0 398 470 428 386 386 386 428 446 425 440 389 377 395 413 410 431 344 437 428 461 461 389 446 383 461 461 431 422 461 380 443 431 434 461 353 407 425 434 461 326 326 332 380 362 317 386 335 302 308 302 323 311 335 398 428 407 404 431 443 401 299 338 299 386 332 407 422 407 392 386 434 431 440 323 311 350 332 323 374 329 362 362 389 425 425 395 326 401 428 404 380 431 446 353 362 455 461 392 374 455 461 425 359 365 419 383 413 416 386 383 410 434 416 383 383 398 407 410 431 374 455 380 434 449 410 386 392 389 386 455 461 392 425 404 380 425 383 389 404 425 434 461 380 422 386 389 395 422 380 425 434 461 380 410 434 380 365 419 359 380 383 455 461 392 362 383 455 461 392 320 386 374 437 461 413 404 380 359 359 422 386 380 413 434 380 389 455 416 440 389 446 440 413 377 461 416 383 389 407 461 383 407 392 413 335 446 461 362 455 461 386 374 425 461 362 347 380 455 392 461 434 380 380 395 407 398 437 449 422 413 356 404 473 452 368 404 356 425 410 380 425 413 395 329 377 476 365 383 398 416 401 407 416 416 407 401
389 386 419 431 401 419 398 404 404 401 383 428 419 377 419 395 431 389 410 419 317 407 431 413 368 422 419 428 377 416 416 401 413 422 380 401 413 419 413 431 389 389 434 410 434 398 395 422 377 419 425 407 410 356 431 428 410 431 386 413 383 392 401 398 0 392 371 428 377 416 371 404 362 416 416 395 458 389 443 410 416 422 404 410 410 455 377 392 410 410 371 413 410 383 380 386 377 410 401 365 440 377 410 371 398 407 446 374 350 398 347 383 338 374 383 374 362 431 386 413 401 422 377 428 314 380 356 326 401 413 383 413 371 395 401 401 416 374 392 428 383 416 389 440 386 401 407 389 428 386 404 413 416 401 419 404 419 389 407 407 410 419 413 407 413 377 383 365 413 434 371 371 422 434 365 392 374 422 380 398 404 401 380 380 407 419 389 410 359 356 404 431 368 407 410 419 407 401 419 410 419 401 392 395 377 413 419 401 380 401 407 419 440 395 377 413 419 419 404 419 407 389 386 404 443 407 410 419 353 443 407 410 419 371 416 365 383 410 392 401 419 377 404 395 410 419 365 419 419 419 407 413 356 395 419 404 389 377 413 365 443 389 401 410 422 419 398 410 377 383 413 365 407 413 413 407 422 455 362 383 404 407 419 410 434 425 413 407 389 425 440 386 380 404 422 362 398 389 410 416 356 407 383 413 389 395 425 434 374 377 404 443 380 443 416 398 590 401 389 455
287 293 308 293 257 350 323 260 332 347 347 326 311 242 302 293 293 398 350 407 179 332 293 482 452 440 254 350 287 338 287 380 344 380 425 440 404 392 404 320 467 482 446 506 344 416 368 395 326 488 362 392 359 461 428 398 416 350 443 401 407 323 428 470 392 0 476 332 404 338 476 386 380 422 359 413 311 341 401 374 362 371 446 455 467 374 488 419 455 467 485 440 455 431 404 461 470 455 314 473 452 470 455 239 269 296 287 218 215 431 260 281 227 263 257 206 230 356 422 404 380 419 488 353 191 224 194 455 269 374 485 374 347 428 455 362 476 215 236 272 209 230 323 302 344 290 356 437 443 311 248 470 419 380 422 401 416 311 308 392 455 419 353 392 452 410 371 410 365 452 464 455 353 359 347 473 455 377 479 395 431 341 482 353 392 422 446 491 455 320 407 413 407 392 455 419 500 380 422 470 422 335 371 449 470 452 422 446 404 335 428 455 425 449 470 452 422 401 467 422 332 464 293 317 425 392 452 419 293 425 392 452 419 266 377 356 458 455 455 380 422 362 359 404 380 422 374 428 422 416 392 437 467 395 425 479 455 389 452 437 413 401 380 455 377 446 398 449 272 455 452 302 392 452 338 338 428 443 299 305 317 392 419 452 401 335 365 434 422 389 419 518 371 413 329 419 455 500 416 431 356 371 419 314 470 458 374 275 404 467 362 395 446 368 407 419 455 392 395 413
305 326 335 296 254 350 317 305 341 380 329 338 356 242 356 251 296 377 338 383 191 323 296 446 446 449 284 383 266 320 332 386 338 371 383 401 428 398 428 332 476 515 464 494 356 392 338 380 335 446 377 389 341 434 422 383 401 338 461 410 389 323 404 428 371 476 0 350 404 287 2000 344 359 392 371 368 320 332 386 368 347 356 428 473 452 347 425 437 473 452 461 455 473 374 395 470 443 473 341 473 422 443 473 269 272 284 272 269 263 428 284 278 215 275 275 212 254 323 407 428 392 422 479 320 194 239 200 449 272 395 470 395 332 395 410 332 470 209 242 269 209 254 332 317 368 269 383 452 455 308 287 452 401 392 431 395 392 275 335 392 467 431 356 392 470 401 359 359 365 452 446 446 344 380 371 434 449 407 449 398 452 341 449 299 392 431 422 461 446 320 383 401 371 392 467 431 473 392 431 422 407 395 365 461 443 470 431 434 386 395 434 425 437 461 443 470 431 419 440 431 347 434 269 329 437 392 470 431 317 437 392 470 431 266 368 359 413 467 428 392 431 395 392 359 392 431 347 440 431 464 392 410 440 365 437 470 488 407 470 398 425 365 389 467 407 434 362 416 290 413 470 275 392 470 353 323 440 467 275 290 329 392 431 470 398 344 380 401 401 377 359 494 386 440 353 425 413 458 368 395 374 332 434 311 458 458 416 266 404 452 344 359 416 392 419 395 464 398 383 374
440 434 461 452 416 410 443 443 392 422 416 467 425 440 425 422 449 422 425 437 440 425 449 356 389 380 473 413 476 440 389 416 446 401 377 362 365 368 365 467 329 314 362 347 407 401 431 458 410 377 398 383 437 335 398 434 374 416 344 353 395 434 374 386 428 332 350 0 389 425 350 422 377 377 431 422 431 422 425 377 410 428 356 362 329 413 308 380 362 329 311 386 362 362 362 347 335 362 422 323 407 335 362 458 389 458 428 425 428 383 425 413 398 416 449 443 419 395 404 365 419 407 344 434 446 446 452 281 434 404 350 404 452 326 347 401 335 446 446 461 416 446 407 416 389 407 437 401 380 410 464 365 377 419 392 395 359 413 398 410 365 392 383 410 365 368 449 311 443 398 338 332 425 383 407 335 335 416 332 404 365 422 305 416 410 392 377 308 329 362 419 395 344 410 365 392 353 419 392 398 350 353 434 401 335 365 392 353 434 353 368 329 371 401 335 365 392 332 380 392 455 356 419 416 371 410 365 392 419 371 410 365 392 365 368 359 350 365 389 419 392 371 377 401 410 392 407 368 392 371 410 416 338 410 386 365 329 401 365 335 332 377 425 365 416 365 410 401 377 371 365 437 410 365 413 416 371 407 443 425 416 410 392 365 407 431 404 338 374 404 377 305 380 368 431 395 317 314 341 383 422 455 368 401 371 344 380 428 362 380 416 392 419 410 365 416 347 377 368 401
392 380 413 407 365 413 389 395 413 386 365 407 443 374 443 356 407 410 365 374 350 404 407 401 395 410 362 389 368 422 389 383 428 371 401 389 386 392 386 407 386 413 422 419 398 422 407 392 398 407 392 410 341 401 371 422 392 359 410 416 431 401 431 386 377 404 404 389 0 350 404 389 485 425 413 413 392 401 434 443 365 383 413 425 416 407 368 389 425 416 386 395 425 395 413 401 386 425 413 371 392 386 425 371 341 359 383 380 338 365 347 329 323 320 341 326 338 398 467 386 440 413 383 416 335 374 335 359 356 395 383 395 413 368 401 407 389 365 350 371 356 395 377 383 380 356 356 380 413 374 365 350 386 440 371 377 386 350 365 407 431 371 401 407 428 398 371 350 395 371 380 389 386 365 404 344 389 395 377 392 356 410 368 386 407 371 383 416 353 362 383 335 425 407 431 371 422 440 371 470 374 338 392 389 386 428 371 374 443 338 389 389 395 389 386 428 371 353 431 371 401 383 416 386 398 407 428 371 365 398 407 428 371 344 392 368 425 431 401 440 371 374 365 386 392 371 410 410 371 377 407 383 371 428 446 404 389 383 428 371 419 410 443 431 395 413 428 368 371 428 428 374 407 428 392 407 407 398 374 347 386 407 371 428 386 404 389 401 395 377 407 371 428 386 338 389 359 392 326 380 380 392 395 362 377 371 395 359 350 413 386 368 395 389 395 368 395 404 374 398
479 473 461 485 500 452 491 485 389 461 437 467 479 491 485 467 485 401 470 404 512 467 485 353 329 395 467 452 479 464 455 422 434 431 362 365 326 350 326 464 287 242 314 299 452 398 416 455 446 311 419 386 467 329 395 419 335 458 338 365 377 422 347 386 416 338 287 425 350 0 287 458 395 347 419 404 485 425 434 428 410 440 389 377 299 422 224 323 377 299 287 383 377 368 344 284 308 377 410 260 383 308 377 461 464 443 560 479 440 362 452 473 458 461 428 515 461 449 425 326 446 356 293 458 491 491 494 212 476 428 314 428 413 323 326 395 299 509 476 488 527 539 440 467 401 509 386 371 392 446 485 266 353 446 386 323 344 440 422 413 377 392 413 413 380 338 389 314 446 344 302 299 449 398 407 275 302 443 278 362 314 443 290 449 413 386 314 269 233 410 392 353 362 413 377 392 284 446 386 353 320 347 446 365 308 380 386 302 416 347 311 374 326 365 308 380 386 338 326 386 422 305 500 455 329 413 380 392 425 329 413 380 392 431 404 365 347 377 329 446 386 353 380 398 416 386 419 383 386 341 413 368 314 401 359 317 287 377 380 326 347 374 449 377 443 329 398 353 422 356 380 443 413 380 449 467 395 401 446 452 455 413 392 380 341 437 440 326 359 392 404 233 377 326 407 389 326 284 329 380 431 449 353 461 281 281 362 509 350 332 422 392 368 392 389 392 341 410 410 365
305 326 335 296 254 350 317 305 341 380 329 338 356 242 356 251 296 377 338 383 191 323 296 446 446 449 284 383 266 320 332 386 338 371 383 401 428 398 428 332 476 515 464 494 356 392 338 380 335 446 377 389 341 434 422 383 401 338 461 410 389 323 404 428 371 476 2000 350 404 287 0 344 359 392 371 368 320 332 386 368 347 356 428 473 452 347 425 437 473 452 461 455 473 374 395 470 443 473 341 473 422 443 473 269 272 284 272 269 263 428 284 278 215 275 275 212 254 323 407 428 392 422 479 320 194 239 200 449 272 395 470 395 332 395 410 332 470 209 242 269 209 254 332 317 368 269 383 452 455 308 287 452 401 392 431 395 392 275 335 392 467 431 356 392 470 401 359 359 365 452 446 446 344 380 371 434 449 407 449 398 452 341 449 299 392 431 422 461 446 320 383 401 371 392 467 431 473 392 431 422 407 395 365 461 443 470 431 434 386 395 434 425 437 461 443 470 431 419 440 431 347 434 269 329 437 392 470 431 317 437 392 470 431 266 368 359 413 467 428 392 431 395 392 359 392 431 347 440 431 464 392 410 440 365 437 470 488 407 470 398 425 365 389 467 407 434 362 416 290 413 470 275 392 470 353 323 440 467 275 290 329 392 431 470 398 344 380 401 401 377 359 494 386 440 353 425 413 458 368 395 374 332 434 311 458 458 416 266 404 452 344 359 416 392 419 395 464 398 383 374
422 407 428 440 452 458 455 395 416 422 413 473 470 470 473 386 437 449 440 392 416 416 437 416 374 416 407 434 416 443 392 413 413 440 392 389 386 425 386 476 347 356 344 383 413 449 425 401 434 395 428 389 407 383 431 443 401 434 389 392 413 434 410 446 404 386 344 422 389 458 344 0 407 389 449 392 461 446 434 428 422 467 404 422 368 425 344 437 422 368 380 395 422 389 404 353 362 422 410 305 431 362 422 404 392 452 425 458 428 422 392 383 395 380 413 413 455 422 416 386 419 404 362 428 401 434 428 287 410 422 359 422 398 365 365 407 362 464 422 434 404 449 461 473 407 446 449 410 410 404 425 338 368 419 404 422 365 431 386 413 419 395 416 413 422 359 416 398 482 398 344 359 383 386 413 365 359 434 350 362 380 425 323 419 413 404 389 356 341 413 416 386 401 413 419 395 383 419 404 398 389 398 443 410 362 422 404 401 401 398 359 389 353 410 362 422 404 386 404 404 422 341 440 413 347 413 422 395 395 347 413 422 395 386 389 410 371 419 383 419 404 434 395 383 413 404 416 416 404 359 413 416 368 398 392 374 350 389 422 377 389 407 422 419 434 386 398 389 401 374 422 413 413 422 440 476 410 392 419 395 413 413 395 422 434 446 425 389 392 407 446 347 461 425 392 368 383 350 356 410 413 416 389 413 365 359 401 443 386 395 413 395 404 449 404 404 350 431 392 383
365 362 383 407 401 404 395 413 422 383 413 413 398 362 398 344 404 401 356 374 326 371 404 398 377 377 347 368 386 404 383 356 356 371 374 440 350 374 350 416 383 341 422 389 389 365 380 380 371 374 392 392 362 362 383 395 416 365 392 437 377 398 392 425 362 380 359 377 485 395 359 407 0 392 419 386 383 395 386 422 365 374 398 377 359 410 353 407 377 359 350 395 377 350 380 383 386 377 368 356 398 386 377 359 347 389 371 365 350 368 347 371 371 389 359 341 356 398 419 350 401 368 368 377 362 371 335 299 380 401 362 401 401 377 371 371 371 359 347 380 374 392 368 398 335 353 326 368 380 353 386 353 377 401 356 383 338 356 380 374 371 353 404 374 371 377 347 353 347 341 395 374 380 338 389 335 374 392 362 401 353 449 407 395 374 356 383 398 344 356 371 377 392 374 371 353 371 401 356 440 356 314 431 368 386 371 356 365 368 314 377 386 332 368 386 371 356 347 377 356 359 380 383 392 329 374 371 353 329 329 374 371 353 380 386 416 362 371 392 401 356 341 341 377 341 356 398 377 356 344 374 395 371 401 422 401 347 374 371 419 413 407 401 371 392 362 401 374 359 362 371 365 374 371 386 374 386 374 365 395 392 374 353 371 368 377 395 398 368 359 455 365 395 344 344 317 374 338 332 362 374 389 344 422 401 389 395 368 353 413 374 377 380 389 413 359 365 428 413 377
368 311 422 368 362 431 365 332 392 422 383 404 422 314 419 338 368 398 392 398 287 386 368 437 410 419 365 392 329 365 374 401 401 404 413 461 443 428 443 410 479 413 440 455 383 413 350 416 374 437 389 401 392 410 416 413 428 380 410 401 413 395 416 440 416 422 392 377 425 347 392 389 392 0 392 401 443 365 389 422 374 413 419 428 434 368 407 386 428 434 419 458 428 380 437 386 410 428 371 422 407 410 428 353 311 374 398 332 296 416 296 281 266 275 308 332 353 395 434 443 389 437 422 368 290 332 284 410 347 410 416 410 434 383 434 425 461 395 329 353 320 368 377 380 353 308 383 434 422 344 350 401 431 389 407 404 416 377 377 383 428 404 362 383 431 410 368 347 371 437 398 404 374 401 428 413 404 428 386 401 422 377 404 356 383 407 389 446 425 314 368 398 377 383 428 404 404 389 407 434 401 401 404 440 410 431 407 452 389 401 404 398 395 440 410 431 407 401 476 407 380 404 380 329 398 383 431 404 347 398 383 431 404 299 422 329 449 428 455 389 407 356 353 428 377 407 341 428 407 407 383 413 407 383 443 410 428 392 431 389 386 398 389 428 428 422 383 404 317 452 431 314 383 431 380 365 425 470 311 371 329 383 404 431 416 359 389 437 371 401 434 401 422 389 410 404 437 413 380 401 395 422 416 347 452 449 401 365 359 422 383 389 407 410 407 401 401 428 416 416
497 434 458 443 389 470 455 464 452 428 410 452 458 458 458 446 443 437 443 407 431 437 443 350 401 416 461 434 473 479 404 419 413 386 419 347 404 356 404 452 347 353 413 365 446 446 446 410 455 371 407 443 407 404 398 461 404 449 386 401 419 419 404 389 416 359 371 431 413 419 371 449 419 392 0 455 455 413 449 449 443 443 371 410 380 404 311 443 410 380 329 419 410 392 371 347 371 410 413 359 434 371 410 434 464 428 425 428 464 401 473 467 431 467 461 446 434 419 443 404 431 389 371 437 416 407 440 296 437 440 329 440 455 383 347 368 383 446 461 425 419 431 419 470 389 422 425 401 416 428 479 380 368 431 416 338 404 428 446 413 407 413 446 413 410 407 428 392 416 395 362 377 464 404 416 326 380 458 365 395 392 416 377 464 413 416 380 347 332 434 425 386 353 413 407 413 359 431 416 410 356 371 398 395 371 410 416 344 434 371 329 368 374 395 371 410 416 353 368 416 437 380 428 443 365 413 407 413 452 365 413 407 413 419 416 398 371 407 350 431 416 359 431 401 422 416 449 413 416 404 413 440 401 446 401 371 380 392 410 365 401 419 434 407 458 383 446 413 431 386 410 407 413 410 410 380 413 395 407 440 443 413 413 407 413 443 449 380 398 410 428 338 419 386 371 407 344 365 350 404 452 425 422 446 389 371 419 428 386 428 443 431 431 428 410 419 392 410 410 398
437 407 452 437 371 431 419 410 410 389 425 407 401 434 407 431 440 407 374 398 380 398 440 398 407 413 380 425 440 398 422 464 371 377 401 356 401 347 401 407 341 344 395 374 407 386 416 440 398 413 425 416 407 392 404 404 422 410 377 386 395 413 392 377 395 413 368 422 413 404 368 392 386 401 455 0 440 410 437 431 413 401 383 407 356 395 332 416 407 356 365 416 407 398 380 344 371 407 356 347 440 371 407 389 392 389 374 407 413 374 455 431 395 440 407 389 398 368 458 401 410 413 344 407 422 395 374 314 392 383 341 383 416 374 362 377 368 386 410 398 362 392 416 401 410 386 425 380 410 413 416 359 335 410 401 356 428 404 368 401 404 401 395 401 407 398 368 389 395 359 359 362 413 383 401 344 362 428 359 419 356 422 377 404 401 401 380 407 386 377 386 365 341 401 404 401 335 410 401 389 392 392 368 380 371 407 401 338 428 392 359 398 368 380 371 407 401 344 404 401 356 359 404 389 371 401 407 401 407 371 401 407 401 383 431 380 428 404 347 410 401 395 371 389 386 401 392 407 401 410 401 422 350 395 401 377 371 395 407 353 377 383 410 404 428 386 392 422 401 443 407 386 401 407 386 380 407 410 386 389 389 401 401 407 362 395 401 371 371 431 422 359 446 398 371 386 308 368 347 377 404 419 389 398 377 386 422 416 371 407 425 416 386 428 386 374 383 425 425 380
473 392 464 521 470 494 458 464 449 512 419 527 485 464 491 494 521 431 473 434 455 500 521 371 362 395 500 461 461 500 497 419 431 410 380 356 359 407 359 530 335 281 365 338 437 443 407 437 464 401 428 404 461 356 401 446 407 467 377 332 392 464 392 395 458 311 320 431 392 485 320 461 383 443 455 440 0 440 449 425 443 455 368 398 332 461 299 362 398 332 326 395 398 362 407 275 341 398 404 269 449 341 398 440 431 464 506 476 443 350 422 428 428 413 437 479 449 461 416 359 425 386 293 434 476 491 482 257 500 443 308 443 452 371 332 404 320 518 437 479 503 515 476 476 371 476 419 389 395 485 479 335 359 425 410 344 377 509 446 419 398 410 425 419 401 359 413 389 461 365 323 329 419 458 425 338 329 434 311 386 341 467 296 443 419 410 353 323 323 407 431 359 341 419 398 410 281 425 410 413 413 374 440 383 341 401 410 377 434 374 314 353 296 383 341 401 410 377 362 410 392 299 491 443 299 419 401 410 401 299 419 401 410 401 401 341 383 398 338 425 410 371 389 410 395 410 425 395 410 329 419 383 332 392 398 347 326 389 401 353 374 416 425 398 434 407 389 389 452 383 401 470 419 401 431 467 407 428 467 482 443 419 410 401 401 419 461 350 320 410 416 266 407 347 485 383 359 272 371 398 416 449 377 452 365 356 419 509 395 353 434 419 395 461 413 359 392 419 410 398
410 431 464 443 422 449 425 413 416 440 416 452 449 446 443 440 446 401 422 395 452 446 446 386 386 407 434 437 434 419 380 413 452 428 398 389 380 362 380 458 347 308 338 329 425 449 389 470 470 386 422 404 422 374 380 437 374 443 377 350 392 416 353 413 389 341 332 422 401 425 332 446 395 365 413 410 440 0 428 404 413 437 329 383 341 428 317 398 383 341 359 362 383 389 344 323 341 383 395 281 404 341 383 431 428 416 449 419 443 401 410 446 413 455 443 428 437 464 401 380 434 377 308 443 419 461 443 266 458 419 347 419 416 350 341 416 356 443 440 464 443 449 440 446 377 452 425 386 407 476 470 323 365 434 392 365 383 398 395 410 389 392 446 410 392 365 419 404 482 362 326 353 410 377 380 305 350 449 314 374 383 431 335 458 410 392 341 317 320 413 407 371 368 410 389 392 308 434 392 413 359 389 434 383 341 392 392 335 434 389 326 359 359 383 341 392 392 362 359 392 383 338 419 413 356 410 389 392 386 356 410 389 392 422 404 365 353 389 353 434 392 386 374 398 395 392 413 401 392 380 410 413 341 395 389 332 341 428 392 380 377 377 437 389 449 356 392 440 422 362 392 434 410 392 416 404 401 371 434 419 413 410 392 389 371 413 455 392 341 407 428 323 392 359 422 404 350 302 386 395 428 413 365 446 353 338 410 443 389 383 440 401 434 425 419 401 353 365 401 392
461 422 431 461 437 440 401 422 443 467 428 440 455 404 452 434 461 443 416 413 398 446 461 416 404 446 407 443 461 446 413 422 386 416 395 380 392 380 392 446 380 359 440 401 425 419 422 422 431 401 422 422 428 422 407 449 398 434 386 425 425 419 431 410 443 401 386 425 434 434 386 434 386 389 449 437 449 428 0 446 428 440 383 422 368 425 335 395 422 368 344 407 422 401 350 377 401 422 419 368 416 401 422 428 401 413 440 434 443 428 446 452 428 428 455 407 413 410 422 392 446 416 386 422 401 473 374 314 452 431 389 431 416 392 365 407 389 404 461 398 386 410 437 455 389 449 413 407 449 461 461 380 377 446 428 344 416 425 425 419 422 437 419 419 422 398 413 401 425 425 395 401 452 443 419 389 398 470 377 386 440 413 389 428 419 428 395 371 371 419 455 386 395 419 422 437 353 446 428 413 374 395 455 404 401 422 428 380 446 395 383 404 410 404 401 422 428 398 377 428 446 395 473 428 404 419 422 437 377 404 419 422 437 419 431 386 386 422 368 446 428 410 434 401 392 428 428 428 428 416 419 401 407 389 425 395 395 452 422 386 416 431 446 422 470 392 386 446 404 398 422 443 419 422 434 410 428 416 443 419 428 419 437 422 449 437 407 398 410 425 419 359 455 377 407 416 365 398 377 383 452 407 395 431 395 401 407 422 404 371 419 485 413 434 461 413 416 392 434 419
416 407 452 413 386 440 422 395 428 419 425 449 455 386 452 374 413 458 386 413 371 449 413 410 398 413 389 395 440 383 398 446 401 425 395 395 368 386 368 449 386 395 404 428 419 431 413 413 407 398 407 431 407 419 401 455 395 410 386 410 413 395 395 431 410 374 368 377 443 428 368 428 422 422 449 431 425 404 446 0 419 401 404 437 395 407 341 428 437 395 356 404 437 398 383 362 395 437 440 344 425 395 437 392 389 380 398 359 389 383 407 389 353 377 386 347 380 410 446 368 431 416 362 413 392 380 362 290 395 410 404 410 422 398 362 386 422 392 410 398 422 389 401 443 395 389 374 383 416 416 389 344 368 431 410 371 422 356 398 428 434 416 425 428 437 410 410 401 398 356 395 398 401 413 443 389 398 410 374 425 407 392 395 386 428 410 386 389 377 386 395 380 356 428 434 416 362 431 410 422 377 389 398 392 395 437 410 365 410 389 398 374 359 392 395 437 410 401 386 410 386 380 410 380 359 428 437 416 407 359 428 437 416 410 413 395 374 434 383 431 410 392 365 419 413 410 425 413 410 374 428 419 395 395 431 386 389 407 437 380 365 443 431 434 410 389 392 404 386 386 437 386 428 437 428 392 425 425 386 425 380 428 416 437 395 398 434 404 374 407 434 386 398 413 422 416 356 392 359 389 422 419 398 410 416 419 398 413 413 410 410 392 383 404 428 404 416 404 416 377
461 467 452 440 392 419 413 479 443 401 404 461 476 443 473 452 440 407 422 440 425 452 440 329 365 410 428 479 443 437 422 371 383 359 377 341 401 332 401 461 305 350 359 350 389 419 419 416 443 356 398 413 392 374 374 422 413 464 353 362 383 407 344 344 416 362 347 410 365 410 347 422 365 374 443 413 443 413 428 419 0 434 350 404 314 416 272 395 404 314 302 368 404 365 338 332 320 404 458 308 371 320 404 467 431 401 425 392 449 362 467 485 470 482 455 449 428 440 413 401 431 353 290 383 440 443 422 311 446 437 350 437 410 347 329 359 326 455 476 443 443 422 398 431 392 449 410 335 410 476 437 359 353 431 383 350 383 404 422 392 404 374 425 392 404 365 380 362 428 380 293 305 479 413 395 326 308 431 362 353 377 443 344 404 392 383 353 278 320 413 419 386 335 392 404 374 329 431 383 383 368 404 431 335 320 404 383 299 401 404 353 374 377 335 320 404 383 302 356 383 422 350 428 437 371 392 404 374 485 371 392 404 374 401 398 374 317 404 344 431 383 401 410 410 419 383 437 407 383 368 392 428 371 401 368 347 353 392 404 359 374 404 434 404 431 377 401 422 389 323 404 470 392 404 413 383 407 359 467 410 437 392 374 404 404 440 434 338 335 416 401 287 401 374 374 398 350 332 359 404 425 377 386 443 323 329 428 413 353 338 446 398 419 410 359 371 341 392 398 386
437 410 461 458 440 416 407 419 431 443 407 437 437 431 437 476 455 389 437 413 401 437 455 452 368 392 452 428 431 470 422 425 455 419 434 401 380 419 380 443 389 332 377 341 428 410 422 443 470 416 440 416 446 395 413 428 389 443 398 428 425 416 410 437 422 371 356 428 383 440 356 467 374 413 443 401 455 437 440 401 434 0 407 398 365 458 326 368 398 365 362 419 398 401 398 341 332 398 428 320 425 332 398 428 392 425 458 437 410 407 422 398 386 401 398 392 383 440 404 380 410 437 374 437 374 449 413 311 428 446 356 446 416 371 404 428 431 485 437 464 470 473 437 479 392 449 410 416 398 434 434 353 425 410 446 365 419 431 470 425 395 443 401 425 398 347 410 374 464 383 341 335 413 431 407 371 335 437 341 383 380 452 362 467 425 446 356 401 326 389 443 428 404 425 395 443 338 410 446 407 383 383 458 401 332 398 446 404 419 383 380 413 383 401 332 398 446 389 407 446 452 347 431 449 386 425 398 443 380 386 425 398 443 368 419 365 407 395 419 410 446 404 410 431 428 446 389 407 446 365 425 395 392 422 416 377 386 446 398 383 395 434 410 395 437 416 422 398 401 398 398 437 425 398 458 437 410 446 434 410 449 425 443 398 404 431 422 389 425 413 410 347 431 401 443 395 380 338 389 440 398 443 428 446 371 380 401 449 401 386 422 401 404 443 413 407 419 386 404 443
362 356 392 374 383 386 389 368 374 380 344 383 383 323 377 326 371 365 359 416 305 356 371 440 431 428 332 365 335 353 425 434 377 431 434 461 407 455 407 380 461 440 464 473 416 401 374 428 335 455 386 422 389 419 398 422 404 395 452 404 413 392 431 428 404 446 428 356 413 389 428 404 398 419 371 383 368 329 383 404 350 407 0 425 461 395 422 401 425 461 434 467 425 377 434 461 479 425 410 431 449 479 425 335 302 338 371 317 263 413 326 287 269 305 323 308 299 350 413 407 413 431 449 377 269 284 248 410 320 410 446 410 410 419 434 428 467 314 314 359 272 326 404 362 356 350 356 446 431 320 335 425 422 413 407 407 410 353 368 401 428 404 401 401 431 401 404 335 380 431 473 476 359 389 383 464 473 398 416 425 419 407 422 389 401 407 437 458 410 329 380 398 419 401 428 404 452 413 407 416 404 344 431 452 479 431 407 443 425 344 413 437 377 452 479 431 407 452 431 407 374 407 356 380 374 401 428 404 320 374 401 428 404 302 398 389 452 428 425 413 407 326 401 389 383 407 365 425 407 383 401 443 461 410 482 476 461 401 431 395 416 386 413 428 398 467 407 407 302 467 431 347 401 431 407 395 422 464 347 338 380 401 404 428 434 353 389 446 431 380 422 458 401 437 368 413 470 425 398 419 383 419 431 371 425 428 383 317 383 470 404 380 407 404 428 389 419 422 386 410
380 371 377 359 335 422 392 389 383 437 401 413 383 329 383 320 359 392 389 440 287 380 359 476 416 1715 374 392 311 401 413 395 404 407 425 431 770 425 770 413 455 419 431 452 449 431 371 395 389 458 407 401 428 437 422 446 422 386 443 392 428 365 455 461 410 455 473 362 425 377 473 422 377 428 410 407 398 383 422 437 404 398 425 0 479 404 386 410 2000 479 440 671 2000 434 410 458 422 2000 386 431 458 422 2000 347 353 380 371 350 326 398 335 308 296 308 326 317 329 371 797 770 605 458 422 407 296 320 284 398 359 395 422 395 383 404 437 395 428 332 341 356 293 362 386 389 374 344 380 434 1715 353 338 422 404 605 617 452 434 350 362 584 1991 611 380 584 1991 419 395 377 383 425 431 440 383 398 365 416 443 419 428 425 422 428 449 368 584 617 416 425 443 359 404 404 419 584 1991 611 449 605 617 440 392 398 419 428 422 1991 617 431 443 398 398 413 410 428 422 1991 617 413 440 617 401 395 353 353 410 584 1994 611 329 410 584 1994 611 338 455 365 431 1991 419 605 617 389 404 404 434 617 365 1727 617 425 584 410 428 416 464 452 425 419 1991 395 401 416 608 1991 419 437 413 431 323 437 1991 326 584 1991 386 380 1715 461 329 347 353 584 611 1994 431 353 425 413 398 401 413 431 428 434 428 395 419 434 392 425 440 413 407 356 443 458 380 332 395 422 422 407 407 419 464 413 404 407 419 422
275 299 350 311 296 359 320 302 332 374 356 362 341 254 341 281 311 386 335 395 191 338 311 464 455 479 290 332 239 326 323 392 359 386 416 437 443 464 443 356 500 488 446 476 377 404 371 380 329 464 401 386 395 440 431 395 434 341 467 425 428 326 443 461 410 467 452 329 416 299 452 368 359 434 380 356 332 341 368 395 314 365 461 479 0 371 503 410 479 2000 485 434 479 416 425 485 479 479 359 476 425 479 479 248 260 281 323 266 242 413 266 269 233 281 281 224 275 371 419 443 425 458 482 362 206 266 233 455 266 356 485 356 362 410 431 362 461 263 281 275 221 254 308 308 341 281 347 626 473 290 272 446 422 425 398 425 431 284 320 419 473 395 398 419 473 389 377 353 392 398 461 476 338 380 380 494 476 365 509 407 422 371 452 326 419 398 422 491 467 338 389 392 380 419 473 395 461 425 398 437 428 398 356 629 479 473 398 464 398 398 425 452 419 629 479 473 398 425 464 398 386 428 305 323 416 419 473 395 293 416 419 473 395 242 380 356 449 473 428 425 398 344 365 386 401 398 353 479 398 404 419 428 434 392 452 479 479 398 473 410 416 371 425 473 365 464 392 422 263 452 473 287 419 473 338 347 476 464 287 323 323 419 395 473 398 365 392 434 416 383 407 506 434 407 398 398 458 452 383 413 338 371 431 320 473 464 419 317 389 416 368 395 407 395 401 440 440 413 386 419
383 401 434 452 419 473 407 431 419 443 407 452 440 464 440 422 452 431 434 437 395 437 452 380 368 422 413 455 413 440 407 419 380 404 383 368 347 374 347 461 389 353 401 356 425 467 449 419 440 407 410 386 392 398 407 422 404 419 389 404 416 431 365 389 455 374 347 413 407 422 347 425 410 368 404 395 461 428 425 407 416 458 395 404 371 0 329 374 404 371 359 380 404 398 359 344 341 404 395 326 422 341 404 407 386 434 470 440 416 404 395 401 395 392 398 446 446 431 449 347 416 380 380 425 392 416 380 302 422 425 350 425 386 341 356 431 338 419 395 437 401 425 425 428 410 443 374 389 425 416 398 362 389 416 377 362 398 383 443 449 398 383 407 449 401 320 431 386 428 386 350 344 401 368 401 317 347 410 338 383 377 404 359 431 449 377 341 344 311 428 368 356 383 449 398 383 353 416 377 425 371 368 434 383 341 401 377 374 425 368 362 416 353 383 341 401 377 365 389 377 401 350 458 464 353 449 401 383 392 353 449 401 383 395 413 368 386 398 368 416 377 383 392 395 407 377 407 428 377 350 449 401 404 422 443 392 344 401 401 368 389 398 413 398 410 401 422 434 398 389 401 410 449 401 431 443 410 407 410 401 464 449 383 401 383 407 422 371 371 389 419 374 419 377 398 371 371 344 377 428 401 437 371 416 374 374 398 422 386 380 416 410 416 401 434 371 392 398 446 398
185 239 257 242 191 293 245 206 296 314 287 263 284 158 275 179 245 362 254 344 125 278 245 449 476 386 212 263 191 260 248 341 263 368 410 473 407 437 407 263 512 479 434 485 296 368 269 344 272 488 347 389 323 404 437 356 449 275 449 407 353 275 410 446 377 488 425 308 368 224 425 344 353 407 311 332 299 317 335 341 272 326 422 386 503 329 0 410 386 503 491 404 386 404 398 479 449 386 281 491 404 449 386 146 188 194 230 176 140 398 188 176 149 158 149 122 173 314 401 407 317 425 506 317 71 140 110 440 194 308 470 308 299 416 467 323 437 152 143 212 137 167 239 266 320 233 293 437 389 242 194 476 428 317 332 422 389 191 257 344 389 332 344 344 389 413 347 353 332 398 464 476 287 332 293 479 476 299 473 407 425 329 473 248 344 332 425 491 452 257 374 347 428 344 389 332 503 317 332 443 437 311 308 449 449 389 332 500 350 311 437 446 425 449 449 389 332 419 461 332 302 440 203 302 422 344 389 332 200 422 344 389 332 179 356 335 461 389 440 317 332 323 335 383 332 332 290 401 332 407 344 413 479 368 449 458 458 377 389 455 431 341 314 389 299 446 368 386 212 461 389 236 344 389 326 278 395 455 233 272 302 344 332 389 437 284 317 431 434 314 389 548 362 428 326 377 467 467 413 365 287 320 413 248 446 452 371 227 386 425 323 350 410 344 389 401 425 371 353 386
374 374 368 371 308 374 362 362 389 374 419 389 374 338 377 344 374 407 377 410 335 380 374 410 419 395 314 395 371 371 338 377 356 395 401 383 428 404 428 383 404 407 446 428 368 401 386 422 359 398 425 443 359 437 404 395 428 431 440 434 401 395 386 383 392 419 437 380 389 323 437 437 407 386 443 416 362 398 395 428 395 368 401 410 410 374 410 0 410 410 392 407 410 389 374 458 380 410 371 398 440 380 410 359 347 350 353 296 344 449 353 356 314 392 365 314 329 386 374 428 407 449 437 389 278 317 317 383 323 362 416 362 356 428 428 383 425 293 383 338 308 347 356 374 437 353 374 404 401 365 368 449 386 407 374 428 431 338 344 401 407 383 416 401 404 413 389 380 380 383 383 368 416 380 410 383 368 413 461 398 464 386 416 368 401 374 407 383 398 386 392 413 383 401 407 383 410 407 374 446 395 362 383 410 380 404 374 428 380 362 419 401 413 410 380 404 374 401 410 374 377 482 341 404 413 401 404 383 389 413 401 404 383 341 404 389 413 407 386 407 374 368 443 428 386 374 386 398 374 437 401 428 419 383 404 413 440 428 404 431 425 440 410 407 413 419 386 416 368 413 404 380 401 404 392 389 398 416 383 365 404 401 383 404 416 437 410 446 395 404 440 434 431 431 389 404 404 416 398 395 359 329 413 389 419 425 425 335 425 404 413 392 440 386 422 422 419 401 419 389
380 371 377 359 335 422 392 389 383 437 401 413 383 329 383 320 359 392 389 440 287 380 359 476 416 1715 374 392 311 401 413 395 404 407 425 431 770 425 770 413 455 419 431 452 449 431 371 395 389 458 407 401 428 437 422 446 422 386 443 392 428 365 455 461 410 455 473 362 425 377 473 422 377 428 410 407 398 383 422 437 404 398 425 2000 479 404 386 410 0 479 440 671 2000 434 410 458 422 2000 386 431 458 422 2000 347 353 380 371 350 326 398 335 308 296 308 326 317 329 371 797 770 605 458 422 407 296 320 284 398 359 395 422 395 383 404 437 395 428 332 341 356 293 362 386 389 374 344 380 434 1715 353 338 422 404 605 617 452 434 350 362 584 1991 611 380 584 1991 419 395 377 383 425 431 440 383 398 365 416 443 419 428 425 422 428 449 368 584 617 416 425 443 359 404 404 419 584 1991 611 449 605 617 440 392 398 419 428 422 1991 617 431 443 398 398 413 410 428 422 1991 617 413 440 617 401 395 353 353 410 584 1994 611 329 410 584 1994 611 338 455 365 431 1991 419 605 617 389 404 404 434 617 365 1727 617 425 584 410 428 416 464 452 425 419 1991 395 401 416 608 1991 419 437 413 431 323 437 1991 326 584 1991 386 380 1715 461 329 347 353 584 611 1994 431 353 425 413 398 401 413 431 428 434 428 395 419 434 392 425 440 413 407 356 443 458 380 332 395 422 422 407 407 419 464 413 404 407 419 422
275 299 350 311 296 359 320 302 332 374 356 362 341 254 341 281 311 386 335 395 191 338 311 464 455 479 290 332 239 326 323 392 359 386 416 437 443 464 443 356 500 488 446 476 377 404 371 380 329 464 401 386 395 440 431 395 434 341 467 425 428 326 443 461 410 467 452 329 416 299 452 368 359 434 380 356 332 341 368 395 314 365 461 479 2000 371 503 410 479 0 485 434 479 416 425 485 479 479 359 476 425 479 479 248 260 281 323 266 242 413 266 269 233 281 281 224 275 371 419 443 425 458 482 362 206 266 233 455 266 356 485 356 362 410 431 362 461 263 281 275 221 254 308 308 341 281 347 626 473 290 272 446 422 425 398 425 431 284 320 419 473 395 398 419 473 389 377 353 392 398 461 476 338 380 380 494 476 365 509 407 422 371 452 326 419 398 422 491 467 338 389 392 380 419 473 395 461 425 398 437 428 398 356 629 479 473 398 464 398 398 425 452 419 629 479 473 398 425 464 398 386 428 305 323 416 419 473 395 293 416 419 473 395 242 380 356 449 473 428 425 398 344 365 386 401 398 353 479 398 404 419 428 434 392 452 479 479 398 473 410 416 371 425 473 365 464 392 422 263 452 473 287 419 473 338 347 476 464 287 323 323 419 395 473 398 365 392 434 416 383 407 506 434 407 398 398 458 452 383 413 338 371 431 320 473 464 419 317 389 416 368 395 407 395 401 440 440 413 386 419
269 293 338 284 290 359 269 284 332 374 323 344 341 251 326 239 287 383 338 368 227 347 287 461 473 440 236 347 263 293 323 383 311 398 455 434 455 458 455 344 521 470 449 479 365 392 383 371 329 461 374 407 347 443 416 401 437 308 452 410 401 293 401 431 371 485 461 311 386 287 461 380 350 419 329 365 326 359 344 356 302 362 434 440 485 359 491 392 440 485 0 443 440 413 371 455 440 440 323 479 452 440 440 212 269 275 287 239 236 410 239 254 194 239 236 182 233 356 413 455 392 440 518 335 173 209 197 467 248 353 494 353 365 419 437 341 443 206 227 269 221 227 317 296 329 299 299 449 434 287 260 422 446 392 374 425 437 248 305 353 443 377 365 353 440 374 377 389 356 386 452 455 320 356 356 470 452 329 452 422 410 356 470 287 353 374 431 455 443 308 356 386 440 353 443 377 491 392 374 470 401 341 365 440 440 440 374 455 419 341 425 449 410 440 440 440 374 452 437 374 353 470 248 323 416 353 440 377 257 416 353 440 377 218 398 377 428 443 473 392 374 368 377 395 392 374 347 431 374 434 353 422 449 413 428 458 446 428 440 458 389 422 392 443 329 434 407 434 254 425 440 299 353 440 344 299 428 467 299 311 323 353 377 440 404 320 380 464 395 362 392 512 398 407 350 398 443 452 410 401 335 350 452 308 452 458 383 263 386 425 368 365 395 359 398 410 422 368 389 413
392 353 413 383 353 434 401 356 401 374 347 443 422 338 413 356 380 410 383 452 308 371 380 446 431 707 395 392 395 413 401 413 407 398 431 416 524 434 524 449 434 446 440 425 419 398 407 398 395 491 395 404 407 407 428 413 413 383 446 416 401 398 470 422 413 440 455 386 395 383 455 395 395 458 419 416 395 362 407 404 368 419 467 671 434 380 404 407 671 434 443 0 671 377 368 437 413 671 392 422 443 413 671 359 317 368 371 401 326 422 353 350 308 341 347 332 314 383 689 524 470 419 425 389 275 329 329 389 359 407 428 407 386 413 455 455 455 353 335 332 326 347 386 377 401 359 383 440 710 359 353 383 404 470 548 398 407 389 362 542 671 548 380 542 674 386 410 359 374 419 410 404 386 410 401 428 407 401 431 422 413 389 404 368 542 548 407 446 404 344 410 371 395 542 671 548 404 470 548 419 398 410 419 431 413 674 548 458 434 410 392 419 401 431 413 674 548 410 455 548 404 398 365 365 404 542 671 548 374 404 542 671 548 335 422 338 440 671 422 470 548 368 383 401 392 548 386 710 548 428 542 413 443 383 467 482 425 419 674 383 383 398 467 671 401 431 380 425 311 443 674 356 542 674 401 407 710 467 356 356 365 542 548 671 407 383 401 434 404 386 386 407 392 425 416 425 437 422 383 368 407 434 398 359 437 440 434 332 383 401 389 371 398 437 407 446 422 428 428 437
380 371 377 359 335 422 392 389 383 437 401 413 383 329 383 320 359 392 389 440 287 380 359 476 416 1715 374 392 311 401 413 395 404 407 425 431 770 425 770 413 455 419 431 452 449 431 371 395 389 458 407 401 428 437 422 446 422 386 443 392 428 365 455 461 410 455 473 362 425 377 473 422 377 428 410 407 398 383 422 437 404 398 425 2000 479 404 386 410 2000 479 440 671 0 434 410 458 422 2000 386 431 458 422 2000 347 353 380 371 350 326 398 335 308 296 308 326 317 329 371 797 770 605 458 422 407 296 320 284 398 359 395 422 395 383 404 437 395 428 332 341 356 293 362 386 389 374 344 380 434 1715 353 338 422 404 605 617 452 434 350 362 584 1991 611 380 584 1991 419 395 377 383 425 431 440 383 398 365 416 443 419 428 425 422 428 449 368 584 617 416 425 443 359 404 404 419 584 1991 611 449 605 617 440 392 398 419 428 422 1991 617 431 443 398 398 413 410 428 422 1991 617 413 440 617 401 395 353 353 410 584 1994 611 329 410 584 1994 611 338 455 365 431 1991 419 605 617 389 404 404 434 617 365 1727 617 425 584 410 428 416 464 452 425 419 1991 395 401 416 608 1991 419 437 413 431 323 437 1991 326 584 1991 386 380 1715 461 329 347 353 584 611 1994 431 353 425 413 398 401 413 431 428 434 428 395 419 434 392 425 440 413 407 356 443 458 380 332 395 422 422 407 407 419 464 413 404 407 419 422
353 374 407 350 353 398 347 347 365 371 377 368 404 359 404 314 350 386 344 362 314 383 350 398 398 416 329 425 383 413 314 404 368 455 383 410 389 410 389 377 416 377 407 422 401 458 428 416 374 398 392 422 371 401 380 410 368 383 425 428 407 389 392 380 383 431 374 362 395 368 374 389 350 380 392 398 362 389 401 398 365 401 377 434 416 398 404 389 434 416 413 377 434 0 332 374 407 434 374 422 440 407 434 293 335 368 374 359 329 365 329 371 317 362 329 317 407 377 425 389 425 413 425 407 284 335 305 353 341 374 419 374 347 446 416 386 395 314 356 365 317 329 389 344 380 383 380 410 419 359 356 368 386 425 401 398 404 317 377 398 431 398 392 398 437 377 398 389 410 410 401 401 374 362 326 368 398 425 395 395 416 392 425 389 398 401 425 413 428 389 389 365 380 398 431 398 386 425 401 407 401 413 377 401 407 437 401 404 434 413 431 416 392 401 407 437 401 383 419 401 395 401 404 362 395 398 434 398 362 395 398 434 398 341 374 353 434 431 374 425 401 395 479 413 443 401 404 422 401 386 398 422 446 404 404 419 398 386 437 392 416 374 422 431 425 404 404 425 341 434 437 395 398 437 407 374 419 392 398 335 362 398 398 434 398 395 413 404 386 416 443 413 368 413 344 386 398 377 395 407 344 377 410 326 422 428 368 344 392 395 410 404 404 386 497 455 410 386 365 398
389 308 359 320 341 395 365 347 335 359 359 377 383 311 377 320 320 392 371 422 281 347 320 416 377 413 359 350 320 344 389 353 359 398 413 407 386 428 386 374 458 383 449 428 368 377 353 404 377 458 383 392 455 377 404 392 410 365 422 407 407 353 380 443 380 404 395 362 413 344 395 404 380 437 371 380 407 344 350 383 338 398 434 410 425 359 398 374 410 425 371 368 410 332 0 455 356 410 362 389 431 356 410 326 305 314 374 332 287 413 296 296 281 281 305 293 305 380 401 386 392 419 380 380 302 323 281 377 338 377 377 377 419 392 407 404 383 326 323 344 320 338 350 344 371 311 359 419 410 338 356 374 434 392 362 395 377 374 368 395 410 371 368 395 407 386 362 326 401 371 371 398 359 374 428 377 398 377 398 416 374 377 389 386 395 362 398 398 422 305 359 434 416 395 410 371 398 392 362 428 395 383 383 422 356 407 362 428 401 383 377 389 353 422 356 407 362 404 434 362 395 365 368 368 347 395 407 371 299 347 395 407 371 323 413 377 422 410 431 392 362 371 377 353 365 362 359 404 362 416 395 386 404 368 443 434 398 395 407 404 395 392 395 410 377 443 371 365 326 440 407 329 395 407 383 362 410 449 329 335 368 395 371 407 392 377 374 413 386 368 371 389 428 374 434 353 413 377 380 416 335 383 395 368 422 425 368 344 365 410 380 389 365 365 380 383 395 467 377 395
248 299 272 248 200 311 263 272 338 341 332 332 296 227 287 236 245 326 314 383 191 296 245 422 455 422 230 323 233 299 296 359 287 338 428 464 416 395 416 329 509 482 500 500 335 383 341 335 275 443 398 392 338 443 392 389 446 374 470 431 371 311 380 431 386 461 470 347 401 284 470 353 383 386 347 344 275 323 377 362 332 341 461 458 485 344 479 458 458 485 455 437 458 374 455 0 416 458 302 503 419 416 458 218 245 215 269 239 221 446 260 248 170 239 245 161 233 308 386 416 368 431 506 344 182 197 197 464 233 338 503 338 347 431 437 293 440 197 248 245 179 206 311 275 362 257 296 425 419 278 236 491 467 368 371 404 386 254 284 407 458 365 413 407 455 419 365 326 314 434 422 425 365 359 362 434 425 368 467 425 434 344 515 311 407 371 455 458 461 308 386 422 425 407 458 365 470 368 371 461 371 356 338 425 416 455 371 455 371 356 437 461 434 425 416 455 371 434 458 371 311 482 251 320 431 407 455 365 251 431 407 455 365 248 374 395 476 458 434 368 371 320 353 377 362 371 341 425 371 446 407 437 452 371 452 479 482 386 455 467 443 407 368 458 368 443 374 434 245 461 455 281 407 455 335 260 419 464 284 275 320 407 365 455 434 347 335 437 449 362 407 509 407 431 338 377 455 491 392 383 332 344 410 299 485 497 392 227 407 422 359 386 425 338 422 380 485 356 368 410
281 284 344 326 260 356 320 293 341 353 356 362 320 254 320 305 329 410 332 416 212 335 329 458 410 434 251 326 278 323 323 380 338 368 455 404 413 422 413 368 431 488 425 458 350 371 371 377 323 461 371 428 371 419 386 374 419 344 428 431 431 326 404 434 377 470 443 335 386 308 443 362 386 410 371 371 341 341 401 395 320 332 479 422 479 341 449 380 422 479 440 413 422 407 356 416 0 422 335 461 428 2000 422 263 254 314 314 272 272 395 281 245 275 263 290 236 269 356 413 413 383 428 467 371 239 260 218 416 266 371 446 371 404 440 419 371 425 254 278 305 209 239 362 314 350 299 326 434 431 326 278 422 413 383 437 395 383 296 323 389 416 443 383 389 419 392 428 338 344 395 1802 1784 326 335 374 1463 1781 380 431 452 446 350 407 368 389 437 416 464 434 350 332 353 368 389 416 443 440 383 437 410 428 368 392 446 2000 419 437 416 404 368 395 434 419 446 2000 419 437 410 464 437 347 434 293 329 422 389 419 443 293 422 389 419 443 299 386 419 434 416 428 383 437 356 410 410 368 437 368 434 437 425 389 410 422 389 419 437 446 392 419 425 395 389 386 416 380 434 389 389 296 422 419 308 389 419 380 332 422 434 311 341 329 389 443 419 371 329 365 416 422 368 401 470 389 410 326 377 422 443 365 410 344 377 407 308 470 467 392 278 398 449 383 374 386 365 404 395 407 350 389 347
380 371 377 359 335 422 392 389 383 437 401 413 383 329 383 320 359 392 389 440 287 380 359 476 416 1715 374 392 311 401 413 395 404 407 425 431 770 425 770 413 455 419 431 452 449 431 371 395 389 458 407 401 428 437 422 446 422 386 443 392 428 365 455 461 410 455 473 362 425 377 473 422 377 428 410 407 398 383 422 437 404 398 425 2000 479 404 386 410 2000 479 440 671 2000 434 410 458 422 0 386 431 458 422 2000 347 353 380 371 350 326 398 335 308 296 308 326 317 329 371 797 770 605 458 422 407 296 320 284 398 359 395 422 395 383 404 437 395 428 332 341 356 293 362 386 389 374 344 380 434 1715 353 338 422 404 605 617 452 434 350 362 584 1991 611 380 584 1991 419 395 377 383 425 431 440 383 398 365 416 443 419 428 425 422 428 449 368 584 617 416 425 443 359 404 404 419 584 1991 611 449 605 617 440 392 398 419 428 422 1991 617 431 443 398 398 413 410 428 422 1991 617 413 440 617 401 395 353 353 410 584 1994 611 329 410 584 1994 611 338 455 365 431 1991 419 605 617 389 404 404 434 617 365 1727 617 425 584 410 428 416 464 452 425 419 1991 395 401 416 608 1991 419 437 413 431 323 437 1991 326 584 1991 386 380 1715 461 329 347 353 584 611 1994 431 353 425 413 398 401 413 431 428 434 428 395 419 434 392 425 440 413 407 356 443 458 380 332 395 422 422 407 407 419 464 413 404 407 419 422
422 380 443 404 425 401 401 437 431 389 365 428 410 458 413 419 404 413 422 398 404 428 404 371 368 398 404 404 443 404 395 419 431 383 362 362 326 356 326 419 338 317 380 359 413 407 374 395 416 359 365 386 413 344 395 377 398 419 344 371 398 404 368 353 401 314 341 422 413 410 341 410 368 371 413 356 404 395 419 440 458 428 410 386 359 395 281 371 386 359 323 392 386 374 362 302 335 386 0 296 413 335 386 392 371 425 413 410 431 371 353 356 380 371 416 419 359 416 398 326 398 398 320 413 374 410 368 290 389 431 332 431 398 356 386 419 371 416 383 407 437 440 440 452 371 419 422 398 398 386 398 296 338 398 398 350 332 413 443 395 386 404 428 395 386 335 371 314 401 371 365 356 449 422 410 350 359 392 317 371 335 410 335 377 395 398 335 344 296 344 434 347 353 395 386 404 359 398 398 371 341 377 446 383 335 386 398 377 398 377 332 353 341 383 335 386 398 335 362 398 458 296 446 389 344 395 386 404 383 344 395 386 404 374 368 359 371 386 371 398 398 464 392 380 374 398 410 401 398 344 395 365 338 395 350 353 320 389 386 314 317 404 395 386 392 365 398 359 371 368 386 368 395 386 413 386 398 395 368 386 389 395 404 386 392 371 398 359 371 404 386 302 359 347 386 347 350 299 335 374 398 407 377 422 338 356 329 371 368 359 398 395 377 428 386 377 383 386 356 392
245 275 266 248 197 311 275 245 338 314 293 272 305 188 296 206 248 365 314 368 152 269 248 422 452 416 197 302 221 293 248 323 308 350 443 416 428 407 428 272 470 539 467 509 296 377 341 332 248 467 392 374 338 422 389 365 428 293 473 416 386 302 428 407 365 473 473 323 371 260 473 305 356 422 359 347 269 281 368 344 308 320 431 431 476 326 491 398 431 476 479 422 431 422 389 503 461 431 296 0 398 461 431 200 242 203 227 170 200 392 212 248 176 254 245 179 197 302 359 428 326 401 509 281 122 167 143 467 173 332 503 332 329 425 485 329 485 176 203 218 185 176 263 254 317 245 284 440 416 269 230 431 428 326 383 434 419 230 284 344 428 377 368 344 425 389 344 308 299 455 479 482 359 338 320 470 485 344 500 368 431 287 503 314 344 383 461 470 470 281 362 407 404 344 428 377 488 326 383 437 401 317 383 440 461 425 383 446 383 317 419 407 416 440 461 425 383 431 455 383 329 485 236 326 419 344 425 377 257 419 344 425 377 239 374 362 422 428 476 326 383 359 392 374 347 383 326 428 383 491 344 461 476 413 416 464 464 410 425 422 416 407 332 428 344 458 410 419 233 428 425 269 344 425 341 233 422 428 263 260 326 344 377 425 392 302 302 479 428 356 389 542 410 434 335 368 407 497 359 368 302 305 428 257 464 476 365 221 362 419 350 389 434 359 356 392 422 371 383 398
371 374 401 410 368 413 407 392 413 452 389 440 431 362 425 392 410 413 413 428 353 389 410 470 437 449 401 404 383 407 404 443 401 458 437 446 452 467 452 446 425 431 440 437 407 413 404 443 368 464 437 431 410 398 473 434 431 413 458 440 425 434 440 425 440 452 422 407 392 383 422 431 398 407 434 440 449 404 416 425 371 425 449 458 425 422 404 440 458 425 452 443 458 440 431 419 428 458 413 398 0 428 458 359 398 410 404 368 359 419 377 341 323 350 362 350 377 431 416 452 443 479 428 449 326 377 341 356 395 419 434 419 410 419 440 461 404 356 377 374 371 374 413 425 404 383 395 467 446 365 377 407 431 443 413 419 407 377 359 458 455 416 431 458 458 380 461 407 422 419 425 422 431 434 410 425 422 413 446 449 449 392 425 383 458 413 449 455 419 380 380 404 443 458 455 416 428 443 413 452 407 416 446 461 428 458 413 422 443 416 455 443 416 461 428 458 413 422 419 413 398 440 383 383 419 458 458 416 386 419 458 458 416 314 419 401 428 455 422 443 413 395 425 419 404 413 407 440 413 434 458 425 428 416 458 449 437 398 458 452 407 452 449 455 413 416 416 401 368 440 458 341 458 458 440 413 437 470 347 404 383 458 416 458 422 410 419 443 401 437 440 440 431 449 407 392 425 434 413 437 419 422 425 389 446 425 416 356 455 446 443 404 449 479 416 416 419 428 374 401
281 284 344 326 260 356 320 293 341 353 356 362 320 254 320 305 329 410 332 416 212 335 329 458 410 434 251 326 278 323 323 380 338 368 455 404 413 422 413 368 431 488 425 458 350 371 371 377 323 461 371 428 371 419 386 374 419 344 428 431 431 326 404 434 377 470 443 335 386 308 443 362 386 410 371 371 341 341 401 395 320 332 479 422 479 341 449 380 422 479 440 413 422 407 356 416 2000 422 335 461 428 0 422 263 254 314 314 272 272 395 281 245 275 263 290 236 269 356 413 413 383 428 467 371 239 260 218 416 266 371 446 371 404 440 419 371 425 254 278 305 209 239 362 314 350 299 326 434 431 326 278 422 413 383 437 395 383 296 323 389 416 443 383 389 419 392 428 338 344 395 1802 1784 326 335 374 1463 1781 380 431 452 446 350 407 368 389 437 416 464 434 350 332 353 368 389 416 443 440 383 437 410 428 368 392 446 2000 419 437 416 404 368 395 434 419 446 2000 419 437 410 464 437 347 434 293 329 422 389 419 443 293 422 389 419 443 299 386 419 434 416 428 383 437 356 410 410 368 437 368 434 437 425 389 410 422 389 419 437 446 392 419 425 395 389 386 416 380 434 389 389 296 422 419 308 389 419 380 332 422 434 311 341 329 389 443 419 371 329 365 416 422 368 401 470 389 410 326 377 422 443 365 410 344 377 407 308 470 467 392 278 398 449 383 374 386 365 404 395 407 350 389 347
380 371 377 359 335 422 392 389 383 437 401 413 383 329 383 320 359 392 389 440 287 380 359 476 416 1715 374 392 311 401 413 395 404 407 425 431 770 425 770 413 455 419 431 452 449 431 371 395 389 458 407 401 428 437 422 446 422 386 443 392 428 365 455 461 410 455 473 362 425 377 473 422 377 428 410 407 398 383 422 437 404 398 425 2000 479 404 386 410 2000 479 440 671 2000 434 410 458 422 2000 386 431 458 422 0 347 353 380 371 350 326 398 335 308 296 308 326 317 329 371 797 770 605 458 422 407 296 320 284 398 359 395 422 395 383 404 437 395 428 332 341 356 293 362 386 389 374 344 380 434 1715 353 338 422 404 605 617 452 434 350 362 584 1991 611 380 584 1991 419 395 377 383 425 431 440 383 398 365 416 443 419 428 425 422 428 449 368 584 617 416 425 443 359 404 404 419 584 1991 611 449 605 617 440 392 398 419 428 422 1991 617 431 443 398 398 413 410 428 422 1991 617 413 440 617 401 395 353 353 410 584 1994 611 329 410 584 1994 611 338 455 365 431 1991 419 605 617 389 404 404 434 617 365 1727 617 425 584 410 428 416 464 452 425 419 1991 395 401 416 608 1991 419 437 413 431 323 437 1991 326 584 1991 386 380 1715 461 329 347 353 584 611 1994 431 353 425 413 398 401 413 431 428 434 428 395 419 434 392 425 440 413 407 356 443 458 380 332 395 422 422 407 407 419 464 413 404 407 419 422
485 473 479 470 470 425 461 482 431 413 374 464 494 512 491 482 467 401 470 386 518 464 467 293 323 356 488 413 470 458 458 377 419 374 314 287 308 284 308 470 230 179 302 272 446 383 443 479 437 329 380 368 461 272 311 422 311 452 281 326 347 461 362 326 371 239 269 458 371 461 269 404 359 353 434 389 440 431 428 392 467 428 335 347 248 407 146 359 347 248 212 359 347 293 326 218 263 347 392 200 359 263 347 0 431 473 485 473 518 308 521 488 467 488 494 533 470 446 389 308 434 341 215 395 533 524 548 173 500 431 254 431 401 242 287 389 266 524 521 488 500 530 485 434 350 434 425 305 356 464 494 215 320 434 359 263 329 497 467 389 350 362 365 389 347 347 392 299 431 350 251 275 464 374 446 239 278 398 215 323 287 422 221 446 389 359 311 257 239 380 386 344 299 389 350 362 233 434 359 332 329 335 470 305 263 347 359 236 389 335 239 281 302 305 263 347 359 233 320 359 398 251 455 410 302 389 350 362 479 302 389 350 362 404 395 296 317 350 302 434 359 353 332 386 407 359 344 359 359 320 389 350 266 353 314 308 233 383 347 287 290 323 440 350 398 314 353 329 401 335 347 428 389 347 413 440 362 356 425 467 410 389 362 350 341 407 425 299 317 407 335 197 353 299 425 338 251 236 296 371 437 449 329 491 257 263 335 482 332 329 413 344 335 377 353 341 341 359 389 368
470 470 455 458 377 413 410 470 416 389 395 446 446 482 446 479 461 404 443 350 485 431 461 287 329 386 446 443 479 464 392 398 365 359 341 269 293 242 293 449 266 245 311 275 428 407 422 395 482 299 407 374 377 338 326 380 350 416 299 353 344 407 347 326 398 269 272 389 341 464 272 392 347 311 464 392 431 428 401 389 431 392 302 353 260 386 188 347 353 260 269 317 353 335 305 245 254 353 371 242 398 254 353 431 0 434 395 404 503 338 500 482 479 512 500 497 431 410 395 293 404 332 251 377 473 476 485 218 455 422 275 422 350 293 299 353 275 476 479 455 470 467 440 443 383 458 446 284 392 455 461 281 254 404 377 326 332 452 392 359 353 377 362 359 353 296 386 380 398 356 278 269 422 392 368 230 269 386 254 347 335 380 293 431 359 377 296 278 257 407 383 353 275 359 353 377 239 404 377 338 302 338 368 275 254 353 377 272 371 338 266 305 266 275 254 353 377 284 281 377 380 299 401 440 263 359 353 377 398 263 359 353 377 425 359 371 287 353 314 404 377 344 401 356 374 377 395 389 377 335 359 401 287 368 290 272 290 377 353 335 335 395 407 353 386 338 365 413 419 296 353 449 359 353 398 383 395 299 446 410 440 359 377 353 347 434 416 311 317 380 392 236 362 311 356 329 260 260 344 356 368 398 308 413 299 293 350 455 341 299 377 368 368 392 347 356 314 326 380 356
461 428 470 476 461 455 449 440 419 455 407 512 461 509 464 437 473 464 419 398 464 452 473 344 314 383 470 473 467 500 413 374 437 392 365 338 359 323 359 515 251 227 293 284 494 392 398 422 413 326 416 335 434 308 368 416 332 443 344 350 410 461 347 332 407 296 284 458 359 443 284 452 389 374 428 389 464 416 413 380 401 425 338 380 281 434 194 350 380 281 275 368 380 368 314 215 314 380 425 203 410 314 380 473 434 0 461 467 464 332 431 374 476 359 434 470 491 443 398 359 389 344 260 416 446 461 488 221 506 419 272 419 371 305 308 425 308 446 482 449 488 524 452 443 389 464 422 347 380 431 449 281 308 389 386 335 341 458 449 401 383 386 392 401 383 326 374 347 407 338 296 290 410 407 422 284 293 392 224 329 293 434 221 398 401 386 302 320 257 374 398 314 326 401 383 386 260 389 386 344 323 386 422 344 314 383 386 335 389 386 320 323 287 344 314 383 386 302 323 386 383 275 473 413 287 401 383 386 464 287 401 383 386 365 347 362 314 383 305 389 386 380 380 374 359 386 350 374 386 335 401 368 341 356 359 314 302 353 383 278 326 380 392 383 392 326 359 383 365 311 383 422 401 383 431 437 374 353 419 437 413 401 386 383 386 410 446 320 326 392 413 230 365 320 401 305 308 248 311 401 443 452 365 419 293 293 365 428 326 362 416 341 368 419 377 314 338 389 383 377
476 431 482 503 509 476 488 500 437 428 431 503 479 461 479 476 506 470 464 419 494 461 506 353 323 389 494 431 491 482 437 437 467 416 353 332 356 365 356 509 269 251 317 287 467 428 419 422 461 344 413 380 464 326 377 437 362 479 341 359 398 446 353 380 446 287 272 428 383 560 272 425 371 398 425 374 506 449 440 398 425 458 371 371 323 470 230 353 371 323 287 371 371 374 374 269 314 371 413 227 404 314 371 485 395 461 0 488 473 332 425 425 449 428 419 509 446 497 410 356 416 377 281 452 485 515 509 233 485 452 302 452 428 290 329 446 341 542 479 482 500 521 482 446 428 458 416 359 383 485 476 269 326 416 377 329 365 461 461 410 374 383 410 410 374 338 398 299 419 332 317 317 422 392 419 314 320 407 260 359 356 470 269 407 410 377 326 272 272 407 410 329 329 410 374 383 278 416 377 374 359 389 434 356 314 374 377 308 428 389 308 374 299 356 314 374 377 305 359 377 443 263 542 395 302 410 377 383 467 302 410 377 383 419 377 344 356 374 320 416 377 392 341 377 386 377 428 383 377 311 410 350 335 377 377 347 308 407 374 317 356 383 419 374 407 350 377 344 410 356 374 422 410 374 440 440 380 395 422 443 395 410 383 377 359 443 449 323 323 434 410 245 362 329 404 359 338 275 344 401 386 497 374 449 329 314 395 470 380 347 425 368 335 422 365 344 365 422 374 356
497 458 479 479 479 428 437 446 410 452 434 455 449 527 455 455 479 425 467 356 536 428 479 341 293 356 512 446 488 503 452 413 446 365 311 293 293 311 293 464 248 209 281 221 452 407 410 407 497 332 374 347 410 269 365 395 347 455 314 326 377 446 335 362 374 218 269 425 380 479 269 458 365 332 428 407 476 419 434 359 392 437 317 350 266 440 176 296 350 266 239 401 350 359 332 239 272 350 410 170 368 272 350 473 404 467 488 0 479 323 449 440 488 428 452 518 491 443 398 293 425 368 233 455 512 506 509 161 470 413 230 413 392 329 287 404 275 524 458 491 524 521 455 458 368 455 404 308 359 446 497 206 314 425 341 320 344 455 437 398 350 353 377 398 356 311 392 326 410 302 260 245 398 377 371 200 245 395 224 335 293 449 254 452 398 341 275 242 221 428 392 299 371 398 350 353 215 425 341 356 308 365 386 305 272 356 341 245 437 365 299 299 248 305 272 356 341 275 338 341 395 269 485 434 251 398 353 353 425 251 398 353 353 380 356 329 314 350 281 425 341 413 368 326 374 341 389 356 341 284 398 365 251 329 320 305 233 371 356 287 302 377 428 350 395 338 335 341 452 329 356 428 398 356 428 452 362 338 428 434 434 398 353 353 320 410 449 278 287 395 338 188 380 299 356 350 257 239 320 344 395 425 314 461 257 242 353 449 335 329 410 380 350 407 389 341 335 395 362 365
515 473 464 482 461 458 443 494 461 413 455 455 485 503 482 455 485 425 464 371 548 482 485 263 308 332 461 434 497 449 464 389 449 380 371 260 329 254 329 455 233 203 269 245 419 368 404 392 491 269 416 389 383 290 347 404 362 461 278 362 389 482 386 317 350 215 263 428 338 440 263 428 350 296 464 413 443 443 443 389 449 410 263 326 242 416 140 344 326 242 236 326 326 329 287 221 272 326 431 200 359 272 326 518 503 464 473 479 0 335 518 521 491 506 542 527 470 446 344 329 422 329 221 431 509 533 518 143 473 428 242 428 377 272 287 383 302 494 515 467 497 503 449 449 389 464 401 323 332 479 536 251 272 422 362 263 344 464 449 371 329 356 440 371 329 338 377 350 419 320 266 272 443 386 353 215 275 440 215 368 296 416 245 458 371 362 284 230 215 416 395 281 311 371 329 356 200 422 362 314 308 362 440 320 272 329 362 218 383 362 254 296 299 320 272 329 362 260 290 362 425 266 455 461 296 371 332 356 419 296 371 332 356 464 374 326 278 329 272 422 362 380 365 332 368 362 431 320 362 338 371 341 278 401 320 278 239 362 329 311 344 407 422 329 440 302 401 353 494 281 329 476 371 329 398 431 329 320 479 458 461 371 356 332 314 437 419 305 317 389 377 185 374 314 347 302 254 212 287 365 443 398 305 461 269 257 371 458 317 311 419 368 362 371 374 344 284 392 410 305
356 335 347 353 359 392 374 353 383 368 404 362 380 323 374 356 353 413 404 371 269 353 353 410 461 398 320 401 320 380 335 419 389 392 383 428 374 413 374 362 428 434 425 464 359 392 386 398 377 416 398 410 383 425 437 431 422 389 428 404 401 380 434 386 398 431 428 383 365 362 428 422 368 416 401 374 350 401 428 383 362 407 413 398 413 404 398 449 398 413 410 422 398 365 413 446 395 398 371 392 419 395 398 308 338 332 332 323 335 0 371 371 329 365 344 338 338 386 389 374 398 440 425 407 278 302 299 332 350 359 413 359 392 407 410 359 413 287 359 353 335 338 377 347 404 326 356 404 395 365 356 446 440 398 401 377 398 317 380 431 395 401 401 431 398 392 410 398 413 431 398 401 410 401 359 389 398 431 497 422 413 380 482 395 431 401 407 422 446 374 428 380 383 431 395 401 410 398 401 458 389 380 392 395 395 398 401 425 413 380 404 410 422 395 395 398 401 416 428 401 362 452 368 413 416 431 398 401 311 416 431 398 401 302 437 374 437 395 425 398 401 401 386 395 398 401 413 395 401 389 431 428 422 389 416 431 407 425 398 425 410 425 392 395 431 446 386 428 338 455 398 380 431 398 383 356 395 419 380 326 413 431 401 398 404 395 380 413 404 380 404 422 422 419 371 386 431 389 389 431 383 377 395 386 419 413 431 368 398 404 398 407 443 401 443 455 461 398 392 395
515 485 470 467 422 434 461 467 428 380 422 431 446 476 452 494 464 383 449 392 485 449 464 287 323 338 473 446 530 467 425 386 380 368 344 239 299 260 299 431 254 281 350 287 422 383 458 413 455 302 437 359 383 272 326 392 353 467 296 338 362 464 353 335 347 260 284 425 347 452 284 392 347 296 473 455 422 410 446 407 467 422 326 335 266 395 188 353 335 266 239 353 335 329 296 260 281 335 353 212 377 281 335 521 500 431 425 449 518 371 0 515 476 536 521 485 455 407 416 299 419 341 257 437 527 524 479 191 473 449 224 449 434 335 269 362 284 446 512 437 431 428 416 428 368 473 410 308 338 509 485 278 308 419 359 281 335 434 398 374 338 365 401 374 338 353 362 323 419 362 278 278 446 359 374 260 275 437 266 401 302 392 299 452 374 359 293 245 242 413 425 344 296 374 338 365 224 419 359 308 329 368 368 299 281 338 359 236 416 368 275 287 287 299 281 338 359 287 305 359 383 293 440 455 281 374 338 365 488 281 374 338 365 416 377 368 296 338 275 419 359 383 374 359 389 359 425 332 359 407 374 413 290 386 320 311 287 347 338 341 347 386 419 338 437 308 383 416 416 308 338 497 374 338 380 386 335 335 497 425 455 374 365 338 338 452 425 368 317 422 368 203 371 380 350 329 221 275 290 398 416 398 296 431 260 263 386 512 362 311 461 377 377 395 353 329 320 362 386 335
494 488 428 461 389 398 437 506 464 395 434 419 446 482 446 503 464 377 458 362 515 455 464 284 329 347 458 452 479 428 383 377 314 329 353 242 311 236 311 419 254 230 290 242 392 440 437 374 458 299 422 368 371 314 323 419 344 461 284 329 374 422 314 302 383 281 278 413 329 473 278 383 371 281 467 431 428 446 452 389 485 398 287 308 269 401 176 356 308 269 254 350 308 371 296 248 245 308 356 248 341 245 308 488 482 374 425 440 521 371 515 0 497 1910 503 533 449 422 350 311 419 314 251 377 485 506 482 191 470 425 275 425 377 335 272 305 272 461 515 440 467 449 443 404 374 539 425 293 344 521 509 326 281 419 374 290 380 407 374 335 308 371 416 335 308 311 392 392 404 368 239 266 425 356 344 218 263 431 284 359 368 362 302 482 335 374 320 218 245 446 407 362 272 335 308 371 218 419 374 344 317 338 395 290 245 308 374 215 365 338 221 287 326 290 245 308 374 254 281 374 371 320 428 464 317 335 311 371 428 317 335 311 371 434 347 347 287 308 287 419 374 380 440 368 362 374 407 335 374 392 335 410 305 401 299 272 293 389 308 353 353 359 419 308 431 302 398 371 440 299 308 500 335 308 389 353 341 317 497 428 464 335 371 311 320 455 401 320 308 386 386 233 377 326 356 329 263 299 323 398 431 371 308 458 257 251 395 473 326 299 398 422 422 386 341 392 320 335 431 368
482 458 422 440 395 437 437 494 431 383 389 449 401 482 401 470 440 422 410 362 482 443 440 263 314 314 422 389 464 443 398 368 344 320 317 242 296 248 296 452 191 221 287 248 413 410 416 383 434 236 374 374 353 287 296 377 320 437 260 320 362 413 269 308 338 227 215 398 323 458 215 395 371 266 431 395 428 413 428 353 470 386 269 296 233 395 149 314 296 233 194 308 296 317 281 170 275 296 380 176 323 275 296 467 479 476 449 488 491 329 476 497 0 503 497 512 488 398 332 296 392 302 191 359 491 500 479 140 446 395 209 395 338 308 254 344 224 488 500 458 461 467 416 434 359 455 368 281 311 491 473 245 272 392 335 251 347 419 416 344 299 341 395 344 305 275 380 329 386 305 275 242 407 332 344 200 242 434 236 326 287 353 266 461 344 335 290 224 203 449 353 275 299 344 299 341 155 392 335 302 314 362 395 272 275 305 335 179 365 362 227 260 269 272 275 305 335 215 287 335 401 257 494 428 263 344 302 341 428 263 344 302 341 455 326 317 260 299 248 392 335 332 401 332 386 335 410 323 335 305 344 365 263 359 290 275 251 359 305 272 290 425 395 299 434 305 359 353 449 266 305 461 344 305 407 383 320 257 461 422 428 344 341 302 311 404 374 254 278 356 362 170 332 311 317 320 224 218 317 338 413 365 305 437 206 212 329 419 326 311 389 371 329 350 344 317 257 356 344 317
503 461 440 440 392 386 443 509 452 368 434 419 440 470 440 503 443 380 464 368 512 443 443 266 320 335 464 470 482 449 380 380 317 320 320 242 320 239 320 419 251 248 299 281 404 446 428 410 443 290 422 362 386 317 332 419 326 443 275 338 347 419 326 302 374 263 275 416 320 461 275 380 389 275 467 440 413 455 428 377 482 401 305 308 281 392 158 392 308 281 239 341 308 362 281 239 263 308 371 254 350 263 308 488 512 359 428 428 506 365 536 1910 503 0 521 536 479 398 353 320 410 332 248 371 494 509 464 194 467 413 269 413 389 344 284 314 266 458 518 449 455 446 428 422 389 521 419 296 332 512 500 332 278 410 356 296 374 392 383 359 308 353 404 359 308 299 368 389 422 368 263 266 461 386 350 233 263 422 293 365 353 359 302 482 359 356 320 230 245 464 395 344 269 359 308 353 209 410 356 335 305 347 404 290 263 308 356 224 392 347 224 302 335 290 263 308 356 236 299 356 368 287 428 485 326 359 311 353 422 326 359 311 353 419 368 344 290 308 302 410 356 356 452 365 368 356 410 326 356 392 359 398 302 407 290 287 278 389 308 323 350 368 416 308 422 317 401 365 440 293 308 518 359 308 374 359 329 314 515 440 485 359 353 311 296 446 422 317 302 389 386 224 389 326 368 326 257 290 326 410 428 362 320 461 257 251 374 488 359 287 416 416 401 374 338 377 314 335 434 365
521 494 509 461 434 455 437 503 449 401 434 470 452 485 458 464 464 419 461 401 488 482 464 302 329 326 449 449 503 467 440 389 371 368 332 257 338 266 338 470 224 239 353 257 422 404 431 377 452 314 413 347 389 299 359 389 329 455 305 380 362 443 305 323 383 257 275 449 341 428 275 413 359 308 461 407 437 443 455 386 455 398 323 326 281 398 149 365 326 281 236 347 326 329 305 245 290 326 416 245 362 290 326 494 500 434 419 452 542 344 521 503 497 521 0 503 461 455 371 338 413 356 266 371 509 503 530 182 470 422 242 422 374 311 257 377 293 491 518 425 497 497 404 464 362 452 437 287 326 482 521 260 320 413 380 266 365 422 425 398 323 377 428 398 323 314 353 362 413 377 263 278 458 386 377 212 278 401 254 365 320 422 287 464 398 380 308 242 206 422 410 326 287 398 323 377 272 413 380 323 281 347 395 278 290 323 380 227 380 347 260 287 266 278 290 323 380 281 281 380 389 314 452 434 263 398 326 377 476 263 398 326 377 455 410 374 269 323 290 413 380 344 419 350 416 380 425 320 380 341 398 392 305 356 299 302 281 371 323 305 338 368 410 323 401 317 353 428 413 275 323 446 398 323 395 410 326 338 449 422 434 398 377 326 338 428 431 296 320 398 368 212 392 344 374 344 248 275 332 404 416 410 335 461 281 260 389 431 374 293 407 359 386 398 350 371 332 377 359 371
527 443 482 524 470 452 470 518 440 389 386 509 482 521 491 497 524 428 491 353 602 491 524 242 308 347 497 485 512 506 440 362 446 326 299 266 272 269 272 512 215 158 242 206 476 410 428 377 476 254 413 353 380 284 311 401 335 431 290 326 353 482 281 311 374 206 212 443 326 515 212 413 341 332 446 389 479 428 407 347 449 392 308 317 224 446 122 314 317 224 182 332 317 317 293 161 236 317 419 179 350 236 317 533 497 470 509 518 527 338 485 533 512 536 503 0 503 440 371 272 422 311 200 440 530 560 524 128 533 446 218 446 389 254 263 380 227 542 521 548 551 539 485 446 383 479 416 248 347 506 497 218 275 422 344 257 344 464 407 383 314 350 380 383 311 284 380 317 434 344 233 245 422 392 413 164 242 419 203 356 251 416 257 494 383 344 278 227 206 425 380 320 269 383 314 350 182 422 344 338 293 365 404 239 236 311 344 236 359 365 227 281 236 239 236 311 344 233 260 344 401 260 500 452 236 383 314 350 482 236 383 314 350 479 341 296 239 314 263 422 344 368 356 350 380 344 404 341 344 278 383 347 257 356 290 254 209 359 311 272 293 389 425 314 419 266 353 335 431 254 311 455 383 311 401 395 353 317 455 455 452 383 350 314 305 422 413 239 299 398 368 158 350 314 413 326 212 179 296 380 401 452 314 473 227 221 377 506 335 287 410 416 317 377 350 332 269 362 407 332
464 476 437 485 464 452 452 482 386 452 389 467 452 467 458 455 488 407 422 353 488 440 488 293 311 341 443 452 473 458 440 407 413 386 326 287 350 320 350 470 263 233 287 260 443 392 395 410 434 314 413 365 413 305 335 410 335 446 299 347 383 452 299 335 362 230 254 419 338 461 254 455 356 353 434 398 449 437 413 380 428 383 299 329 275 446 173 329 329 275 233 314 329 407 305 233 269 329 359 197 377 269 329 470 431 491 446 491 470 338 455 449 488 479 461 503 0 410 392 350 431 344 257 431 482 488 473 164 494 383 248 383 374 296 284 413 272 470 491 464 494 515 458 425 392 461 371 332 344 470 494 281 332 431 347 266 332 431 398 377 332 350 401 377 332 335 380 320 440 341 260 272 395 398 371 248 269 437 197 344 302 422 287 428 377 347 287 257 227 440 386 308 305 377 332 350 242 431 347 359 323 371 362 329 269 332 347 248 398 371 272 302 278 329 269 332 347 281 287 347 368 278 488 440 281 377 335 350 461 281 377 335 350 383 374 329 302 332 296 431 347 356 383 353 395 347 419 341 347 314 377 359 272 371 335 296 248 362 332 320 332 344 431 332 437 302 374 347 431 317 332 452 377 332 413 431 350 332 449 410 440 377 350 335 326 422 440 308 305 362 371 188 323 311 401 326 260 263 323 401 404 410 323 434 266 248 350 440 368 308 425 353 356 392 371 332 305 374 392 350
428 422 446 473 452 443 437 440 428 437 419 461 470 437 473 437 470 434 416 422 404 449 470 392 386 383 443 434 446 449 425 437 383 401 368 398 374 389 374 467 341 332 365 353 422 440 425 398 431 416 395 398 401 374 419 440 407 455 383 392 410 443 356 398 431 356 323 395 398 449 323 422 398 395 419 368 461 464 410 410 440 440 350 371 371 431 314 386 371 371 356 383 371 377 380 308 356 371 416 302 431 356 371 446 410 443 497 443 446 386 407 422 398 398 455 440 410 0 407 374 440 422 344 461 386 482 425 263 452 419 353 419 431 392 362 422 341 437 434 434 455 470 446 461 392 452 401 374 383 461 455 338 347 440 389 338 422 419 422 419 371 389 437 419 371 368 407 410 419 356 344 326 368 389 413 329 326 407 317 407 383 446 389 449 419 389 362 350 290 386 383 371 392 419 371 389 302 440 389 398 389 368 419 371 356 371 389 365 398 368 368 383 308 371 356 371 389 383 359 389 407 353 461 431 311 419 371 389 416 311 419 371 389 398 383 392 341 371 356 440 389 368 365 377 401 389 404 371 389 365 419 386 350 407 386 365 353 404 371 404 365 404 443 371 407 377 410 419 404 350 371 416 419 371 422 392 374 401 416 413 431 419 389 371 395 428 455 359 377 407 416 338 374 356 404 344 380 323 392 425 392 425 365 452 341 350 359 473 365 395 464 386 422 431 407 377 365 404 380 407
443 401 416 422 413 464 407 407 404 434 383 452 428 401 431 380 422 404 398 440 371 386 422 407 410 770 374 398 368 419 401 434 437 422 434 410 737 425 737 458 407 395 422 422 452 401 401 431 368 443 419 401 425 386 416 455 410 422 416 440 401 389 416 428 386 422 407 404 467 425 407 416 419 434 443 458 416 401 422 446 413 404 413 797 419 449 401 374 797 419 413 689 797 425 401 386 413 797 398 359 416 413 797 389 395 398 410 398 344 389 416 350 332 353 371 371 392 407 0 737 605 422 413 428 386 365 332 353 380 419 410 419 401 401 416 431 416 398 398 374 362 377 416 404 407 386 377 434 767 386 368 350 407 605 602 383 401 392 437 578 794 605 416 578 800 404 413 374 428 422 419 416 413 428 419 410 413 389 383 398 389 449 413 389 578 602 389 407 401 371 443 377 401 578 794 605 395 605 602 386 356 398 425 431 413 800 602 395 440 398 401 404 380 431 413 800 602 401 455 602 416 362 428 368 383 578 797 605 392 383 578 797 605 344 443 389 431 794 434 605 602 392 383 389 416 602 377 767 602 401 578 413 410 386 413 425 377 428 800 386 380 404 602 794 389 419 383 395 323 425 800 389 578 800 398 422 770 476 389 383 368 578 605 797 440 356 440 407 392 428 425 383 407 416 398 419 413 404 353 404 434 428 422 380 422 425 398 359 404 404 419 416 407 416 443 407 416 395 422 410
347 311 365 338 314 410 329 371 383 368 404 404 404 296 404 341 338 428 362 416 278 371 338 410 419 755 314 407 338 374 338 419 383 374 437 401 2000 434 2000 398 422 431 431 437 383 410 371 386 338 440 374 401 368 410 425 410 422 368 416 407 416 374 386 407 413 404 428 365 386 326 428 386 350 443 404 401 359 380 392 368 401 380 407 770 443 347 407 428 770 443 455 524 770 389 386 416 413 770 326 428 452 413 770 308 293 359 356 293 329 374 299 311 296 320 338 272 350 374 737 0 545 428 437 383 257 284 293 407 317 365 434 365 398 395 410 389 404 308 311 323 314 335 380 341 395 344 356 452 755 350 323 395 392 545 455 389 407 329 344 515 770 452 410 515 767 413 383 392 398 383 401 416 374 401 383 413 416 380 407 404 407 431 407 332 515 455 404 458 452 335 383 395 407 515 770 452 428 545 455 416 416 392 383 437 413 767 455 422 419 392 431 440 389 437 413 767 455 392 404 455 362 416 317 311 389 515 770 452 341 389 515 770 452 314 422 371 419 770 416 545 455 398 374 395 407 455 362 752 455 422 515 416 386 380 434 389 407 404 767 392 389 401 545 770 380 437 380 416 347 422 767 338 515 767 350 353 761 455 341 302 311 515 452 770 404 404 386 398 407 374 416 416 413 413 377 386 425 389 377 410 413 395 407 344 413 416 383 323 383 395 398 380 428 380 410 419 386 443 398 410
410 425 437 467 428 437 401 434 455 446 398 446 443 407 440 398 470 425 407 449 410 419 470 380 389 599 401 458 434 476 407 419 443 419 392 416 545 398 545 452 362 386 395 368 446 422 419 410 431 383 452 434 410 398 404 458 404 422 410 410 434 410 449 404 401 380 392 419 440 446 392 419 401 389 431 410 425 434 446 431 431 410 413 605 425 416 317 407 605 425 392 470 605 425 392 368 383 605 398 326 443 383 605 434 404 389 416 425 422 398 419 419 392 410 413 422 431 440 605 545 0 407 371 422 365 416 404 332 434 464 392 464 401 392 365 416 398 425 425 431 413 431 419 452 368 419 407 395 599 413 443 347 392 2000 569 377 377 404 425 590 602 566 413 590 602 392 419 356 431 413 380 389 416 425 398 356 392 419 359 386 404 440 365 419 590 569 374 353 332 413 401 356 380 590 602 566 347 2000 569 407 368 407 434 386 383 602 569 350 422 407 392 395 383 386 383 602 569 356 398 569 401 398 431 410 386 590 602 566 416 386 590 602 566 383 431 410 362 602 383 2000 569 386 401 395 425 569 455 608 569 380 590 431 368 428 413 443 374 428 602 371 380 404 1994 602 419 380 425 425 416 362 602 392 590 602 470 440 611 449 398 416 410 590 566 602 407 407 470 425 398 410 407 326 389 419 392 395 386 398 368 428 434 401 395 407 368 374 404 401 356 422 446 413 407 413 404 428 401 437 401 431
341 353 368 368 341 416 359 347 410 377 404 407 395 329 389 392 368 392 374 431 281 383 368 443 410 440 350 398 365 365 371 389 383 389 437 449 428 440 428 404 464 440 464 464 404 452 407 455 389 443 416 428 428 428 428 482 392 404 452 416 398 401 395 431 422 419 422 407 413 356 422 404 368 437 389 413 386 377 416 416 353 437 431 458 458 380 425 449 458 458 440 419 458 413 419 431 428 458 398 401 479 428 458 341 332 344 377 368 329 440 341 314 302 332 356 311 344 422 422 428 407 0 461 425 254 314 302 395 356 404 425 404 404 419 413 383 416 317 329 359 329 329 383 377 404 353 428 434 440 374 356 437 419 407 419 452 437 341 359 410 458 416 389 410 455 392 413 374 440 422 431 419 395 419 398 434 416 395 431 389 440 401 434 374 410 419 425 431 410 395 404 395 386 410 458 416 407 407 419 437 407 371 419 431 428 455 419 425 416 371 386 452 413 431 428 455 419 404 434 419 389 425 383 353 416 410 455 416 329 416 410 455 416 332 407 338 428 458 431 407 419 374 392 413 407 419 368 443 419 428 410 455 425 401 440 443 443 392 455 443 419 398 410 458 395 416 401 413 335 425 455 332 410 455 410 356 437 458 332 371 353 410 416 455 416 383 392 413 401 422 413 473 416 428 419 416 428 428 419 401 392 401 434 383 437 431 416 386 410 431 401 413 428 404 416 455 440 440 452 392
272 281 290 311 242 308 281 278 338 362 311 302 296 227 293 233 311 335 299 422 164 311 311 461 458 419 227 353 245 290 266 380 320 362 398 434 437 404 437 305 527 500 449 518 323 407 347 359 284 443 398 395 344 440 395 392 440 302 479 440 467 320 401 443 377 488 479 344 383 293 479 362 368 422 371 344 293 308 386 362 290 374 449 422 482 380 506 437 422 482 518 425 422 425 380 506 467 422 320 509 428 467 422 215 251 260 281 233 221 425 257 251 191 248 266 200 257 344 413 437 371 461 0 347 152 212 185 443 263 344 485 344 320 449 431 335 461 194 239 257 188 206 320 296 368 275 302 446 413 290 257 473 461 371 425 407 413 269 308 362 422 422 392 362 422 419 404 347 347 443 443 473 380 362 323 470 473 365 482 395 446 311 482 338 362 425 446 470 470 308 371 392 416 362 422 422 527 371 425 440 407 341 359 446 467 422 425 455 362 341 467 440 452 446 467 422 425 419 437 425 320 491 272 371 452 362 422 422 281 452 362 422 422 221 425 410 431 422 440 371 425 317 395 416 356 425 377 428 425 455 362 413 467 419 452 485 464 437 422 440 467 416 371 422 365 452 416 428 227 431 422 302 362 422 380 335 413 425 299 287 371 362 422 422 386 314 362 440 443 365 428 518 401 437 311 362 443 467 398 416 323 344 434 287 464 452 356 230 380 446 374 353 410 368 437 410 431 362 392 437
413 389 476 470 458 473 434 440 401 443 440 485 452 419 452 410 470 404 413 386 434 452 470 377 398 413 419 428 428 431 416 455 428 386 398 401 383 380 383 488 356 314 377 386 452 401 404 416 434 377 416 419 431 350 398 410 410 440 416 410 437 467 389 401 428 353 320 434 416 458 320 428 377 368 437 407 434 443 422 413 383 437 377 407 362 425 317 389 407 362 335 389 407 407 380 344 371 407 413 281 449 371 407 395 377 416 452 455 431 407 437 377 359 371 371 440 431 461 428 383 422 425 347 0 404 428 410 275 431 419 359 419 386 362 389 443 371 440 386 467 449 428 437 404 428 482 386 389 407 413 413 323 377 422 431 410 377 398 404 401 410 428 383 401 410 359 410 413 437 353 338 359 446 383 380 350 356 437 365 401 371 437 329 389 401 431 326 344 344 404 425 368 398 401 410 428 362 422 431 437 365 443 380 389 371 410 431 380 419 443 374 404 356 389 371 410 431 401 395 431 407 353 470 425 359 401 410 428 413 359 401 410 428 371 401 395 371 410 392 422 431 377 365 392 428 431 440 419 431 377 401 428 362 437 398 368 341 362 410 371 401 389 425 410 437 389 437 440 404 386 410 416 401 410 443 458 407 410 413 413 425 401 428 410 401 398 443 404 341 440 404 347 383 380 386 377 374 335 380 392 404 431 383 428 401 389 407 419 392 401 437 431 386 443 416 380 428 386 410 395
500 464 467 479 491 449 491 482 398 395 410 476 458 518 458 506 482 404 416 353 569 452 482 236 254 326 488 434 512 446 422 389 383 320 302 236 257 254 257 476 164 161 266 173 434 377 389 344 467 242 374 338 395 248 281 374 269 440 230 281 329 443 272 299 314 191 194 446 335 491 194 401 362 290 416 422 476 419 401 392 440 374 269 296 206 392 71 278 296 206 173 275 296 284 302 182 239 296 374 122 326 239 296 533 473 446 485 512 509 278 527 485 491 494 509 530 482 386 386 257 365 254 152 404 0 563 521 140 512 392 161 392 419 224 230 380 212 554 506 494 563 521 449 461 335 437 401 254 329 494 500 149 263 365 338 224 317 476 443 380 296 341 395 380 299 287 329 314 392 236 212 218 416 389 401 161 221 401 194 296 251 413 206 452 380 338 233 194 167 392 383 335 218 380 296 341 134 365 338 275 296 317 392 260 239 299 338 194 371 317 203 254 233 260 239 299 338 233 254 338 374 200 503 422 230 380 299 341 434 230 380 299 341 449 356 326 260 296 215 365 338 338 308 314 347 338 389 314 338 263 380 311 221 341 272 260 182 308 299 251 326 317 368 296 401 266 341 338 476 278 299 455 380 299 377 410 320 290 455 512 422 380 341 299 278 362 407 245 233 368 296 110 344 278 356 290 233 173 245 338 386 419 257 452 191 191 338 512 335 260 395 359 326 362 308 278 272 347 332 311
491 476 488 506 491 497 461 494 443 419 440 527 494 518 506 500 506 404 461 383 554 491 506 311 293 323 488 458 521 515 449 392 425 383 335 287 284 284 284 527 239 164 284 230 422 380 407 401 473 287 383 407 407 287 350 392 338 470 269 341 359 473 335 338 380 224 239 446 374 491 239 434 371 332 407 395 491 461 473 380 443 449 284 320 266 416 140 317 320 266 209 329 320 335 323 197 260 320 410 167 377 260 320 524 476 461 515 506 533 302 524 506 500 509 503 560 488 482 365 284 416 314 212 428 563 0 542 170 521 491 191 491 428 233 251 404 275 542 530 515 542 551 476 500 365 473 416 284 329 494 512 197 278 416 335 272 311 485 428 401 320 332 410 401 323 317 335 317 392 296 263 260 422 410 422 197 257 446 200 335 287 434 215 455 401 335 302 239 197 410 389 326 269 401 320 332 224 416 335 344 317 323 416 284 260 323 335 218 374 323 248 263 251 284 260 323 335 248 287 335 428 251 485 419 254 401 323 332 491 254 401 323 332 452 398 371 287 320 269 416 335 341 344 365 359 335 419 335 335 317 401 371 272 347 320 281 239 365 323 293 299 389 416 320 446 293 344 332 500 293 323 476 401 323 446 440 335 326 473 482 419 401 332 323 332 431 440 275 311 371 365 167 353 287 386 344 260 227 326 338 413 443 272 467 269 260 362 491 344 299 434 371 329 425 356 320 275 383 371 353
509 452 518 500 488 470 467 494 422 428 392 482 491 527 503 521 503 401 452 374 524 464 503 305 269 317 482 455 503 488 458 359 419 344 326 269 293 269 293 482 167 125 248 212 434 353 422 395 479 245 374 332 422 248 296 395 290 434 233 311 380 485 335 299 356 194 200 452 335 494 200 428 335 284 440 374 482 443 374 362 422 413 248 284 233 380 110 317 284 233 197 329 284 305 281 197 218 284 368 143 341 218 284 548 485 488 509 509 518 299 479 482 479 464 530 524 473 425 332 293 404 302 185 410 521 542 0 131 554 437 170 437 392 251 233 386 209 572 524 518 581 590 467 476 347 503 422 275 314 524 512 176 290 404 344 230 329 497 473 383 290 344 377 383 290 266 398 305 425 290 212 203 437 407 398 173 203 380 191 311 251 416 188 434 383 344 212 197 167 365 410 284 311 383 290 344 179 404 344 293 233 311 404 269 218 290 344 215 365 311 230 266 239 269 218 290 344 251 254 344 422 227 503 446 233 383 290 344 440 233 383 290 344 416 347 326 254 290 257 404 344 317 359 371 371 344 368 308 344 320 383 353 257 323 296 245 218 362 290 236 290 338 407 290 380 287 326 329 452 272 290 452 383 290 386 449 320 287 455 422 446 383 344 290 314 416 425 266 269 362 347 140 368 293 362 314 218 155 302 356 410 425 284 458 218 212 359 467 275 293 413 344 353 419 347 299 269 338 344 347
230 200 236 239 158 254 257 209 281 314 242 251 230 158 227 191 236 269 260 380 161 239 236 410 386 374 179 272 182 242 245 302 275 305 371 398 407 407 407 245 470 473 425 431 290 377 320 338 242 410 302 359 323 425 356 332 377 278 407 371 344 263 404 386 326 455 449 281 359 212 449 287 299 410 296 314 257 266 314 290 311 311 410 398 455 302 440 383 398 455 467 389 398 353 377 464 416 398 290 467 356 416 398 173 218 221 233 161 143 332 191 191 140 194 182 128 164 263 353 407 332 395 443 275 140 170 131 0 170 308 452 308 299 389 437 296 416 164 212 218 125 152 269 245 293 239 266 413 380 218 185 428 389 332 347 416 377 221 254 344 398 353 317 344 392 332 341 305 311 401 422 407 335 335 347 452 410 293 455 377 404 275 428 278 344 347 410 425 416 248 305 329 359 344 398 353 470 332 347 401 395 284 344 407 416 392 347 422 365 284 392 416 410 407 416 392 347 413 413 347 314 413 185 263 410 344 395 353 227 410 344 395 353 182 347 350 416 398 410 332 347 311 347 353 350 347 284 380 347 401 344 401 419 353 395 437 467 362 392 356 347 338 332 398 293 416 356 356 197 419 392 227 344 392 326 260 383 398 230 239 263 344 353 395 362 281 314 419 380 314 371 476 344 410 308 374 428 419 377 329 296 275 413 263 440 437 368 176 371 380 323 299 398 290 344 419 407 311 362 353
491 434 491 497 518 476 473 494 437 443 413 497 497 476 494 524 500 422 473 416 500 476 500 299 314 359 491 467 473 479 455 416 431 359 335 302 317 296 317 497 245 236 344 266 479 410 479 407 482 317 419 386 425 290 335 407 335 452 326 311 383 473 383 332 401 269 272 434 356 476 272 410 380 347 437 392 500 458 452 395 446 428 320 359 266 422 194 323 359 266 248 359 359 341 338 233 266 359 389 173 395 266 359 500 455 506 485 470 473 350 473 470 446 467 470 533 494 452 380 317 434 356 263 431 512 521 554 170 0 437 275 437 419 296 284 413 275 512 509 497 509 509 437 479 377 476 410 323 359 518 509 275 296 434 395 308 335 473 416 398 362 395 413 398 359 326 359 365 434 311 248 260 446 392 425 272 257 452 245 362 314 431 224 434 398 395 266 236 218 398 413 365 332 398 362 395 221 434 395 341 332 347 404 314 266 359 395 266 413 347 257 293 296 314 266 359 395 260 308 395 377 290 482 470 293 398 362 395 434 293 398 362 395 419 407 338 290 362 284 434 395 374 365 374 371 395 389 356 395 320 398 383 278 362 362 314 275 371 359 302 353 383 434 362 452 326 365 374 437 299 359 467 398 359 425 461 365 365 470 437 470 398 395 362 341 437 419 314 329 389 395 194 368 293 404 344 290 275 302 392 422 443 314 455 290 266 389 482 371 308 446 371 362 428 398 332 335 386 380 368
440 419 452 461 425 446 437 428 440 437 362 485 476 434 473 428 461 434 443 434 446 479 461 410 374 404 419 404 389 479 416 398 452 413 410 401 365 392 365 485 386 347 392 380 431 419 410 386 452 383 419 392 419 368 401 401 416 422 368 395 407 422 392 407 413 374 395 404 395 428 395 422 401 410 440 383 443 419 431 410 437 446 410 395 356 425 308 362 395 356 353 407 395 374 377 338 371 395 431 332 419 371 395 431 422 419 452 413 428 359 449 425 395 413 422 446 383 419 419 365 464 404 344 419 392 491 437 308 437 0 353 2000 443 329 338 437 356 434 410 434 431 455 443 494 377 464 398 407 401 431 437 335 368 464 428 353 371 476 428 419 395 431 428 419 398 341 392 335 413 389 356 380 419 452 401 359 377 389 311 395 380 392 323 443 419 428 371 338 329 356 440 392 434 419 395 431 344 464 428 413 356 371 428 401 371 398 428 344 401 371 362 380 332 401 371 398 428 353 371 428 425 341 449 410 332 419 395 431 419 332 419 395 431 362 395 395 377 395 386 464 428 407 395 389 392 428 377 398 428 377 419 359 386 410 389 401 368 446 398 383 368 401 464 395 389 380 407 413 377 386 398 425 419 398 431 425 395 413 422 425 410 419 431 395 407 377 437 398 359 401 416 311 392 392 380 374 362 338 389 383 401 452 386 422 362 362 356 395 350 398 428 389 371 431 395 365 371 368 410 425
272 302 317 281 275 329 320 302 332 341 350 305 326 215 320 242 281 359 308 350 191 287 281 443 458 428 230 371 251 347 287 362 326 371 428 443 434 470 434 308 506 515 470 488 356 410 356 359 305 458 380 407 335 443 419 386 443 332 464 428 404 305 419 422 383 485 470 350 383 314 470 359 362 416 329 341 308 347 389 404 350 356 446 422 485 350 470 416 422 485 494 428 422 419 377 503 446 422 332 503 434 446 422 254 275 272 302 230 242 413 224 275 209 269 242 218 248 353 410 434 392 425 485 359 161 191 170 452 275 353 0 353 341 458 446 335 443 161 260 260 206 215 293 311 368 278 314 440 422 290 263 506 428 392 395 470 410 242 293 407 425 392 371 407 422 395 389 392 383 434 461 452 344 359 341 518 449 359 485 377 488 341 515 323 407 395 434 476 473 305 392 401 404 407 425 392 470 392 395 452 422 392 410 449 446 422 395 458 407 392 458 437 419 449 446 422 395 404 422 395 326 494 251 347 413 407 422 392 302 413 407 422 392 269 419 392 416 425 464 392 395 359 377 413 371 395 359 422 395 431 407 464 473 419 443 479 473 383 422 473 431 401 386 425 359 455 416 407 275 428 422 305 407 422 374 350 422 455 308 293 347 407 392 422 425 353 374 443 413 383 410 536 401 443 350 401 461 491 386 437 359 329 425 308 446 440 401 251 407 407 368 374 425 377 413 410 440 413 407 419
440 419 452 461 425 446 437 428 440 437 362 485 476 434 473 428 461 434 443 434 446 479 461 410 374 404 419 404 389 479 416 398 452 413 410 401 365 392 365 485 386 347 392 380 431 419 410 386 452 383 419 392 419 368 401 401 416 422 368 395 407 422 392 407 413 374 395 404 395 428 395 422 401 410 440 383 443 419 431 410 437 446 410 395 356 425 308 362 395 356 353 407 395 374 377 338 371 395 431 332 419 371 395 431 422 419 452 413 428 359 449 425 395 413 422 446 383 419 419 365 464 404 344 419 392 491 437 308 437 2000 353 0 443 329 338 437 356 434 410 434 431 455 443 494 377 464 398 407 401 431 437 335 368 464 428 353 371 476 428 419 395 431 428 419 398 341 392 335 413 389 356 380 419 452 401 359 377 389 311 395 380 392 323 443 419 428 371 338 329 356 440 392 434 419 395 431 344 464 428 413 356 371 428 401 371 398 428 344 401 371 362 380 332 401 371 398 428 353 371 428 425 341 449 410 332 419 395 431 419 332 419 395 431 362 395 395 377 395 386 464 428 407 395 389 392 428 377 398 428 377 419 359 386 410 389 401 368 446 398 383 368 401 464 395 389 380 407 413 377 386 398 425 419 398 431 425 395 413 422 425 410 419 431 395 407 377 437 398 359 401 416 311 392 392 380 374 362 338 389 383 401 452 386 422 362 362 356 395 350 398 428 389 371 431 395 365 371 368 410 425
419 368 422 428 374 422 425 455 419 410 416 428 443 392 440 422 428 431 419 398 383 404 428 386 389 410 464 413 401 404 428 395 395 407 422 371 398 380 398 431 356 344 398 383 419 413 410 392 419 401 416 398 410 383 386 404 389 395 374 386 413 446 419 392 371 347 332 452 413 413 332 398 401 434 455 416 452 416 416 422 410 416 410 383 362 386 299 356 383 362 365 386 383 347 419 347 404 383 398 329 410 404 383 401 350 371 428 392 377 392 434 377 338 389 374 389 374 431 401 398 401 404 320 386 419 428 392 299 419 443 341 443 0 350 371 380 356 413 398 368 407 431 443 416 377 377 389 374 407 437 428 359 368 401 365 326 389 419 380 419 386 377 392 419 380 404 374 362 440 386 377 374 467 404 458 347 374 392 350 371 365 392 341 404 419 365 389 347 380 371 416 389 341 419 386 377 353 401 365 413 416 359 365 371 404 380 365 350 410 359 338 371 329 371 404 380 365 326 359 365 386 332 407 416 323 419 383 377 419 323 419 383 377 383 377 374 374 386 377 401 365 347 374 380 362 365 377 398 365 410 419 434 383 374 437 383 371 389 380 404 377 395 407 386 392 383 374 383 428 374 380 389 419 380 416 386 407 410 389 455 416 419 377 383 404 425 398 389 389 410 398 332 428 347 431 383 374 359 329 383 413 458 401 386 371 353 410 404 401 374 398 389 392 407 389 380 368 425 401 395
308 335 308 320 266 317 344 302 359 347 353 338 320 290 314 266 320 353 323 383 236 326 320 398 416 404 278 338 326 332 317 350 320 368 380 410 395 407 395 344 434 455 425 482 350 398 386 392 326 431 407 398 371 404 455 422 428 380 392 428 398 317 383 386 395 428 395 326 368 323 395 365 377 383 383 374 371 350 392 398 347 371 419 404 410 341 416 428 404 410 419 413 404 446 392 431 440 404 356 425 419 440 404 242 293 305 290 329 272 407 335 335 308 344 311 254 296 392 401 395 392 419 449 362 224 233 251 389 296 329 458 329 350 0 425 371 431 245 296 299 245 272 368 311 392 380 329 395 407 317 338 437 401 392 395 422 377 266 347 380 407 401 407 380 410 395 398 383 368 410 422 419 350 350 332 440 419 398 473 410 410 383 455 380 380 395 407 416 392 365 356 383 398 380 407 401 425 392 395 416 392 335 353 401 440 410 395 401 404 335 431 407 410 401 440 410 395 398 443 395 362 458 296 377 410 380 407 401 296 410 380 407 401 299 386 377 428 407 404 392 395 359 398 416 380 395 389 407 395 434 380 431 413 392 416 449 443 380 410 431 407 383 389 407 398 440 395 416 296 431 410 332 380 410 371 332 401 410 335 317 377 380 401 407 407 353 374 428 383 371 431 461 380 437 311 386 413 434 380 422 335 335 407 329 428 437 410 308 386 398 371 398 461 344 410 440 398 380 386 407
323 344 329 335 293 368 338 323 365 365 347 383 335 257 332 320 335 356 362 389 269 350 335 425 395 419 326 329 269 341 353 368 392 380 419 446 410 452 410 383 419 425 416 428 368 422 383 410 302 446 374 410 380 428 386 410 416 383 416 404 392 356 371 434 401 455 410 347 401 326 410 365 371 434 347 362 332 341 365 362 329 404 434 437 431 356 467 428 437 431 437 455 437 416 407 437 419 437 386 485 440 419 437 287 299 308 329 287 287 410 269 272 254 284 257 263 284 362 416 410 365 413 431 389 230 251 233 437 284 338 446 338 371 425 0 347 437 281 299 305 257 299 320 341 347 338 365 458 422 305 299 455 401 365 404 419 386 293 350 401 440 404 356 401 443 356 371 326 344 431 413 434 392 404 365 440 437 338 431 371 434 371 443 317 401 404 422 419 425 314 362 386 422 401 440 404 419 365 404 413 395 371 392 458 419 443 404 407 413 371 413 428 422 458 419 443 404 401 452 404 377 413 335 314 428 401 440 404 317 428 401 440 404 257 392 353 455 440 431 365 404 350 374 401 398 404 380 425 404 413 401 410 416 401 416 455 422 419 443 368 386 389 365 440 338 401 401 395 254 461 443 293 401 443 362 368 422 440 296 317 314 401 404 440 401 365 389 428 431 389 389 419 386 431 401 404 458 461 410 395 350 365 416 314 416 398 389 305 380 401 374 416 410 380 434 413 386 365 377 404
443 374 470 422 437 425 404 389 428 443 356 464 410 407 410 401 422 404 437 410 407 416 422 422 398 401 422 395 416 425 446 413 470 428 422 398 389 446 389 470 371 320 353 344 425 365 401 398 419 407 371 368 428 341 395 416 392 401 389 386 392 422 365 431 401 362 332 401 407 395 332 407 371 425 368 377 404 416 407 386 359 428 428 395 362 431 323 383 395 362 341 455 395 386 404 293 371 395 419 329 461 371 395 389 353 425 446 404 383 359 362 305 344 314 377 380 413 422 431 389 416 383 335 443 380 404 386 296 413 437 335 437 380 371 347 0 368 431 371 443 425 461 434 440 392 410 350 368 404 380 374 323 344 416 413 365 392 398 365 416 398 413 410 416 401 371 392 329 425 356 362 368 395 380 392 338 368 413 296 362 344 407 323 401 416 413 371 383 350 362 374 350 383 416 398 413 344 416 413 371 353 359 425 368 371 401 413 413 428 359 365 419 362 368 371 401 413 374 407 413 386 344 449 371 368 416 398 413 428 368 416 398 413 344 395 338 383 398 392 416 413 350 374 398 365 413 368 410 413 320 416 335 395 395 371 416 365 392 401 362 353 386 416 398 413 401 395 425 338 377 401 380 416 401 440 431 407 422 386 395 371 416 413 398 365 368 434 347 362 416 395 320 359 362 398 374 392 329 353 395 374 404 374 389 356 341 353 386 362 407 440 374 368 413 395 374 362 425 401 377
317 323 359 332 296 341 350 305 359 362 341 362 380 299 380 275 329 359 332 401 248 347 329 425 425 425 317 338 284 350 320 365 353 407 410 434 404 416 404 359 455 473 449 467 359 380 344 377 314 440 392 407 356 443 410 416 437 356 449 431 437 329 437 440 416 476 470 335 389 299 470 362 371 461 383 368 320 356 389 422 326 431 467 428 461 338 437 425 428 461 443 455 428 395 383 440 425 428 371 485 404 425 428 266 275 308 341 275 302 413 284 272 224 266 293 227 272 341 416 404 398 416 461 371 212 275 209 416 275 356 443 356 356 431 437 368 0 269 299 323 233 266 341 335 350 317 323 452 425 317 314 440 401 398 395 428 413 329 323 380 431 395 368 380 431 392 377 380 374 422 416 428 350 389 395 449 425 383 470 386 446 365 440 332 380 395 395 482 425 308 389 392 377 380 431 395 452 398 395 416 392 368 377 452 425 431 395 452 368 368 434 419 461 452 425 431 395 419 449 395 377 449 296 323 461 380 431 395 314 461 380 431 395 281 419 374 437 431 410 398 395 380 365 374 383 395 356 440 395 422 380 419 419 389 425 464 449 410 431 398 416 389 398 431 383 464 389 431 302 446 431 287 380 431 365 329 434 455 284 320 323 380 395 431 440 308 362 452 431 389 407 479 392 416 413 422 440 443 371 386 359 362 449 353 473 488 404 299 392 416 377 371 392 377 389 455 443 392 392 401
506 437 527 518 518 479 473 500 425 470 374 524 500 518 500 488 518 425 491 389 575 503 518 308 293 368 527 437 494 482 464 422 449 389 311 341 308 341 308 530 215 158 242 215 497 377 416 398 470 308 422 344 443 296 338 410 293 452 302 317 380 461 338 323 374 215 209 446 365 509 209 464 359 395 446 386 518 443 404 392 455 485 314 332 263 419 152 293 332 263 206 353 332 314 326 197 254 332 416 176 356 254 332 524 476 446 542 524 494 287 446 461 488 458 491 542 470 437 398 308 425 317 194 440 554 542 572 164 512 434 161 434 413 245 281 431 269 0 491 524 578 560 482 479 380 464 404 281 371 482 491 191 299 425 371 314 335 509 470 392 338 362 356 392 332 302 395 296 434 317 245 236 434 383 410 200 236 392 194 311 299 425 218 464 392 371 266 221 197 359 368 287 335 392 338 362 215 425 371 308 260 341 446 275 254 332 371 266 383 341 251 281 245 275 254 332 371 263 296 371 467 209 530 407 248 392 335 362 425 248 392 335 362 419 374 314 287 338 305 425 371 365 338 386 404 371 386 362 371 272 392 320 254 368 332 269 233 365 332 311 293 353 428 338 392 305 368 350 416 290 332 410 392 332 428 440 362 368 416 452 407 392 362 335 338 389 461 290 278 389 356 122 341 260 410 344 272 197 281 356 410 473 299 485 254 254 329 482 332 299 407 374 314 407 329 311 326 368 383 356
488 461 455 479 476 467 464 509 455 410 440 455 479 485 485 494 482 422 470 368 515 476 482 284 350 365 482 434 509 479 434 356 395 365 344 281 311 290 311 458 257 221 314 281 431 395 467 401 446 281 437 356 428 314 338 425 344 470 302 359 368 458 362 311 392 236 242 446 350 476 242 422 347 329 461 410 437 440 461 410 476 437 314 341 281 395 143 383 341 281 227 335 341 356 323 248 278 341 383 203 377 278 341 521 479 482 479 458 515 359 512 515 500 518 518 521 491 434 398 311 425 329 239 386 506 530 524 212 509 410 260 410 398 296 299 371 299 491 0 470 494 518 428 467 383 473 425 281 371 515 512 269 278 425 356 296 368 470 449 392 341 359 437 392 344 308 386 326 389 359 269 254 437 398 422 233 254 428 254 353 326 419 272 464 392 356 302 248 236 461 404 320 287 392 341 359 206 425 356 311 314 398 410 281 278 344 356 224 401 398 242 302 281 281 278 344 356 287 311 356 419 272 485 446 278 392 344 359 470 278 392 344 359 458 371 383 281 341 266 425 356 386 398 362 419 356 413 368 356 329 392 377 290 368 308 305 287 356 344 281 311 377 425 341 428 320 365 374 452 287 344 485 392 344 398 425 374 341 485 464 446 392 359 344 344 452 422 311 323 425 395 212 404 323 365 323 287 257 335 389 446 440 329 440 299 308 365 500 341 287 434 416 374 398 377 344 320 401 365 359
473 419 488 497 506 437 461 455 422 434 413 476 479 506 479 458 497 473 455 395 503 464 497 314 314 356 476 449 506 488 434 416 443 392 341 344 323 380 323 479 254 233 284 296 500 413 437 422 461 323 410 404 437 302 341 437 359 470 350 338 404 467 347 350 428 272 269 461 371 488 269 434 380 353 425 398 479 464 398 398 443 464 359 356 275 437 212 338 356 275 269 332 356 365 344 245 305 356 407 218 374 305 356 488 455 449 482 491 467 353 437 440 458 449 425 548 464 434 374 323 431 359 257 467 494 515 518 218 497 434 260 434 368 299 305 443 323 524 470 0 530 527 473 512 371 467 410 302 353 455 497 263 341 431 386 332 383 485 500 383 359 392 383 383 359 347 407 305 440 335 296 293 425 401 419 239 293 410 239 350 353 422 245 431 383 386 299 254 266 404 380 302 350 383 359 392 266 431 386 356 305 389 443 293 305 359 386 296 437 389 293 341 296 293 305 359 386 287 332 386 434 254 509 434 290 383 359 392 440 290 383 359 392 413 368 347 317 359 323 431 386 377 362 389 431 386 395 353 386 317 383 344 302 374 335 347 257 416 359 323 308 395 425 359 410 341 374 365 449 323 359 428 383 359 434 449 350 371 434 452 434 383 392 359 344 425 455 350 317 413 386 236 362 329 422 350 308 263 326 389 404 446 338 479 311 308 356 443 347 344 443 419 338 407 401 362 320 362 380 365
476 428 470 518 506 458 428 485 455 437 434 512 506 521 509 461 521 407 500 389 569 482 521 296 272 335 530 461 491 506 464 410 425 365 326 299 314 299 314 512 230 143 233 233 428 395 395 395 482 257 362 329 419 245 311 413 281 446 275 344 383 488 293 332 383 209 209 416 356 527 209 404 374 320 419 362 503 443 386 422 443 470 272 293 221 401 137 308 293 221 221 326 293 317 320 179 209 293 437 185 371 209 293 500 470 488 500 524 497 335 431 467 461 455 497 551 494 455 362 314 413 329 188 449 563 542 581 125 509 431 206 431 407 245 257 425 233 578 494 530 0 1088 467 503 344 500 392 266 332 485 518 194 275 413 341 266 338 485 452 395 296 338 389 395 296 266 380 323 446 299 212 212 431 410 425 164 215 392 173 308 266 431 206 461 395 341 245 221 176 383 386 299 317 395 296 338 215 413 341 332 269 347 407 257 209 296 341 260 380 347 245 284 242 257 209 296 341 251 281 341 398 236 521 425 242 395 296 338 428 242 395 296 338 419 386 326 245 296 302 413 341 341 347 362 383 341 359 329 341 272 395 332 269 362 323 263 236 341 296 293 299 380 419 296 392 311 362 311 437 260 296 443 395 296 407 431 326 311 443 476 425 395 338 296 317 401 428 299 320 374 350 134 356 236 386 320 266 182 314 374 377 464 296 476 215 215 350 500 317 284 404 356 314 380 350 320 311 344 338 392
497 434 491 521 521 467 455 479 443 428 434 515 512 578 506 518 524 425 467 362 548 497 524 299 290 392 536 455 515 530 467 389 446 383 341 308 335 338 335 509 260 176 275 236 431 404 413 410 470 278 413 371 482 266 326 437 302 464 278 347 374 476 359 323 416 230 254 446 395 539 254 449 392 368 431 392 515 449 410 389 422 473 326 362 254 425 167 347 362 254 227 347 362 329 338 206 239 362 440 176 374 239 362 530 467 524 521 521 503 338 428 449 467 446 497 539 515 470 377 335 431 329 206 428 521 551 590 152 509 455 215 455 431 272 299 461 266 560 518 527 1088 0 506 536 413 488 422 290 392 482 536 227 284 431 368 287 332 512 467 434 365 371 392 434 368 293 359 353 443 323 233 224 437 407 413 206 224 401 233 308 299 434 227 461 434 368 242 224 209 413 398 314 293 434 365 371 209 431 368 320 287 341 434 284 239 368 368 302 398 341 278 314 290 284 239 368 368 299 272 368 404 221 521 401 296 434 365 371 422 296 434 365 371 437 347 335 290 365 305 431 368 335 368 362 356 368 383 380 368 275 434 350 284 344 353 275 242 356 368 308 287 377 434 365 401 296 347 323 428 290 368 470 434 368 419 482 389 365 467 503 401 434 371 365 353 407 416 290 320 395 356 167 374 269 398 332 260 203 305 386 413 443 332 497 251 239 377 500 356 308 410 395 332 404 380 350 332 353 383 425
446 434 488 476 461 473 449 449 392 464 395 479 479 455 467 488 479 428 428 407 452 446 479 359 374 401 452 458 443 461 446 407 437 404 356 365 380 383 380 482 338 281 347 341 440 431 455 425 437 365 404 410 473 353 383 434 356 446 365 398 398 440 398 374 389 323 332 407 377 440 332 461 368 377 419 416 476 440 437 401 398 437 404 386 308 425 239 356 386 308 317 386 386 389 350 311 362 386 440 263 413 362 386 485 440 452 482 455 449 377 416 443 416 428 404 485 458 446 416 380 419 383 320 437 449 476 467 269 437 443 293 443 443 368 320 434 341 482 428 473 467 506 0 485 383 440 401 377 404 431 443 296 341 419 380 377 362 461 452 407 383 380 413 407 386 362 398 362 455 383 347 362 407 383 413 326 365 422 275 368 365 434 302 437 407 380 353 335 299 407 434 362 374 407 383 380 308 419 380 380 374 374 440 365 362 386 380 350 431 374 359 407 341 365 362 386 380 329 356 380 437 284 494 395 344 407 383 380 413 344 407 383 380 395 371 365 344 383 380 419 380 350 386 431 422 380 386 407 380 353 407 383 350 374 383 338 347 410 386 338 362 365 425 383 422 368 371 395 425 350 386 419 407 386 425 443 392 410 416 443 395 407 380 383 368 428 440 359 350 392 410 272 368 350 416 380 356 296 386 383 440 434 374 461 338 353 392 458 374 371 434 383 362 407 434 374 359 389 419 410
473 440 488 512 473 455 431 440 425 425 395 494 461 470 455 479 509 410 494 425 455 467 509 362 365 401 455 458 443 485 446 404 437 398 371 380 341 371 341 497 353 293 329 314 440 392 410 395 461 314 404 371 446 338 359 401 365 458 356 389 395 443 377 329 440 302 317 416 383 467 317 473 398 380 470 401 476 446 455 443 431 479 362 389 308 428 266 374 389 308 296 377 389 344 344 275 314 389 452 254 425 314 389 434 443 443 446 458 449 347 428 404 434 422 464 446 425 461 404 341 452 377 296 404 461 500 476 245 479 494 311 494 416 311 341 440 335 479 467 512 503 536 485 0 392 500 467 356 401 425 473 287 359 452 416 362 350 485 476 419 383 425 428 419 386 317 389 344 407 353 299 296 431 404 419 287 299 413 317 347 347 449 281 425 419 416 323 293 257 377 401 353 368 419 383 425 302 452 416 371 365 368 470 338 314 386 416 311 425 368 326 323 350 338 314 386 416 326 320 416 449 308 488 395 350 419 386 425 422 350 419 386 425 434 407 365 320 383 365 452 416 377 404 428 383 416 419 404 416 314 419 380 335 407 377 353 311 389 386 344 353 383 455 383 413 338 407 383 401 320 386 404 419 386 440 440 401 368 407 467 395 419 425 386 383 437 440 335 377 383 380 272 383 335 413 350 323 272 359 392 401 422 359 467 293 305 389 446 359 371 395 428 377 440 416 377 353 398 368 422
383 377 392 383 329 416 356 389 368 371 392 425 407 374 413 398 380 353 386 374 359 395 380 344 398 383 404 383 389 383 338 368 338 350 368 350 395 383 395 425 377 371 350 353 416 422 386 362 386 383 380 368 371 371 419 401 410 422 371 410 407 374 377 362 386 344 368 389 380 401 368 407 335 353 389 410 371 377 389 395 392 392 356 374 341 410 320 437 374 341 329 401 374 380 371 362 350 374 371 317 404 350 374 350 383 389 428 368 389 404 368 374 359 389 362 383 392 392 407 395 368 404 368 428 335 365 347 293 377 377 368 377 377 392 347 392 350 380 383 371 344 413 383 392 0 356 359 353 380 392 356 365 341 368 356 377 383 353 341 413 374 350 359 413 374 332 374 359 383 359 347 332 383 389 350 317 332 410 380 404 389 371 395 365 413 356 377 344 353 422 356 338 341 413 374 350 374 368 356 395 380 392 362 359 350 374 356 356 398 392 359 407 395 359 350 374 356 377 395 356 362 395 398 374 389 413 374 350 380 389 413 374 350 368 347 365 356 374 365 368 356 434 419 419 374 356 389 392 356 392 413 413 398 386 401 347 374 365 374 365 386 383 374 374 410 386 383 368 359 362 374 380 413 374 395 401 383 374 380 380 374 413 350 374 359 419 410 350 320 413 383 338 392 407 392 365 383 368 410 377 368 362 401 368 398 380 359 383 359 389 383 401 395 404 422 410 359 350 404 383
461 479 479 518 479 461 419 464 443 431 416 485 476 473 476 485 518 422 491 422 527 470 518 338 353 374 455 464 449 470 452 407 443 407 338 341 344 329 344 485 299 248 317 287 494 398 422 431 449 314 389 371 437 338 368 455 350 425 311 365 371 482 341 362 401 290 269 407 356 509 269 446 353 308 422 386 476 452 449 389 449 449 350 344 281 443 233 353 344 281 299 359 344 383 311 257 299 344 419 245 383 299 344 434 458 464 458 455 464 326 473 539 455 521 452 479 461 452 386 344 419 353 275 482 437 473 503 239 476 464 278 464 377 380 338 410 317 464 473 467 500 488 440 500 356 0 371 344 377 452 485 332 299 419 401 326 356 452 461 401 347 398 419 401 347 323 401 392 437 329 290 287 404 368 395 305 290 422 269 389 335 422 278 473 401 401 311 266 257 407 395 329 353 401 347 398 293 419 401 329 341 368 455 344 299 347 401 323 374 368 347 347 341 344 299 347 401 356 317 401 443 272 464 425 338 401 347 398 440 338 401 347 398 407 374 371 347 347 293 419 401 371 437 392 437 401 419 368 401 344 401 353 329 386 359 311 281 404 347 305 329 407 419 347 422 380 389 389 428 359 347 458 401 347 464 449 371 386 455 431 425 401 398 347 371 437 443 317 350 413 383 254 389 356 398 341 332 248 371 413 428 437 344 455 320 320 362 455 386 326 461 371 359 416 392 362 317 383 407 380
431 365 443 425 365 410 434 407 404 413 407 428 410 437 413 437 428 401 425 383 386 395 428 365 368 407 461 419 434 422 389 359 368 407 374 329 356 356 356 431 317 317 371 341 458 422 386 419 428 374 446 377 422 341 377 425 356 443 338 350 386 419 386 389 407 356 383 437 356 386 383 449 326 383 425 425 419 425 413 374 410 410 356 380 347 374 293 374 380 347 299 383 380 380 359 296 326 380 422 284 395 326 380 425 446 422 416 404 401 356 410 425 368 419 437 416 371 401 377 356 407 428 302 386 401 416 422 266 410 398 314 398 389 329 365 350 323 404 425 410 392 422 401 467 359 371 0 383 413 392 434 347 365 407 383 332 437 410 380 374 380 383 353 374 380 362 377 371 377 374 329 323 428 425 422 344 323 416 332 371 395 389 338 422 374 383 395 299 344 395 392 428 269 374 380 383 314 407 383 356 374 386 389 365 326 380 383 335 449 386 314 332 314 365 326 380 383 362 359 383 383 323 413 386 323 374 380 383 398 323 374 380 383 368 386 311 368 380 338 407 383 386 374 344 422 383 374 410 383 395 374 380 314 374 368 362 335 356 380 350 344 383 407 380 416 368 368 392 410 365 380 365 374 380 386 353 410 419 365 449 386 374 383 380 389 422 395 356 308 428 389 323 407 350 446 404 326 311 344 383 395 407 356 401 329 317 407 407 398 368 401 410 422 419 377 380 383 401 398 395
311 335 398 350 329 377 329 329 395 401 347 380 356 320 353 311 350 395 365 404 287 332 350 455 422 410 314 344 302 356 332 383 395 446 428 440 452 452 452 377 449 410 443 440 410 419 359 410 362 422 380 437 434 428 410 401 407 374 464 407 422 374 401 425 389 437 452 401 380 371 452 410 368 434 401 380 389 386 407 383 335 416 446 434 626 389 437 404 434 626 449 440 434 410 419 425 434 434 398 440 467 434 434 305 284 347 359 308 323 404 308 293 281 296 287 248 332 374 434 452 395 434 446 389 254 284 275 413 323 407 440 407 374 395 458 368 452 281 281 302 266 290 377 356 353 344 383 0 410 317 335 431 434 395 416 437 386 305 377 419 434 413 392 419 437 392 413 371 413 419 440 440 395 407 389 419 443 395 419 404 428 389 410 332 419 416 437 425 437 356 389 374 386 419 434 413 473 395 416 437 419 371 386 1955 434 437 416 434 419 371 401 440 389 1955 434 437 416 413 476 416 374 428 338 350 392 419 434 413 344 392 419 434 413 302 404 389 455 434 431 395 416 392 428 374 386 416 380 416 416 398 419 398 431 383 464 437 473 404 437 407 398 401 398 434 395 422 383 401 299 464 437 320 419 437 365 389 410 473 317 368 350 419 413 434 416 368 374 422 398 404 425 446 434 434 407 428 449 422 425 416 395 380 434 371 425 416 377 302 413 428 422 413 449 407 395 440 422 395 386 413
371 395 404 395 365 422 401 389 401 434 395 428 401 356 395 353 392 389 419 449 296 401 392 464 422 1994 389 398 329 416 410 395 422 407 419 440 755 425 755 425 443 413 464 416 440 446 380 422 395 443 410 407 428 407 422 443 413 392 410 428 410 371 431 425 428 443 455 380 413 392 455 410 380 422 416 410 395 407 449 416 410 398 431 1715 473 425 389 401 1715 473 434 710 1715 419 410 419 431 1715 398 416 446 431 1715 356 392 380 383 359 332 395 338 344 311 332 326 347 344 383 767 755 599 440 413 407 329 329 314 380 359 401 422 401 407 407 422 404 425 371 371 353 332 392 404 401 380 377 413 410 0 356 356 419 428 599 605 410 446 365 419 590 1712 608 386 590 1712 422 398 398 416 458 431 437 407 401 368 422 437 413 428 404 419 413 422 380 590 605 428 410 425 377 437 392 413 590 1712 608 446 599 605 449 392 413 431 413 431 1712 605 413 437 413 380 431 413 413 431 1712 605 398 431 605 419 407 359 359 410 590 1715 608 332 410 590 1715 608 347 440 362 425 1712 407 599 605 392 404 395 431 605 377 1961 605 416 590 428 437 416 443 461 392 413 1712 398 407 413 602 1712 413 467 413 416 326 422 1712 368 590 1712 401 377 1952 473 371 383 359 590 608 1715 437 389 443 422 392 422 431 431 428 419 404 413 425 443 404 422 428 428 410 368 449 428 413 350 386 416 452 413 407 428 446 428 428 413 419 422
485 458 434 446 425 443 437 485 449 386 440 443 443 470 452 494 443 386 458 392 473 500 443 329 344 356 473 455 482 470 404 398 413 407 380 281 350 326 350 446 305 266 359 296 434 431 416 440 491 353 431 401 404 329 386 392 368 437 320 386 398 431 350 395 386 311 308 410 374 446 308 404 353 344 428 413 485 476 461 416 476 434 320 353 290 416 242 365 353 290 287 359 353 359 338 278 326 353 386 269 365 326 353 464 455 431 485 446 479 365 509 521 491 512 482 506 470 461 386 350 413 374 290 413 494 494 524 218 518 431 290 431 437 317 305 380 317 482 515 455 485 482 431 425 392 452 392 317 356 0 491 314 329 413 380 326 368 407 398 392 353 380 368 392 353 377 374 353 470 377 311 326 449 371 374 278 329 425 311 353 359 374 329 488 392 380 311 302 266 431 398 344 347 392 353 380 290 413 380 338 377 368 407 305 326 353 380 275 416 368 284 344 335 305 326 353 380 311 335 380 383 314 467 443 341 392 356 380 455 341 392 356 380 449 374 371 329 353 302 413 380 347 410 410 395 380 419 362 380 386 392 419 365 407 362 347 311 398 353 374 362 398 419 353 425 341 410 431 455 329 353 485 392 353 410 422 362 353 488 431 443 392 380 356 359 446 419 341 308 392 374 263 380 368 401 356 296 305 374 407 461 392 347 458 311 308 401 476 365 359 416 413 383 383 386 392 332 368 407 386
500 458 458 488 443 431 425 530 419 398 425 485 440 476 434 500 488 449 449 404 488 479 488 311 314 356 488 440 524 488 482 395 401 368 323 284 323 317 323 488 290 260 302 299 431 395 437 407 485 326 437 437 413 359 374 422 356 449 302 353 386 440 368 326 404 248 287 464 365 485 287 425 386 350 479 416 479 470 461 389 437 434 335 338 272 398 194 368 338 272 260 353 338 356 356 236 278 338 398 230 377 278 338 494 461 449 476 497 536 356 485 509 473 500 521 497 494 455 368 323 443 356 257 413 500 512 512 185 509 437 263 437 428 338 299 374 314 491 512 497 518 536 443 473 356 485 434 335 356 491 0 284 302 443 365 284 326 452 440 386 341 374 425 386 338 353 359 317 413 359 272 284 413 365 389 263 287 413 278 362 344 395 287 461 386 365 293 257 266 413 437 347 317 386 341 374 257 443 365 383 335 389 437 323 278 338 365 254 386 389 302 305 299 323 278 338 365 299 305 365 416 272 464 458 302 386 341 374 431 302 386 341 374 428 362 353 302 341 260 443 365 368 395 392 401 365 407 356 365 314 386 374 275 365 320 305 284 368 338 341 353 401 443 341 413 359 362 371 437 302 338 485 386 338 404 443 359 344 488 470 458 386 374 341 398 464 434 329 284 401 362 209 416 332 395 350 290 251 311 386 425 398 320 488 335 329 395 473 332 347 440 398 362 398 356 374 341 404 368 350
269 317 296 269 233 317 305 299 341 314 368 302 284 239 284 278 266 341 317 365 182 341 266 386 443 419 254 356 269 296 308 368 275 356 410 371 395 401 395 296 479 485 458 497 332 413 332 377 317 482 419 395 323 449 419 407 434 323 473 410 389 314 428 401 413 470 452 365 350 266 452 338 353 401 380 359 335 323 380 344 359 353 425 422 446 362 476 449 422 446 422 383 422 368 374 491 422 422 296 431 407 422 422 215 281 281 269 206 251 446 278 326 245 332 260 218 281 338 350 395 347 437 473 323 149 197 176 428 275 335 506 335 359 437 455 323 440 191 269 263 194 227 296 287 365 332 347 431 419 314 284 0 401 347 359 425 386 239 281 350 416 359 374 350 416 422 329 365 368 434 419 422 332 335 311 452 422 380 491 404 446 296 473 323 350 359 416 440 464 332 362 386 386 350 416 359 473 347 359 425 422 356 341 428 422 416 359 440 359 356 440 407 425 428 422 416 359 380 401 359 299 485 248 380 422 350 416 359 266 422 350 416 359 275 365 356 407 416 410 347 359 329 392 398 341 359 341 425 359 446 350 443 440 368 431 428 473 377 416 422 443 404 347 416 380 434 368 413 260 410 416 329 350 416 350 326 419 419 326 299 380 350 359 416 401 413 326 413 401 383 416 530 425 416 356 362 458 476 422 395 338 326 428 350 461 464 398 266 410 422 338 416 437 353 386 431 431 392 410 395
299 314 344 335 317 389 314 290 329 386 353 314 350 266 341 290 335 350 335 413 263 335 335 464 446 428 299 386 314 338 323 383 377 371 422 437 392 440 392 320 431 401 437 461 335 383 356 380 332 458 404 425 422 431 401 347 434 341 479 446 389 344 386 428 416 419 401 377 386 353 401 368 377 431 368 335 359 365 377 368 353 425 422 404 422 389 428 386 404 422 446 404 404 386 434 467 413 404 338 428 431 413 404 320 254 308 326 314 272 440 308 281 272 278 320 275 332 347 407 392 392 419 461 377 263 278 290 389 296 368 428 368 368 401 401 344 401 299 278 341 275 284 341 359 341 299 365 434 428 329 302 401 0 392 371 392 452 305 359 407 407 374 365 407 407 398 431 317 377 446 422 422 356 353 401 407 422 377 443 365 383 380 434 365 407 371 416 425 413 314 377 404 431 407 407 374 470 392 371 422 386 338 371 431 413 407 371 410 383 338 413 431 392 431 413 407 371 443 407 371 362 422 290 362 392 407 407 374 380 392 407 407 374 287 446 428 425 407 1448 392 371 368 353 707 419 371 359 422 371 419 407 413 416 410 446 422 404 395 407 455 425 368 389 407 377 425 413 443 272 440 407 302 407 407 410 365 425 455 302 323 362 407 374 407 416 359 356 422 437 356 416 440 383 395 374 419 452 428 404 392 359 368 389 356 431 434 410 278 386 395 386 386 425 368 413 419 437 353 368 416
410 425 437 467 428 437 401 434 455 446 398 446 443 407 440 398 470 425 407 449 410 419 470 380 389 599 401 458 434 476 407 419 443 419 392 416 545 398 545 452 362 386 395 368 446 422 419 410 431 383 452 434 410 398 404 458 404 422 410 410 434 410 449 404 401 380 392 419 440 446 392 419 401 389 431 410 425 434 446 431 431 410 413 605 425 416 317 407 605 425 392 470 605 425 392 368 383 605 398 326 443 383 605 434 404 389 416 425 422 398 419 419 392 410 413 422 431 440 605 545 2000 407 371 422 365 416 404 332 434 464 392 464 401 392 365 416 398 425 425 431 413 431 419 452 368 419 407 395 599 413 443 347 392 0 569 377 377 404 425 590 602 566 413 590 602 392 419 356 431 413 380 389 416 425 398 356 392 419 359 386 404 440 365 419 590 569 374 353 332 413 401 356 380 590 602 566 347 2000 569 407 368 407 434 386 383 602 569 350 422 407 392 395 383 386 383 602 569 356 398 569 401 398 431 410 386 590 602 566 416 386 590 602 566 383 431 410 362 602 383 2000 569 386 401 395 425 569 455 608 569 380 590 431 368 428 413 443 374 428 602 371 380 404 1994 602 419 380 425 425 416 362 602 392 590 602 470 440 611 449 398 416 410 590 566 602 407 407 470 425 398 410 407 326 389 419 392 395 386 398 368 428 434 401 395 407 368 374 404 401 356 422 446 413 407 413 404 428 401 437 401 431
389 344 410 395 368 431 404 377 422 422 386 452 458 389 449 377 395 431 404 431 359 389 395 425 392 602 398 407 365 416 389 434 398 383 392 395 455 401 455 452 401 383 395 407 389 368 374 386 374 422 416 395 395 383 395 416 395 386 404 368 401 401 377 380 419 422 431 392 371 386 431 404 356 407 416 401 410 392 428 410 383 446 407 617 398 377 332 374 617 398 374 548 617 401 362 371 437 617 398 383 413 437 617 359 377 386 377 341 362 401 359 374 335 356 380 344 347 389 602 455 569 419 425 431 338 335 344 347 395 428 395 428 365 395 404 413 395 371 356 386 341 368 380 416 356 401 383 416 605 380 365 359 371 569 0 380 407 398 374 554 617 1982 398 554 617 398 386 350 383 401 416 422 428 434 395 443 425 428 359 368 389 395 374 383 554 2000 365 443 353 368 425 389 371 554 617 1982 371 569 2000 395 389 389 443 422 437 617 2000 389 413 389 395 401 404 422 437 617 2000 362 380 2000 395 386 389 386 407 554 614 1982 356 407 554 614 1982 344 464 353 368 617 392 569 2000 371 413 410 413 2000 356 599 2000 398 554 386 389 395 392 422 380 380 617 398 374 389 566 617 428 404 392 413 332 374 617 368 554 617 431 401 608 446 365 359 386 554 1982 614 389 347 398 398 362 395 419 392 389 386 386 380 374 389 359 407 386 404 401 368 404 395 392 344 386 362 422 362 371 452 407 407 401 398 413 380
290 314 341 374 317 374 347 317 362 362 365 359 350 275 350 296 371 371 347 374 263 308 371 425 386 410 278 329 281 377 308 389 344 401 377 449 389 428 389 356 422 413 419 446 365 419 404 392 338 425 419 368 380 428 398 401 386 365 410 368 413 329 377 431 404 401 395 395 377 323 395 422 383 404 338 356 344 365 344 371 350 365 407 452 425 362 422 428 452 425 425 398 452 398 395 404 395 452 350 434 419 395 452 263 326 335 329 320 263 377 281 290 251 296 266 257 266 338 383 389 377 452 407 410 224 272 230 416 308 353 470 353 326 422 419 365 428 314 296 332 266 287 377 362 377 326 332 437 410 326 284 425 392 377 380 0 386 317 344 359 449 374 383 359 449 368 392 359 389 368 416 419 380 347 314 443 422 362 404 404 407 389 404 329 359 380 407 422 395 302 356 365 410 359 449 374 395 377 380 398 374 317 404 443 395 449 380 446 413 317 437 413 404 443 395 449 380 437 425 380 350 407 326 308 410 359 449 374 296 410 359 449 374 275 398 365 410 449 407 377 380 359 362 416 377 380 359 419 380 401 359 419 416 428 443 401 428 371 449 386 410 392 374 449 362 422 428 398 293 401 449 302 359 449 386 341 410 479 302 317 308 359 374 449 377 374 383 401 386 425 410 461 383 416 350 410 401 419 386 404 323 368 410 338 410 413 437 338 332 437 380 371 383 377 416 386 392 404 359 383
362 377 398 359 326 410 362 383 419 404 398 401 404 323 410 368 356 404 344 392 299 407 356 428 464 446 347 371 356 368 347 392 362 410 443 401 407 413 407 401 416 404 422 413 386 452 380 404 365 455 416 413 368 386 386 428 434 425 434 392 413 404 380 446 419 416 392 359 386 344 392 365 338 416 404 428 377 383 416 422 383 419 410 434 431 398 389 431 434 431 437 407 434 404 377 386 383 434 332 419 407 383 434 329 332 341 365 344 344 398 335 380 347 374 365 344 332 422 401 407 377 437 413 377 317 311 329 377 335 371 410 371 389 377 386 392 413 335 368 383 338 332 362 350 383 356 437 386 446 368 326 386 452 377 407 386 0 341 335 422 434 413 386 422 434 428 368 386 389 440 380 380 377 365 374 356 377 404 386 383 455 416 440 422 422 407 434 419 398 392 434 401 359 422 434 413 410 377 407 422 395 395 344 392 383 434 407 383 401 395 368 443 362 392 383 434 407 413 398 407 347 413 389 374 365 422 431 413 377 365 422 431 413 353 422 365 401 434 392 377 407 407 371 383 437 407 371 434 407 422 422 431 428 383 413 428 437 380 434 416 395 371 383 434 404 440 386 419 335 410 434 383 422 434 401 368 437 449 380 380 374 422 413 431 419 392 389 398 398 386 437 422 404 443 410 422 371 386 434 389 395 404 449 368 395 413 395 347 371 398 404 431 458 416 419 407 413 416 407 380
485 395 467 491 464 437 491 455 410 392 383 494 458 461 461 482 494 419 452 374 470 470 494 341 311 359 473 440 476 470 515 434 446 374 386 305 329 329 329 494 245 227 311 284 434 347 368 398 443 323 404 356 428 290 353 419 335 461 305 326 380 413 380 353 389 311 275 413 350 440 275 431 356 377 428 404 509 398 425 356 404 431 353 350 284 383 191 338 350 284 248 389 350 317 374 254 296 350 413 230 377 296 350 497 452 458 461 455 464 317 434 407 419 392 422 464 431 419 392 329 404 341 269 398 476 485 497 221 473 476 242 476 419 266 293 398 329 509 470 485 485 512 461 485 353 452 410 305 365 407 452 239 305 404 398 317 341 0 431 374 353 395 383 374 350 320 362 299 413 332 296 281 395 434 452 284 281 395 221 353 287 419 212 419 374 398 302 302 287 305 377 377 311 374 353 395 236 404 398 323 311 332 455 302 296 350 398 335 401 332 284 314 287 302 296 350 398 293 293 398 398 227 464 371 293 374 353 395 410 293 374 353 395 380 395 308 323 353 329 404 398 362 377 335 356 398 341 356 398 320 374 344 239 332 320 308 278 359 350 305 320 374 407 353 395 314 326 341 389 335 350 395 374 350 434 434 359 392 395 434 371 374 395 353 395 383 437 326 302 377 353 185 374 308 422 362 326 242 272 392 398 425 338 428 302 299 374 476 356 317 428 362 359 449 335 314 341 350 383 386
437 401 461 464 455 443 401 425 437 452 368 470 458 443 449 407 464 395 443 401 428 416 464 368 335 416 425 407 458 452 434 413 413 404 356 365 344 413 344 473 344 287 332 347 428 404 401 410 428 344 401 380 437 335 392 407 383 428 356 437 407 404 356 362 407 308 335 398 365 422 335 386 380 377 446 368 446 395 425 398 422 470 368 362 320 443 257 344 362 320 305 362 362 377 368 284 323 362 443 284 359 323 362 467 392 449 461 437 449 380 398 374 416 383 425 407 398 422 437 344 425 359 308 404 443 428 473 254 416 428 293 428 380 347 350 365 323 470 449 500 452 467 452 476 341 461 380 377 419 398 440 281 359 425 374 344 335 431 0 410 359 377 395 410 362 305 401 332 404 374 314 317 461 407 407 311 317 401 266 362 353 449 275 404 410 374 335 320 281 332 407 290 401 410 359 377 317 425 374 374 311 371 410 371 323 362 374 314 425 371 350 365 341 371 323 362 374 323 347 374 482 344 452 434 341 410 362 377 389 341 410 362 377 353 398 389 356 359 332 425 374 350 434 368 425 374 392 410 374 335 410 368 356 401 356 332 290 422 362 317 308 386 428 359 401 338 404 368 380 362 362 401 410 362 416 449 419 365 404 407 434 410 377 362 350 398 443 356 374 392 386 263 353 344 350 314 332 311 332 374 377 419 356 431 320 311 326 398 344 362 425 347 356 416 398 362 338 392 377 422
410 389 422 413 392 449 404 401 410 401 395 458 458 380 458 413 413 395 395 431 386 407 413 416 413 590 407 398 389 431 365 410 413 431 425 389 515 398 515 461 422 350 413 392 434 419 419 437 401 440 434 410 416 431 395 437 419 410 425 371 407 413 419 455 407 392 392 410 407 413 392 413 374 383 413 401 419 410 419 428 392 425 401 584 419 449 344 401 584 419 353 542 584 398 395 407 389 584 395 344 458 389 584 389 359 401 410 398 371 431 374 335 344 359 398 383 377 419 578 515 590 410 362 401 380 401 383 344 398 419 407 419 419 380 401 416 380 392 392 383 395 434 407 419 413 401 374 419 590 392 386 350 407 590 554 359 422 374 410 0 578 554 416 2000 584 392 401 404 413 407 392 374 392 431 410 365 374 407 392 395 386 443 404 398 2000 554 389 413 380 362 416 401 374 2000 578 554 395 590 554 410 386 428 437 413 389 584 554 410 392 428 374 383 335 413 389 584 554 413 422 554 428 440 398 365 338 2000 581 554 398 338 2000 581 554 362 467 419 410 578 377 590 554 377 374 407 440 554 410 587 554 419 2000 428 431 368 446 410 413 383 584 389 380 431 590 578 407 401 371 458 419 410 584 377 2000 584 440 386 593 431 380 407 365 2000 554 581 407 392 425 401 368 449 434 374 425 407 422 404 398 398 386 410 428 428 401 407 404 398 407 401 371 419 404 434 407 455 410 434 392 425 410 398
380 368 377 362 341 422 395 392 380 431 404 413 380 326 380 326 362 395 392 437 290 383 362 479 413 1712 374 398 311 401 407 398 407 410 428 431 770 425 770 413 452 419 428 452 452 431 377 398 392 452 407 407 434 437 425 452 419 386 443 392 428 362 449 461 410 455 467 365 431 377 467 419 371 428 407 404 398 389 422 434 404 395 428 1991 473 398 389 407 1991 473 443 671 1991 431 410 458 416 1991 386 428 455 416 1991 350 353 383 374 350 329 395 338 308 299 308 323 314 332 371 794 770 602 458 422 410 296 320 290 398 362 395 425 395 386 407 440 398 431 338 341 359 296 365 383 383 374 347 380 434 1712 353 341 416 407 602 617 449 434 353 359 578 0 611 377 578 1994 416 392 374 386 422 431 440 386 401 368 413 443 422 428 425 419 422 440 371 578 617 413 422 440 356 401 401 416 578 2000 611 446 602 617 437 389 398 419 431 416 1994 617 434 446 398 398 416 410 431 416 1994 617 416 434 617 401 398 359 350 413 578 1997 611 326 413 578 1997 611 338 458 365 425 2000 419 602 617 389 398 410 434 617 365 1724 617 422 578 416 434 416 467 452 425 422 1994 401 398 410 605 2000 422 443 413 431 329 431 1994 326 578 1994 389 383 1712 464 329 341 350 578 611 1997 431 356 428 422 392 407 419 431 425 434 425 395 422 431 392 425 440 410 407 359 446 461 386 335 398 422 422 407 404 425 461 413 407 410 425 419
392 347 413 392 365 440 404 374 419 422 389 452 452 377 443 374 392 428 407 422 368 392 392 428 392 605 401 407 365 410 386 431 401 389 392 398 452 401 452 455 407 389 386 401 392 374 377 380 368 419 416 395 404 386 395 425 404 389 413 374 404 404 374 392 419 419 431 392 371 392 431 395 353 404 413 401 410 392 437 416 374 443 404 611 395 383 332 383 611 395 377 548 611 398 371 365 443 611 404 377 416 443 611 362 377 386 383 353 356 401 365 371 341 353 377 350 350 389 605 452 566 416 422 428 341 332 344 353 395 431 392 431 377 401 404 413 395 362 359 392 338 371 380 425 350 398 383 413 608 380 374 359 374 566 1982 374 413 395 377 554 611 0 398 554 611 404 386 347 386 398 419 425 422 425 395 446 428 425 362 365 392 398 371 386 554 1982 371 437 353 365 437 395 371 554 611 2000 371 566 1982 389 389 389 443 419 443 611 1982 386 401 389 389 401 404 419 443 611 1982 359 380 1982 395 392 383 383 407 554 608 2000 350 407 554 608 2000 347 476 353 368 611 389 566 1982 368 416 404 416 1982 362 602 1982 395 554 389 389 389 389 419 383 377 611 389 374 389 563 611 425 395 386 413 329 374 611 368 554 611 425 401 605 449 365 365 383 554 2000 608 383 353 404 398 368 392 419 383 380 389 383 383 371 395 359 404 386 401 404 374 401 392 386 353 389 368 422 365 371 455 413 407 395 398 404 383
407 413 380 437 353 413 416 437 419 395 425 440 404 434 404 380 437 395 416 410 383 410 437 359 377 383 371 410 389 425 401 380 398 404 389 374 410 392 410 437 389 332 386 389 383 401 398 431 401 374 434 437 389 377 413 437 440 440 383 410 434 401 377 374 413 353 356 383 401 413 356 416 404 362 446 395 425 446 419 425 425 401 401 380 398 407 344 416 380 398 365 380 380 392 368 413 383 380 428 368 431 383 380 365 362 392 410 377 440 401 401 416 395 404 428 380 401 437 416 410 413 389 392 383 395 410 377 317 413 428 371 428 392 407 356 410 368 356 437 383 389 392 413 428 359 419 353 392 386 368 425 374 365 413 398 383 386 383 395 416 377 398 0 416 380 365 383 338 401 392 377 386 431 380 404 350 389 437 356 416 368 389 359 422 416 398 383 344 347 410 425 404 404 416 377 398 341 413 398 455 362 374 437 389 383 380 398 362 410 374 413 386 371 389 383 380 398 362 371 398 416 374 422 443 368 416 380 398 404 368 416 380 398 359 404 419 377 377 386 413 398 368 395 416 410 398 422 395 398 380 416 401 398 428 368 419 380 404 380 380 359 431 416 377 437 386 425 413 374 386 380 437 416 380 395 392 389 377 434 404 443 416 398 380 371 386 413 374 389 380 398 380 374 398 356 362 377 365 347 401 383 413 368 398 371 368 404 380 377 365 413 410 374 407 416 401 383 371 398 380
410 389 422 413 392 449 404 401 410 401 395 458 458 380 458 413 413 395 395 431 386 407 413 416 413 590 407 398 389 431 365 410 413 431 425 389 515 398 515 461 422 350 413 392 434 419 419 437 401 440 434 410 416 431 395 437 419 410 425 371 407 413 419 455 407 392 392 410 407 413 392 413 374 383 413 401 419 410 419 428 392 425 401 584 419 449 344 401 584 419 353 542 584 398 395 407 389 584 395 344 458 389 584 389 359 401 410 398 371 431 374 335 344 359 398 383 377 419 578 515 590 410 362 401 380 401 383 344 398 419 407 419 419 380 401 416 380 392 392 383 395 434 407 419 413 401 374 419 590 392 386 350 407 590 554 359 422 374 410 2000 578 554 416 0 584 392 401 404 413 407 392 374 392 431 410 365 374 407 392 395 386 443 404 398 2000 554 389 413 380 362 416 401 374 2000 578 554 395 590 554 410 386 428 437 413 389 584 554 410 392 428 374 383 335 413 389 584 554 413 422 554 428 440 398 365 338 2000 581 554 398 338 2000 581 554 362 467 419 410 578 377 590 554 377 374 407 440 554 410 587 554 419 2000 428 431 368 446 410 413 383 584 389 380 431 590 578 407 401 371 458 419 410 584 377 2000 584 440 386 593 431 380 407 365 2000 554 581 407 392 425 401 368 449 434 374 425 407 422 404 398 398 386 410 428 428 401 407 404 398 407 401 371 419 404 434 407 455 410 434 392 425 410 398
383 368 380 362 335 419 395 398 380 434 404 419 383 332 383 326 362 392 395 440 287 380 362 473 416 1712 374 398 314 404 404 401 410 407 431 431 767 425 767 419 452 419 428 446 458 431 374 395 389 458 401 404 431 437 422 449 425 386 440 389 428 362 452 461 413 452 470 365 428 380 470 422 371 431 410 407 401 392 422 437 404 398 431 1991 473 401 389 404 1991 473 440 674 1991 437 407 455 419 1991 386 425 458 419 1991 347 353 383 374 356 329 398 338 308 305 308 323 311 332 371 800 767 602 455 422 410 299 323 290 392 359 398 422 398 380 410 443 401 431 332 344 359 296 368 386 386 374 347 380 437 1712 353 338 416 407 602 617 449 434 350 362 584 1994 611 380 584 0 416 392 374 383 419 428 440 386 395 365 410 443 419 425 422 419 425 446 371 584 617 413 422 437 359 401 395 419 584 1994 611 443 602 617 437 389 398 416 431 419 2000 617 434 446 398 401 413 410 431 419 2000 617 413 440 617 404 398 359 353 410 584 1997 611 326 410 584 1997 611 338 455 368 431 1994 413 602 617 386 404 407 428 617 368 1724 617 422 584 416 434 416 467 449 425 419 2000 401 395 416 605 1994 419 440 413 428 326 437 2000 329 584 2000 386 389 1712 461 332 341 353 584 611 1997 434 356 431 419 395 407 413 428 428 434 425 395 419 434 392 422 437 413 410 356 443 458 380 335 401 425 422 404 407 425 461 410 404 410 422 422
365 344 365 350 299 356 353 362 383 401 392 368 335 290 338 305 353 395 329 422 269 353 353 407 404 428 311 374 347 347 338 419 335 353 428 383 413 416 413 371 374 398 392 416 386 374 362 389 350 425 356 389 377 383 374 413 434 371 422 413 407 380 368 425 377 410 401 368 398 338 401 359 377 410 407 398 359 365 398 410 365 347 401 419 389 320 413 413 419 389 374 386 419 377 386 419 392 419 335 389 380 392 419 347 296 326 338 311 338 392 353 311 275 299 314 284 335 368 404 413 392 392 419 359 287 317 266 332 326 341 395 341 404 395 356 371 392 302 308 347 266 293 362 317 332 323 362 392 422 377 353 422 398 392 398 368 428 320 305 392 416 404 365 392 416 0 344 380 368 386 368 374 338 359 380 413 374 377 380 437 380 383 401 347 392 398 437 410 437 359 389 383 377 392 416 404 377 392 398 389 410 350 335 395 392 416 398 377 386 350 356 419 401 395 392 416 398 380 416 398 311 389 305 371 398 392 416 404 320 398 392 416 404 374 356 374 395 416 353 392 398 368 356 371 389 398 392 410 398 419 392 419 431 362 422 419 416 350 416 374 443 356 392 416 377 380 362 416 299 413 416 332 392 416 383 338 407 437 335 368 371 392 404 416 392 374 374 392 392 377 416 428 404 395 398 395 386 410 353 398 404 401 398 338 425 416 392 344 389 389 398 368 386 338 368 413 395 434 398 383
371 377 380 419 371 398 398 383 392 434 380 416 428 392 419 362 419 413 422 392 353 374 419 434 404 398 365 404 356 365 353 428 365 389 386 389 383 374 383 422 395 371 356 386 410 419 398 404 395 386 398 440 395 395 407 410 404 401 428 404 440 401 365 359 383 371 359 449 371 389 359 416 347 368 428 368 413 419 413 410 380 410 404 395 377 431 347 389 395 377 377 410 395 398 362 365 428 395 371 344 461 428 395 392 386 374 398 392 377 410 362 392 380 368 353 380 380 407 413 383 419 413 404 410 329 335 398 341 359 392 389 392 374 398 371 392 377 395 386 407 380 359 398 389 374 401 377 413 398 374 359 329 431 419 386 392 368 362 401 401 392 386 383 401 392 344 0 350 428 401 404 407 392 392 398 356 407 395 368 398 410 404 332 401 401 386 365 374 329 386 371 332 422 401 392 386 392 419 386 404 347 344 401 404 428 392 386 380 398 344 374 419 410 404 428 392 386 380 416 386 410 419 392 401 410 401 392 386 386 410 401 392 386 341 404 374 413 392 410 419 386 353 395 404 401 386 398 404 386 404 401 404 395 431 395 377 392 425 392 416 329 428 422 392 395 416 425 467 332 410 392 380 401 392 434 377 401 401 386 374 401 401 386 392 359 344 413 407 374 341 419 371 362 407 362 416 398 347 407 413 359 425 380 395 392 389 377 329 356 389 413 377 413 395 377 380 389 374 386 419
293 365 344 374 290 350 341 338 335 377 353 389 365 344 359 341 374 374 368 341 281 389 374 359 356 398 347 350 386 353 341 392 290 365 344 344 392 344 392 389 383 347 386 398 365 410 344 377 362 365 389 347 305 383 404 404 332 350 347 335 356 383 395 365 365 410 359 311 350 314 359 398 353 347 392 389 389 404 401 401 362 374 335 377 353 386 353 380 377 353 389 359 377 389 326 326 338 377 314 308 407 338 377 299 380 347 299 326 350 398 323 392 329 389 362 317 320 410 374 392 356 374 347 413 314 317 305 305 365 335 392 335 362 383 326 329 380 296 326 305 323 353 362 344 359 392 371 371 398 353 317 365 317 356 350 359 386 299 332 404 374 347 338 404 374 380 350 0 374 341 329 329 353 365 332 338 329 389 356 377 401 341 380 350 404 350 362 395 395 386 356 350 332 404 374 347 305 356 350 362 800 350 329 368 338 374 350 353 353 350 341 347 389 368 338 374 350 386 353 350 296 359 329 377 389 404 374 347 299 389 404 374 347 332 350 356 338 374 344 356 350 377 395 377 323 350 398 383 350 392 404 395 371 365 377 383 374 350 374 383 383 440 359 374 389 377 362 416 371 335 374 359 404 374 380 362 383 380 359 362 377 404 347 374 374 383 356 386 323 386 404 362 347 377 338 350 344 383 386 398 362 350 395 395 359 341 383 341 368 386 368 401 374 362 404 374 356 341 377 389
392 395 446 422 431 422 425 437 377 413 395 431 470 404 464 416 422 404 461 413 389 413 422 368 380 413 443 446 440 446 422 416 404 380 404 395 398 380 398 437 356 341 359 365 464 443 416 401 449 383 428 392 410 410 371 455 392 428 359 368 398 416 359 419 413 365 365 443 395 446 365 482 347 371 416 395 461 482 425 398 428 464 380 383 392 428 332 380 383 392 356 374 383 410 401 314 344 383 401 299 422 344 383 431 398 407 419 410 419 413 419 404 386 422 413 434 440 419 428 398 431 440 347 437 392 392 425 311 434 413 383 413 440 368 344 425 374 434 389 440 446 443 455 407 383 437 377 413 416 470 413 368 377 431 383 389 389 413 404 413 386 386 401 413 383 368 428 374 0 392 332 350 473 416 407 332 347 449 326 389 383 419 341 413 413 383 326 356 347 476 386 353 344 413 386 386 353 431 383 380 383 359 419 404 344 383 383 380 404 359 344 386 389 404 344 383 383 356 383 383 380 311 431 407 395 413 386 386 395 395 413 386 386 359 410 380 392 386 371 431 383 374 380 413 410 383 383 416 383 356 413 371 356 398 398 356 356 422 383 368 374 368 437 386 449 380 398 425 437 401 383 455 413 383 410 422 422 416 455 443 407 413 386 386 392 389 458 362 374 401 395 332 410 377 437 407 383 320 341 401 389 401 395 536 365 365 422 458 386 353 410 419 395 431 416 401 386 380 434 374
332 383 350 356 281 383 377 371 380 359 320 359 386 284 392 311 356 359 344 395 263 365 356 422 437 455 344 380 323 365 347 374 359 371 434 410 383 377 383 353 419 461 431 428 365 431 407 386 338 461 422 425 389 401 386 392 434 404 416 419 422 365 416 383 434 452 452 398 371 344 452 398 341 437 395 359 365 362 425 356 380 383 431 425 398 386 398 383 425 398 386 419 425 410 371 434 395 425 371 455 419 395 425 350 356 338 332 302 320 431 362 368 305 368 377 344 341 356 422 383 413 422 443 353 236 296 290 401 311 389 434 389 386 410 431 356 422 317 359 335 299 323 383 353 359 329 374 419 458 377 359 434 446 413 401 368 440 332 374 407 422 398 392 407 419 386 401 341 392 0 404 410 422 371 389 416 413 413 401 413 410 323 431 365 407 401 449 413 428 383 422 419 395 407 422 398 437 413 401 449 410 356 344 428 395 419 401 422 398 356 377 365 368 428 395 419 401 398 401 401 329 425 311 398 368 407 422 398 395 368 407 422 398 299 407 380 377 422 443 413 401 362 410 392 422 401 362 461 401 485 407 449 404 383 395 413 425 392 419 398 398 377 413 422 413 422 380 422 284 377 419 347 407 419 377 329 458 440 347 353 398 407 398 422 413 401 386 419 407 356 359 443 398 449 389 404 422 446 377 386 392 365 386 353 422 431 419 308 404 386 368 440 431 347 410 428 410 368 401 413
284 272 320 314 263 329 311 299 335 344 338 323 320 242 314 293 311 410 347 386 203 332 311 461 395 431 251 317 266 311 293 374 335 377 422 407 401 422 401 326 452 479 419 497 347 368 338 389 317 449 353 434 383 422 398 386 416 332 437 422 401 314 395 413 371 464 446 338 380 302 446 344 395 398 362 359 323 326 395 395 293 341 473 431 461 350 464 383 431 461 452 410 431 401 371 422 1802 431 365 479 425 1802 431 251 278 296 317 260 266 398 278 239 275 263 263 233 260 344 419 401 380 431 443 338 212 263 212 422 248 356 461 356 377 422 413 362 416 245 269 296 212 233 347 299 347 290 329 440 431 311 272 419 422 380 416 416 380 296 314 392 431 419 377 392 428 368 404 329 332 404 0 1835 302 341 380 1490 1832 377 425 467 434 341 410 353 392 416 407 470 440 335 326 347 365 392 431 419 437 380 416 419 413 365 398 440 1802 428 416 431 410 365 392 413 407 440 1802 428 416 413 452 416 350 431 275 344 410 392 428 419 275 410 392 428 419 278 395 413 440 431 434 380 416 371 401 398 368 416 368 443 416 422 392 419 413 386 425 446 431 377 428 425 392 377 380 431 377 443 383 395 272 437 428 314 392 428 365 317 425 449 314 311 344 392 419 428 386 305 347 437 413 374 407 482 392 410 335 374 440 443 362 404 338 374 416 305 467 464 386 263 383 470 374 368 368 356 386 392 416 338 404 359
263 296 320 308 260 338 308 296 332 338 326 338 305 236 302 287 308 413 323 389 194 332 308 455 413 434 251 332 272 302 305 380 323 368 431 410 416 413 416 344 437 494 431 482 353 383 368 371 314 449 356 401 374 419 410 386 428 338 428 422 416 308 395 416 371 455 446 332 389 299 446 359 374 404 377 362 329 353 401 398 305 335 476 440 476 344 476 368 440 476 455 404 440 401 398 425 1784 440 356 482 422 1784 440 275 269 290 317 245 272 401 278 266 242 266 278 245 272 326 416 416 389 419 473 359 218 260 203 407 260 380 452 380 374 419 434 368 428 236 254 293 212 224 362 296 332 287 323 440 437 326 284 422 422 389 422 419 380 281 317 374 440 425 386 374 440 374 407 329 350 410 1835 0 314 344 350 1445 1997 374 440 452 440 347 401 341 374 422 407 452 461 344 323 353 389 374 440 425 434 389 422 425 413 359 374 440 1784 440 422 431 401 359 389 401 419 440 1784 440 422 407 455 422 353 422 275 332 419 374 440 425 284 419 374 440 425 269 389 410 428 440 434 389 422 365 395 398 377 422 368 446 422 410 374 401 425 383 431 443 437 389 440 425 407 374 386 440 374 446 383 389 269 422 440 296 374 440 365 317 434 443 296 311 332 374 425 440 383 332 362 434 413 374 407 503 371 416 326 368 413 449 353 401 347 377 422 302 440 434 383 245 389 461 377 380 395 356 389 416 401 338 386 353
461 410 425 401 398 422 404 464 428 404 398 440 446 443 443 446 401 401 434 431 419 410 401 359 536 404 425 422 419 455 398 383 410 365 389 365 374 371 374 443 359 320 392 413 431 404 422 422 431 359 431 413 383 353 371 419 392 395 368 404 395 446 407 386 422 353 344 425 386 449 344 383 380 374 464 413 419 410 452 401 479 413 359 383 338 401 287 416 383 338 320 386 383 374 359 365 326 383 449 359 431 326 383 464 422 410 422 398 443 410 446 425 407 461 458 422 395 368 413 374 416 395 380 446 416 422 437 335 446 419 344 419 467 350 392 395 350 434 437 425 431 437 407 431 383 404 428 395 407 449 413 332 356 416 428 380 377 395 461 392 386 422 431 392 386 338 392 353 473 422 302 314 0 581 401 338 314 425 326 374 377 398 320 422 392 428 344 338 317 347 431 350 374 392 386 422 341 416 428 353 329 470 413 395 326 386 428 332 386 470 350 419 359 395 326 386 428 335 326 428 392 377 440 458 359 392 386 422 398 359 392 386 422 380 422 374 329 386 377 416 428 395 371 362 404 428 395 404 428 377 392 431 380 398 386 389 332 395 386 371 374 401 419 386 425 377 392 404 362 332 386 416 392 386 434 389 395 383 413 380 458 392 422 386 374 410 422 365 404 386 422 296 401 380 377 392 323 338 344 404 410 413 362 422 335 332 398 422 389 368 446 425 440 404 401 359 389 359 407 392
392 350 413 392 401 434 392 389 404 395 380 407 446 401 443 440 392 389 401 392 365 389 392 410 395 401 398 398 395 455 401 413 407 377 383 401 401 407 401 410 359 335 401 389 419 401 368 419 431 395 398 416 407 368 410 419 353 410 365 356 398 425 434 383 434 359 380 383 365 398 380 386 338 401 404 383 458 377 443 413 413 431 389 398 380 368 332 380 398 380 356 410 398 362 374 359 335 398 422 338 434 335 398 374 392 407 392 377 386 401 359 356 332 386 386 392 398 389 428 401 425 419 362 383 389 410 407 335 392 452 359 452 404 350 404 380 389 383 398 401 410 407 383 404 389 368 425 407 401 371 365 335 353 425 434 347 365 434 407 431 401 425 380 431 395 359 392 365 416 371 341 344 581 0 395 365 344 431 329 344 383 401 332 392 431 434 380 371 377 371 410 386 368 431 401 425 365 425 434 392 356 509 431 404 335 395 434 398 392 509 338 386 365 404 335 395 434 383 377 434 398 380 398 407 362 431 398 425 353 362 431 398 425 350 404 383 371 401 380 425 434 425 416 383 413 434 368 383 434 371 431 395 383 362 410 380 386 374 395 326 356 395 419 401 431 386 359 395 350 389 395 371 431 395 401 368 392 416 374 383 407 431 425 398 365 386 431 395 365 383 425 350 407 419 419 458 383 332 377 359 377 431 398 401 383 368 374 398 371 386 398 410 383 464 377 398 395 416 386 377
407 377 449 449 374 446 419 395 410 416 422 458 422 395 431 362 449 425 425 416 395 407 449 371 395 368 377 380 395 395 401 398 389 368 449 392 383 377 383 455 341 326 443 377 395 383 395 437 410 410 392 374 401 398 371 440 377 395 389 380 416 425 416 410 365 347 371 407 404 407 371 413 389 428 416 401 425 380 419 443 395 407 383 365 380 401 293 410 365 380 356 401 365 326 428 362 374 365 410 320 410 374 365 446 368 422 419 371 353 359 374 344 344 350 377 413 371 413 419 383 398 398 323 380 401 422 398 347 425 401 341 401 458 332 365 392 395 410 422 419 425 413 413 419 350 395 422 389 368 374 389 311 401 398 395 314 374 452 407 410 368 395 404 410 365 380 398 332 407 389 380 350 401 395 0 353 350 377 371 362 365 407 356 434 410 395 377 362 350 356 434 374 326 410 368 395 359 398 395 380 377 350 407 389 374 365 395 371 431 350 332 359 305 389 374 365 395 338 380 395 392 374 398 377 302 410 365 395 422 302 410 365 395 350 398 404 368 368 362 398 395 338 365 356 410 395 371 368 395 389 410 395 347 386 395 383 359 398 365 350 359 398 404 368 377 398 386 398 359 371 365 362 410 365 395 383 377 428 368 428 377 410 395 365 404 395 419 347 353 359 386 317 425 356 404 383 365 350 347 398 383 431 371 407 386 392 368 374 362 392 407 386 377 413 359 359 365 389 395 380
245 260 317 284 260 338 302 254 344 350 314 308 305 203 302 269 281 380 344 386 140 293 281 446 398 419 245 341 227 308 278 365 314 380 419 422 413 419 413 308 464 488 440 500 323 380 332 395 311 431 380 407 362 401 386 368 437 314 449 416 371 296 440 434 392 473 434 335 344 275 434 365 335 413 326 344 338 305 389 389 326 371 464 416 494 317 479 383 416 494 470 428 416 368 377 434 1463 416 350 470 425 1463 416 239 230 284 314 200 215 389 260 218 200 233 212 164 248 329 410 413 356 434 470 350 161 197 173 452 272 359 518 359 347 440 440 338 449 200 233 239 164 206 326 287 317 305 344 419 422 278 263 452 407 356 443 443 356 284 311 365 413 446 350 365 410 413 356 338 332 416 1490 1445 338 365 353 0 1445 359 431 422 437 317 419 338 365 443 446 485 482 269 374 386 389 365 413 446 461 356 443 401 434 362 368 431 1463 410 443 467 380 362 434 437 422 431 1463 410 443 416 446 443 332 437 248 308 425 365 413 446 275 425 365 413 446 233 371 347 467 413 410 356 443 329 356 389 368 443 353 419 443 416 365 398 380 395 416 467 443 395 410 392 368 395 350 413 359 449 392 410 269 464 410 284 365 410 380 329 413 428 284 266 308 365 446 413 419 287 323 437 419 365 383 506 383 392 344 386 467 446 383 374 329 329 410 296 488 467 395 236 398 449 347 377 377 392 368 407 395 356 389 359
263 296 320 311 263 341 311 296 332 341 326 338 305 233 302 287 311 416 323 392 197 335 311 452 413 434 254 335 272 305 305 377 323 368 428 413 416 410 416 344 434 494 434 485 353 386 365 371 314 449 356 404 377 419 413 386 431 335 428 425 413 311 398 416 374 455 449 335 389 302 449 359 374 404 380 362 329 350 398 398 308 335 473 443 476 347 476 368 443 476 452 407 443 398 398 425 1781 443 359 485 422 1781 443 278 269 293 320 245 275 398 275 263 242 263 278 242 269 326 413 416 392 416 473 356 221 257 203 410 257 377 449 377 374 419 437 368 425 236 254 293 215 224 365 299 332 290 323 443 437 329 287 422 422 392 425 422 377 281 317 374 443 428 389 374 443 374 407 329 347 413 1832 1997 314 344 350 1445 0 374 437 449 440 344 401 338 374 425 410 452 464 344 326 353 392 374 443 428 434 392 425 428 416 359 374 443 1781 443 425 428 404 359 392 401 422 443 1781 443 425 407 458 425 356 422 278 332 422 374 443 428 287 422 374 443 428 269 386 410 425 443 437 392 425 362 398 401 380 425 368 443 425 407 374 401 428 386 431 440 437 389 443 422 410 374 389 443 374 449 386 389 272 419 443 296 374 443 362 320 431 443 296 311 332 374 428 443 383 335 362 434 413 374 407 503 371 413 329 371 413 449 350 398 344 374 422 299 443 437 383 248 392 458 374 380 395 356 392 413 401 338 383 353
413 404 455 413 389 413 428 449 467 386 437 407 431 407 431 431 413 392 410 392 416 410 413 380 401 413 410 479 464 446 401 404 428 389 365 347 380 380 380 410 353 431 398 383 419 434 428 437 449 392 431 401 425 416 419 419 362 416 386 392 431 407 455 383 422 377 407 416 395 443 407 434 392 428 458 428 434 449 470 410 431 437 398 419 365 410 299 413 419 365 329 401 419 425 377 368 380 419 392 344 413 380 419 398 386 392 407 395 440 431 437 431 434 422 401 419 437 407 389 380 419 395 365 437 401 446 380 293 452 389 359 389 392 398 338 413 383 392 428 410 392 401 422 413 410 422 416 395 413 425 413 380 377 419 428 362 404 395 401 407 422 425 437 407 419 377 395 389 449 413 377 374 425 431 377 359 374 0 371 416 386 401 374 428 407 428 356 383 350 410 395 407 338 407 422 425 356 419 428 440 392 428 404 395 380 419 428 338 416 428 353 416 410 395 380 419 428 389 392 428 398 404 437 428 413 407 419 425 398 413 407 419 425 404 416 392 398 422 374 419 428 413 398 419 437 428 392 410 428 398 407 419 374 431 413 401 416 392 419 374 407 440 419 422 2000 407 431 419 380 386 419 440 407 419 407 401 404 404 437 416 428 407 425 419 410 425 428 446 374 425 428 368 431 422 404 380 374 374 359 413 434 419 428 410 392 398 461 428 386 386 461 446 416 395 428 413 410 401 404 389
260 290 299 263 206 335 281 260 353 326 326 308 296 233 293 248 263 347 347 359 170 323 263 407 434 425 257 338 281 302 296 353 308 347 383 413 407 419 407 311 488 470 422 488 320 371 359 353 293 413 386 383 332 440 398 380 437 335 452 404 386 308 410 383 380 479 449 332 377 278 449 350 362 386 365 359 311 314 377 374 362 341 416 428 509 338 473 461 428 509 452 431 428 395 398 467 431 428 317 500 446 431 428 215 254 224 260 224 215 497 266 284 236 293 254 203 197 317 383 407 359 431 482 365 194 200 191 455 245 311 485 311 350 473 431 296 470 194 254 239 173 233 275 317 380 269 332 419 428 311 278 491 443 359 359 404 386 221 266 392 428 362 356 392 425 380 368 356 326 401 425 440 326 329 371 431 437 371 0 395 506 299 512 335 392 359 449 464 479 317 383 431 383 392 428 362 440 359 359 431 371 353 353 419 431 425 359 446 416 353 440 419 434 419 431 425 359 416 422 359 323 452 245 350 428 392 425 362 290 428 392 425 362 287 383 392 428 428 431 359 359 374 344 383 335 359 356 437 359 425 392 422 455 383 419 449 464 383 425 431 431 371 356 428 371 425 383 398 284 428 425 275 392 425 341 278 431 437 275 260 350 392 362 425 470 374 335 452 401 362 398 500 419 449 338 398 413 470 380 365 350 302 443 290 446 440 416 260 365 401 335 398 467 332 401 419 467 359 401 422
389 380 359 359 338 389 386 362 377 383 386 362 347 323 341 347 362 425 401 410 329 389 362 416 407 407 353 389 374 374 368 392 305 407 416 383 404 356 404 362 413 407 428 434 398 398 392 419 389 428 404 386 386 389 398 416 431 380 446 407 425 389 422 398 398 395 398 404 392 362 398 362 401 401 395 419 386 374 386 425 353 383 425 425 407 383 407 398 425 407 422 422 425 395 416 425 452 425 371 368 449 452 425 323 347 329 359 335 368 422 401 359 326 365 365 356 344 407 398 404 386 389 395 401 296 335 311 377 362 395 377 395 371 410 371 362 386 311 353 350 308 308 368 347 404 389 371 404 404 353 362 404 365 386 368 404 383 353 362 395 425 365 416 395 422 437 398 377 389 413 467 452 374 344 362 422 449 416 395 0 407 365 416 395 395 368 380 389 368 362 383 398 482 395 425 365 428 386 368 428 419 383 380 410 452 422 368 407 410 383 401 401 383 410 452 422 368 365 425 368 341 431 344 383 383 395 425 365 329 383 395 425 365 308 416 377 410 425 407 386 368 383 410 410 371 368 356 407 368 428 395 404 386 416 413 410 404 386 422 428 395 452 392 425 416 413 419 428 302 422 422 365 395 422 392 350 398 434 365 362 383 395 365 425 386 380 383 422 389 386 413 395 389 407 365 383 392 377 365 398 401 383 410 356 422 428 407 359 365 398 422 377 404 398 425 383 377 392 455 398
305 323 377 365 263 407 332 317 347 377 350 419 383 296 383 305 362 398 374 410 269 347 362 431 425 419 350 344 317 353 326 422 353 377 410 458 407 428 407 416 449 476 425 446 380 422 350 395 359 434 419 386 365 425 413 416 422 374 446 410 371 380 401 407 404 431 452 365 356 314 452 380 353 422 392 356 341 383 440 407 377 380 419 422 422 377 425 464 422 422 410 413 422 416 374 434 446 422 335 431 449 446 422 287 335 293 356 293 296 413 302 368 287 353 320 251 302 383 389 407 404 440 446 371 251 287 251 404 314 380 488 380 365 410 434 344 446 299 326 353 266 299 365 347 389 335 395 428 419 359 344 446 383 404 389 407 455 287 353 386 419 392 368 386 419 380 410 401 383 410 434 440 377 383 365 437 440 386 506 407 0 338 452 383 386 389 425 431 419 368 359 416 392 386 419 392 425 404 389 434 422 359 416 422 446 419 389 434 404 359 362 449 455 422 446 419 389 398 404 389 389 458 311 377 449 386 422 392 353 449 386 422 392 323 389 401 413 419 395 404 389 368 392 401 416 389 401 410 389 419 386 434 428 422 407 437 422 419 419 422 407 413 407 419 386 446 422 416 332 419 419 365 386 419 413 326 413 440 365 347 377 386 392 422 434 389 380 428 413 380 440 452 371 446 401 443 422 464 383 410 338 353 464 356 455 446 395 329 359 419 368 440 446 362 398 452 434 377 407 404
449 386 461 434 464 428 431 419 386 461 419 461 464 443 458 434 437 449 428 398 401 428 437 419 353 416 458 395 389 440 446 425 467 407 374 422 431 419 431 458 368 302 401 332 428 404 416 431 416 413 407 374 434 365 395 449 401 416 386 380 404 476 389 410 401 341 341 422 410 443 341 425 449 377 416 422 467 431 413 392 443 452 407 428 371 404 329 386 428 371 356 389 428 392 377 344 350 428 410 287 392 350 428 422 380 434 470 449 416 380 392 362 353 359 422 416 422 446 449 431 440 401 311 437 413 434 416 275 431 392 341 392 392 383 371 407 365 425 419 422 431 434 434 449 371 422 389 389 413 374 395 296 380 440 395 389 416 419 449 443 422 398 389 443 425 383 404 341 419 323 341 347 398 401 407 317 344 401 299 365 338 0 326 368 443 395 347 356 317 341 383 374 389 443 422 398 344 440 395 380 338 380 431 389 350 425 395 362 443 380 365 413 356 389 350 425 395 392 341 395 428 326 464 377 350 443 425 398 377 350 443 425 398 380 422 392 353 422 359 440 395 365 362 359 401 395 383 416 395 341 443 359 395 377 380 410 362 389 425 338 383 392 440 422 401 380 380 389 392 368 425 383 443 425 437 446 422 416 386 404 377 443 398 425 383 410 440 377 362 380 404 308 395 344 419 347 365 347 368 386 398 464 383 458 350 356 407 440 374 392 419 374 386 449 422 392 377 422 407 404
260 326 311 272 203 302 287 311 341 314 314 302 290 245 284 263 272 344 302 365 188 314 272 401 485 425 293 323 272 275 260 332 293 335 425 410 407 380 407 302 485 500 473 455 299 419 383 359 347 440 377 380 308 428 383 356 422 314 437 398 368 323 368 431 380 482 449 305 368 290 449 323 407 404 377 377 296 335 389 395 344 362 422 449 452 359 473 416 449 452 470 404 449 425 389 515 407 449 335 503 425 407 449 221 293 221 269 254 245 482 299 302 266 302 287 257 287 389 413 407 365 434 482 329 206 215 188 428 224 323 515 323 341 455 443 323 440 218 272 245 206 227 302 281 395 278 338 410 422 329 287 473 434 365 374 404 440 212 275 404 440 371 359 404 446 401 332 380 341 431 410 401 320 332 356 419 401 374 512 416 452 326 0 329 404 374 446 458 482 359 380 422 377 404 440 371 440 365 374 437 401 359 347 419 407 446 374 431 404 359 461 416 398 419 407 446 374 431 449 374 302 503 272 353 407 404 443 371 278 407 404 443 371 308 368 338 434 440 389 365 374 332 377 389 368 374 368 425 374 470 404 467 479 401 443 476 488 380 446 470 449 416 362 440 374 479 404 413 308 425 446 314 404 446 350 269 434 407 314 311 353 404 371 443 401 356 347 449 377 347 431 527 401 434 338 440 422 455 401 389 353 314 443 320 467 455 422 275 392 422 341 422 485 320 395 422 416 371 404 380
440 440 434 443 395 440 419 467 440 392 416 434 410 461 410 455 443 419 455 401 482 443 443 350 371 380 434 416 449 428 449 401 404 359 395 326 332 323 332 437 350 314 353 314 446 425 416 422 491 353 407 398 401 356 389 446 368 428 350 407 416 428 380 374 380 353 299 416 386 449 299 419 395 356 464 404 443 458 428 386 404 467 389 368 326 431 248 368 368 326 287 368 368 389 386 311 368 368 377 314 383 368 368 446 431 398 407 452 458 395 452 482 461 482 464 494 428 449 389 332 419 374 338 389 452 455 434 278 434 443 323 443 404 380 317 401 332 464 464 431 461 461 437 425 365 473 422 332 380 488 461 323 365 419 383 329 422 419 404 398 371 386 422 398 371 347 401 350 413 365 353 341 422 392 434 338 338 428 335 395 383 368 329 0 398 383 347 305 311 431 404 392 386 398 371 386 296 419 383 371 350 329 437 329 368 371 383 353 389 329 332 371 329 329 368 371 383 344 368 383 392 326 440 470 329 398 371 386 428 329 398 371 386 407 404 404 371 371 362 419 383 344 383 386 401 383 395 374 383 377 398 389 368 413 362 341 332 416 371 386 362 389 419 371 428 365 413 395 404 377 371 455 398 371 425 416 374 359 455 407 470 398 386 371 353 434 434 386 374 377 407 305 413 365 368 356 323 305 344 398 413 395 359 467 323 311 383 413 359 386 416 425 401 395 419 392 356 392 431 407
410 389 422 413 392 449 404 401 410 401 395 458 458 380 458 413 413 395 395 431 386 407 413 416 413 590 407 398 389 431 365 410 413 431 425 389 515 398 515 461 422 350 413 392 434 419 419 437 401 440 434 410 416 431 395 437 419 410 425 371 407 413 419 455 407 392 392 410 407 413 392 413 374 383 413 401 419 410 419 428 392 425 401 584 419 449 344 401 584 419 353 542 584 398 395 407 389 584 395 344 458 389 584 389 359 401 410 398 371 431 374 335 344 359 398 383 377 419 578 515 590 410 362 401 380 401 383 344 398 419 407 419 419 380 401 416 380 392 392 383 395 434 407 419 413 401 374 419 590 392 386 350 407 590 554 359 422 374 410 2000 578 554 416 2000 584 392 401 404 413 407 392 374 392 431 410 365 374 407 392 395 386 443 404 398 0 554 389 413 380 362 416 401 374 2000 578 554 395 590 554 410 386 428 437 413 389 584 554 410 392 428 374 383 335 413 389 584 554 413 422 554 428 440 398 365 338 2000 581 554 398 338 2000 581 554 362 467 419 410 578 377 590 554 377 374 407 440 554 410 587 554 419 2000 428 431 368 446 410 413 383 584 389 380 431 590 578 407 401 371 458 419 410 584 377 2000 584 440 386 593 431 380 407 365 2000 554 581 407 392 425 401 368 449 434 374 425 407 422 404 398 398 386 410 428 428 401 407 404 398 407 401 371 419 404 434 407 455 410 434 392 425 410 398
389 344 410 395 368 431 404 377 422 422 386 452 458 389 449 377 395 431 404 431 359 389 395 425 392 602 398 407 365 416 389 434 398 383 392 395 455 401 455 452 401 383 395 407 389 368 374 386 374 422 416 395 395 383 395 416 395 386 404 368 401 401 377 380 419 422 431 392 371 386 431 404 356 407 416 401 410 392 428 410 383 446 407 617 398 377 332 374 617 398 374 548 617 401 362 371 437 617 398 383 413 437 617 359 377 386 377 341 362 401 359 374 335 356 380 344 347 389 602 455 569 419 425 431 338 335 344 347 395 428 395 428 365 395 404 413 395 371 356 386 341 368 380 416 356 401 383 416 605 380 365 359 371 569 2000 380 407 398 374 554 617 1982 398 554 617 398 386 350 383 401 416 422 428 434 395 443 425 428 359 368 389 395 374 383 554 0 365 443 353 368 425 389 371 554 617 1982 371 569 2000 395 389 389 443 422 437 617 2000 389 413 389 395 401 404 422 437 617 2000 362 380 2000 395 386 389 386 407 554 614 1982 356 407 554 614 1982 344 464 353 368 617 392 569 2000 371 413 410 413 2000 356 599 2000 398 554 386 389 395 392 422 380 380 617 398 374 389 566 617 428 404 392 413 332 374 617 368 554 617 431 401 608 446 365 359 386 554 1982 614 389 347 398 398 362 395 419 392 389 386 386 380 374 389 359 407 386 404 401 368 404 395 392 344 386 362 422 362 371 452 407 407 401 398 413 380
299 320 314 326 254 353 311 320 398 377 350 371 362 269 368 284 323 362 335 380 242 338 323 434 446 431 320 335 323 320 323 386 323 365 422 428 404 446 404 365 446 446 449 440 347 431 395 392 344 434 380 383 383 413 398 422 425 359 458 425 398 335 407 434 389 446 422 377 383 314 422 389 383 389 380 380 353 341 395 386 353 356 437 416 422 341 425 407 416 422 431 407 416 425 398 455 416 416 335 461 449 416 416 311 296 302 326 275 284 407 293 320 290 320 308 278 287 362 389 404 374 425 446 326 233 302 212 410 266 371 434 371 389 407 422 371 395 266 302 299 245 242 353 323 377 311 395 437 428 311 293 416 416 374 365 407 434 302 335 389 413 371 383 389 413 437 365 362 326 449 407 407 344 380 377 446 410 356 449 380 425 347 446 347 389 365 0 428 980 365 419 389 398 389 413 371 413 374 365 461 404 371 368 437 416 413 365 422 431 371 389 419 413 437 416 413 365 416 428 365 380 431 356 374 413 389 410 371 314 413 389 410 371 335 383 368 425 413 392 374 365 347 365 431 389 365 380 425 365 395 389 425 449 389 407 446 431 416 413 422 407 392 368 413 356 434 389 386 302 416 413 311 389 413 392 332 416 386 314 356 374 389 371 410 440 365 365 413 440 386 425 464 410 404 356 383 461 461 470 365 368 395 422 326 452 437 356 335 404 416 365 383 443 377 422 404 404 407 383 386
266 269 320 293 266 362 323 296 332 338 347 329 329 251 323 245 293 416 314 404 185 275 293 431 443 413 272 317 248 323 311 353 341 407 413 440 458 449 458 329 467 512 467 497 350 380 350 344 290 476 350 398 338 443 407 416 425 338 464 416 404 311 449 449 410 491 461 308 416 269 461 356 398 446 347 407 323 317 371 389 278 401 458 425 491 344 491 383 425 491 455 446 425 413 398 458 464 425 344 470 455 464 425 257 278 320 272 242 230 422 245 218 224 230 242 227 257 350 407 458 353 431 470 344 194 239 197 425 236 338 476 338 347 416 419 383 482 221 248 254 221 224 335 293 344 266 299 425 410 302 257 440 425 353 443 422 419 302 320 413 422 437 344 413 422 410 374 395 356 413 470 452 338 371 362 485 452 383 464 389 431 356 458 305 413 443 428 0 446 305 368 365 404 413 422 437 464 353 443 428 410 356 359 431 464 422 443 461 371 356 446 431 416 431 464 422 443 434 470 443 329 464 269 344 419 413 422 437 269 419 413 422 437 245 401 395 449 422 434 353 443 344 371 392 380 443 317 419 443 431 413 404 449 383 452 464 455 401 422 419 407 392 356 422 383 476 380 431 284 449 422 305 413 422 380 332 404 446 305 299 344 413 437 422 419 326 371 437 404 353 437 515 419 437 356 416 434 461 392 407 317 350 449 305 470 467 428 266 383 452 377 380 416 365 401 392 398 404 410 401
233 248 272 251 218 284 302 248 335 362 305 287 290 263 284 242 251 368 296 374 182 284 251 449 428 425 281 320 269 266 290 386 266 356 428 449 452 422 452 284 464 476 449 479 341 392 362 377 284 464 383 359 350 398 422 389 392 338 443 386 386 305 428 410 359 455 446 329 353 233 446 341 344 425 332 386 323 320 371 377 320 326 410 443 467 311 452 398 443 467 443 404 443 428 422 461 434 443 296 470 419 434 443 239 257 257 272 221 215 446 242 245 203 245 206 206 227 290 401 452 332 410 470 344 167 197 167 416 218 329 473 329 380 392 425 350 425 197 236 266 176 209 299 257 353 257 344 437 425 266 266 464 413 332 353 395 398 287 281 380 440 353 347 380 437 437 329 395 347 428 440 461 317 377 350 482 464 350 479 368 419 317 482 311 380 353 980 446 0 317 350 392 362 380 440 353 443 332 353 431 434 362 326 443 434 437 353 464 377 362 410 422 392 443 434 437 353 407 395 353 284 404 302 296 392 380 437 353 230 392 380 437 353 287 341 323 404 440 407 332 353 341 335 368 362 353 350 425 353 419 380 392 404 347 449 470 437 362 437 395 407 344 329 440 350 458 347 392 266 413 437 281 380 437 371 302 410 401 278 311 296 380 353 437 404 341 299 416 410 362 410 494 401 407 362 368 443 452 431 368 323 353 416 308 494 479 356 287 401 386 329 380 401 365 422 383 398 365 386 389
398 440 368 398 383 425 374 401 434 371 425 428 407 425 395 437 398 359 365 374 398 425 398 332 362 380 398 404 458 401 335 374 365 317 329 329 335 305 335 434 317 323 347 338 419 437 401 371 410 329 419 371 383 350 395 404 335 413 317 335 374 401 305 386 356 320 320 362 362 410 320 413 356 314 434 377 407 413 419 386 413 389 329 359 338 428 257 386 359 338 308 344 359 389 305 308 350 359 344 281 380 350 359 380 407 374 407 428 416 374 413 446 449 464 422 425 440 386 371 335 413 395 308 404 392 410 365 248 398 356 305 356 371 365 314 362 308 359 461 404 383 413 407 377 422 407 395 356 377 431 413 332 314 413 368 302 392 305 332 362 356 365 410 362 359 359 386 386 476 383 335 344 347 371 356 269 344 410 317 362 368 341 359 431 362 368 365 305 317 0 362 308 299 362 356 365 281 413 368 362 374 392 374 338 350 359 368 269 428 392 284 329 332 338 350 359 368 341 344 368 344 338 401 443 335 362 359 365 440 335 362 359 365 461 302 335 347 356 365 413 368 389 392 380 365 368 434 368 368 335 362 401 362 353 359 317 332 386 359 356 380 371 419 356 410 350 359 365 404 365 359 416 362 359 368 359 371 350 419 404 443 362 365 359 356 395 410 335 335 386 380 302 380 380 353 383 317 332 404 380 401 359 359 419 332 326 410 416 377 344 377 374 416 347 386 389 350 356 395 368
413 410 401 434 398 413 416 407 443 380 398 410 452 401 458 377 434 392 398 434 359 395 434 374 431 440 365 419 392 422 392 380 407 380 404 356 383 377 383 413 374 359 392 365 419 407 416 404 386 380 419 389 398 380 443 410 422 386 404 413 395 395 410 392 404 407 383 419 383 392 383 416 371 368 425 386 431 407 455 395 419 443 380 404 389 368 374 392 404 389 356 410 404 389 359 386 332 404 434 362 380 332 404 386 383 398 410 392 395 428 425 407 353 395 410 380 386 383 443 383 401 404 371 425 383 389 410 305 413 440 392 440 416 356 362 374 389 368 404 380 386 398 434 401 356 395 392 389 437 398 437 362 377 401 425 356 434 377 407 416 401 437 425 416 401 389 371 356 386 422 326 323 431 410 434 374 326 395 383 383 359 383 380 404 416 425 419 368 350 362 0 428 380 416 401 437 377 401 425 413 389 365 401 395 332 401 425 371 419 365 359 371 383 395 332 401 425 389 377 425 413 386 383 413 377 416 401 437 371 377 416 401 437 368 407 404 344 401 398 401 425 377 407 386 371 425 374 422 425 410 416 425 398 422 407 398 356 386 401 416 383 407 404 401 395 398 422 413 371 350 401 437 416 401 386 395 428 419 440 359 413 416 437 401 404 407 392 401 389 404 419 362 434 428 353 356 401 338 386 389 401 401 368 410 374 383 359 380 383 344 407 407 449 401 389 401 374 434 353 434
374 362 335 326 305 344 401 359 371 374 347 356 341 296 332 359 323 335 347 395 314 386 323 404 419 392 362 368 344 356 332 365 329 407 380 377 395 362 395 356 395 374 413 413 350 359 365 365 332 434 377 365 398 380 392 392 410 365 434 374 350 377 389 389 431 413 401 395 335 353 401 386 377 398 386 365 359 371 386 380 386 428 398 404 392 356 347 413 404 392 386 371 404 365 434 422 353 404 347 407 404 353 404 344 353 314 329 299 281 380 344 362 275 344 326 320 308 371 377 395 356 395 392 368 335 326 284 329 365 392 401 392 389 383 386 350 392 287 320 302 299 314 362 353 338 329 428 374 392 344 347 386 404 356 389 365 401 377 290 401 401 395 404 401 395 383 332 350 353 419 347 353 350 386 374 386 353 407 431 398 416 374 422 392 401 389 389 365 392 308 428 0 362 401 401 395 413 356 389 404 377 347 380 386 353 395 389 374 383 347 365 389 362 386 353 395 389 401 371 389 338 380 341 344 359 401 398 395 332 359 401 398 395 296 356 344 380 401 416 356 389 365 368 377 395 389 353 395 389 428 401 404 380 374 410 407 389 359 395 386 416 356 356 401 407 407 371 377 338 374 395 344 401 395 365 305 392 416 341 320 344 401 395 398 419 401 350 383 356 362 389 392 410 383 425 377 398 377 350 392 368 371 371 371 398 404 398 350 389 383 380 455 434 392 380 377 440 374 407 398
326 350 344 311 383 341 314 350 362 428 359 359 371 287 362 290 311 374 365 401 287 377 311 440 440 413 281 368 287 377 353 368 362 374 401 446 407 401 407 362 437 422 389 431 353 386 356 341 377 422 347 401 347 401 395 347 422 317 440 431 431 347 368 386 368 407 371 344 425 362 371 401 392 377 353 341 341 368 395 356 335 404 419 419 380 383 428 383 419 380 440 395 419 380 416 425 368 419 353 404 443 368 419 299 275 326 329 371 311 383 296 272 299 269 287 269 305 392 401 407 380 386 416 398 218 269 311 359 332 434 404 434 341 398 422 383 377 335 287 350 317 293 374 368 341 353 269 386 413 347 317 386 431 380 371 410 359 311 401 374 416 371 404 374 419 377 422 332 344 395 365 389 374 368 326 389 392 338 383 482 392 389 377 386 374 371 398 404 362 299 380 362 0 374 416 371 395 380 371 446 335 305 431 392 368 419 371 449 419 305 455 455 374 392 368 419 371 422 359 371 362 380 317 368 371 374 416 371 320 371 374 416 371 236 428 410 365 416 452 380 371 275 398 383 377 371 332 413 371 353 374 419 416 428 398 431 389 398 419 449 407 386 377 416 338 416 425 407 263 371 419 320 374 419 395 377 422 461 320 272 368 374 371 416 371 350 374 434 431 326 410 425 404 356 323 392 419 377 392 380 266 380 368 350 386 389 362 290 350 434 380 365 374 392 413 365 368 350 371 407
410 389 422 413 392 449 404 401 410 401 395 458 458 380 458 413 413 395 395 431 386 407 413 416 413 590 407 398 389 431 365 410 413 431 425 389 515 398 515 461 422 350 413 392 434 419 419 437 401 440 434 410 416 431 395 437 419 410 425 371 407 413 419 455 407 392 392 410 407 413 392 413 374 383 413 401 419 410 419 428 392 425 401 584 419 449 344 401 584 419 353 542 584 398 395 407 389 584 395 344 458 389 584 389 359 401 410 398 371 431 374 335 344 359 398 383 377 419 578 515 590 410 362 401 380 401 383 344 398 419 407 419 419 380 401 416 380 392 392 383 395 434 407 419 413 401 374 419 590 392 386 350 407 590 554 359 422 374 410 2000 578 554 416 2000 584 392 401 404 413 407 392 374 392 431 410 365 374 407 392 395 386 443 404 398 2000 554 389 413 380 362 416 401 374 0 578 554 395 590 554 410 386 428 437 413 389 584 554 410 392 428 374 383 335 413 389 584 554 413 422 554 428 440 398 365 338 2000 581 554 398 338 2000 581 554 362 467 419 410 578 377 590 554 377 374 407 440 554 410 587 554 419 2000 428 431 368 446 410 413 383 584 389 380 431 590 578 407 401 371 458 419 410 584 377 2000 584 440 386 593 431 380 407 365 2000 554 581 407 392 425 401 368 449 434 374 425 407 422 404 398 398 386 410 428 428 401 407 404 398 407 401 371 419 404 434 407 455 410 434 392 425 410 398
380 368 377 362 341 422 395 392 380 431 404 413 380 326 380 326 362 395 392 437 290 383 362 479 413 1712 374 398 311 401 407 398 407 410 428 431 770 425 770 413 452 419 428 452 452 431 377 398 392 452 407 407 434 437 425 452 419 386 443 392 428 362 449 461 410 455 467 365 431 377 467 419 371 428 407 404 398 389 422 434 404 395 428 1991 473 398 389 407 1991 473 443 671 1991 431 410 458 416 1991 386 428 455 416 1991 350 353 383 374 350 329 395 338 308 299 308 323 314 332 371 794 770 602 458 422 410 296 320 290 398 362 395 425 395 386 407 440 398 431 338 341 359 296 365 383 383 374 347 380 434 1712 353 341 416 407 602 617 449 434 353 359 578 2000 611 377 578 1994 416 392 374 386 422 431 440 386 401 368 413 443 422 428 425 419 422 440 371 578 617 413 422 440 356 401 401 416 578 0 611 446 602 617 437 389 398 419 431 416 1994 617 434 446 398 398 416 410 431 416 1994 617 416 434 617 401 398 359 350 413 578 1997 611 326 413 578 1997 611 338 458 365 425 2000 419 602 617 389 398 410 434 617 365 1724 617 422 578 416 434 416 467 452 425 422 1994 401 398 410 605 2000 422 443 413 431 329 431 1994 326 578 1994 389 383 1712 464 329 341 350 578 611 1997 431 356 428 422 392 407 419 431 425 434 425 395 422 431 392 425 440 410 407 359 446 461 386 335 398 422 422 407 404 425 461 413 407 410 425 419
392 347 413 392 365 440 404 374 419 422 389 452 452 377 443 374 392 428 407 422 368 392 392 428 392 605 401 407 365 410 386 431 401 389 392 398 452 401 452 455 407 389 386 401 392 374 377 380 368 419 416 395 404 386 395 425 404 389 413 374 404 404 374 392 419 419 431 392 371 392 431 395 353 404 413 401 410 392 437 416 374 443 404 611 395 383 332 383 611 395 377 548 611 398 371 365 443 611 404 377 416 443 611 362 377 386 383 353 356 401 365 371 341 353 377 350 350 389 605 452 566 416 422 428 341 332 344 353 395 431 392 431 377 401 404 413 395 362 359 392 338 371 380 425 350 398 383 413 608 380 374 359 374 566 1982 374 413 395 377 554 611 2000 398 554 611 404 386 347 386 398 419 425 422 425 395 446 428 425 362 365 392 398 371 386 554 1982 371 437 353 365 437 395 371 554 611 0 371 566 1982 389 389 389 443 419 443 611 1982 386 401 389 389 401 404 419 443 611 1982 359 380 1982 395 392 383 383 407 554 608 2000 350 407 554 608 2000 347 476 353 368 611 389 566 1982 368 416 404 416 1982 362 602 1982 395 554 389 389 389 389 419 383 377 611 389 374 389 563 611 425 395 386 413 329 374 611 368 554 611 425 401 605 449 365 365 383 554 2000 608 383 353 404 398 368 392 419 383 380 389 383 383 371 395 359 404 386 401 404 374 401 392 386 353 389 368 422 365 371 455 413 407 395 398 404 383
260 281 320 245 233 320 257 257 350 326 323 299 353 233 353 245 245 332 296 383 167 293 245 452 470 443 251 341 236 281 305 353 299 398 422 467 428 434 428 299 473 503 491 524 320 368 359 353 269 455 380 368 329 431 422 383 434 299 488 410 392 314 407 425 407 500 473 353 422 284 473 383 371 404 359 335 281 308 353 362 329 338 452 449 461 353 503 410 449 461 491 404 449 386 398 470 440 449 359 488 428 440 449 233 239 260 278 215 200 410 224 218 155 209 272 182 242 302 395 428 347 407 527 362 134 224 179 470 221 344 470 344 353 425 419 344 452 215 206 266 215 209 308 302 374 293 314 473 446 290 257 473 470 347 371 395 410 236 317 395 446 371 341 395 443 377 392 305 353 437 437 434 341 365 359 461 434 356 440 428 425 344 440 296 395 371 413 464 443 281 377 413 395 395 446 371 0 347 371 443 398 311 347 476 440 443 371 479 362 311 440 422 422 476 440 443 371 437 431 371 341 464 242 320 419 395 446 371 296 419 395 446 371 191 407 371 470 446 470 347 371 323 359 401 389 371 371 452 371 440 395 374 440 410 461 437 434 389 443 422 413 371 341 446 356 443 410 425 227 479 443 287 395 443 365 314 449 422 284 287 320 395 371 446 404 350 359 428 413 365 404 524 422 398 353 353 452 431 395 371 329 326 422 296 476 476 383 215 392 446 356 374 422 353 401 413 428 383 392 422
410 425 437 467 428 437 401 434 455 446 398 446 443 407 440 398 470 425 407 449 410 419 470 380 389 599 401 458 434 476 407 419 443 419 392 416 545 398 545 452 362 386 395 368 446 422 419 410 431 383 452 434 410 398 404 458 404 422 410 410 434 410 449 404 401 380 392 419 440 446 392 419 401 389 431 410 425 434 446 431 431 410 413 605 425 416 317 407 605 425 392 470 605 425 392 368 383 605 398 326 443 383 605 434 404 389 416 425 422 398 419 419 392 410 413 422 431 440 605 545 2000 407 371 422 365 416 404 332 434 464 392 464 401 392 365 416 398 425 425 431 413 431 419 452 368 419 407 395 599 413 443 347 392 2000 569 377 377 404 425 590 602 566 413 590 602 392 419 356 431 413 380 389 416 425 398 356 392 419 359 386 404 440 365 419 590 569 374 353 332 413 401 356 380 590 602 566 347 0 569 407 368 407 434 386 383 602 569 350 422 407 392 395 383 386 383 602 569 356 398 569 401 398 431 410 386 590 602 566 416 386 590 602 566 383 431 410 362 602 383 2000 569 386 401 395 425 569 455 608 569 380 590 431 368 428 413 443 374 428 602 371 380 404 1994 602 419 380 425 425 416 362 602 392 590 602 470 440 611 449 398 416 410 590 566 602 407 407 470 425 398 410 407 326 389 419 392 395 386 398 368 428 434 401 395 407 368 374 404 401 356 422 446 413 407 413 404 428 401 437 401 431
389 344 410 395 368 431 404 377 422 422 386 452 458 389 449 377 395 431 404 431 359 389 395 425 392 602 398 407 365 416 389 434 398 383 392 395 455 401 455 452 401 383 395 407 389 368 374 386 374 422 416 395 395 383 395 416 395 386 404 368 401 401 377 380 419 422 431 392 371 386 431 404 356 407 416 401 410 392 428 410 383 446 407 617 398 377 332 374 617 398 374 548 617 401 362 371 437 617 398 383 413 437 617 359 377 386 377 341 362 401 359 374 335 356 380 344 347 389 602 455 569 419 425 431 338 335 344 347 395 428 395 428 365 395 404 413 395 371 356 386 341 368 380 416 356 401 383 416 605 380 365 359 371 569 2000 380 407 398 374 554 617 1982 398 554 617 398 386 350 383 401 416 422 428 434 395 443 425 428 359 368 389 395 374 383 554 2000 365 443 353 368 425 389 371 554 617 1982 371 569 0 395 389 389 443 422 437 617 2000 389 413 389 395 401 404 422 437 617 2000 362 380 2000 395 386 389 386 407 554 614 1982 356 407 554 614 1982 344 464 353 368 617 392 569 2000 371 413 410 413 2000 356 599 2000 398 554 386 389 395 392 422 380 380 617 398 374 389 566 617 428 404 392 413 332 374 617 368 554 617 431 401 608 446 365 359 386 554 1982 614 389 347 398 398 362 395 419 392 389 386 386 380 374 389 359 407 386 404 401 368 404 395 392 344 386 362 422 362 371 452 407 407 401 398 413 380
347 350 374 362 341 401 353 359 410 404 404 383 389 335 389 359 365 413 365 413 296 380 365 440 419 443 323 425 344 377 392 389 383 386 446 443 416 404 416 383 455 440 467 452 389 422 410 386 368 440 392 419 395 425 431 428 479 401 428 431 434 398 401 425 410 470 422 398 470 353 422 398 440 434 410 389 413 413 413 422 383 407 416 440 437 425 443 446 440 437 470 419 440 407 428 461 410 440 371 437 452 410 440 332 338 344 374 356 314 458 308 344 302 335 323 338 359 398 386 416 407 437 440 437 275 344 293 401 341 413 452 413 413 416 413 371 416 308 311 356 332 320 380 371 395 329 356 437 449 338 383 425 422 407 395 398 422 323 374 410 437 389 455 410 437 389 404 362 380 449 419 425 353 392 380 401 428 440 431 428 434 380 437 371 410 395 461 428 431 362 413 404 446 410 437 389 443 407 395 0 407 371 383 449 410 437 395 410 434 371 449 419 401 449 410 437 395 416 443 395 383 437 350 377 401 410 440 389 344 401 410 440 389 296 425 395 416 437 437 407 395 380 401 425 416 395 398 455 395 428 410 443 449 416 431 440 410 416 437 446 431 395 407 437 440 446 413 446 329 419 437 365 410 437 398 410 443 431 365 359 377 410 389 440 410 386 371 425 407 389 431 440 413 419 374 383 440 410 413 401 380 374 455 392 440 449 470 314 434 911 395 380 437 395 431 407 434 422 395 440
290 311 371 356 305 389 341 332 389 341 326 371 386 308 389 341 359 386 365 392 236 362 359 371 416 386 350 365 311 350 350 392 353 383 386 392 416 422 416 368 398 392 413 431 359 440 380 410 344 431 428 377 392 419 419 407 416 383 398 386 386 353 398 383 419 422 407 350 374 320 407 389 356 401 356 392 413 359 374 377 368 383 404 392 428 371 437 395 392 428 401 398 392 401 395 371 428 392 341 401 407 428 392 329 302 323 359 308 308 389 329 317 314 305 281 293 323 389 356 416 368 407 407 365 296 317 233 395 332 356 422 356 416 392 395 353 392 260 314 305 269 287 374 365 380 341 374 419 392 377 335 422 386 368 389 374 395 311 311 386 389 389 362 386 389 410 347 800 383 410 413 413 329 356 377 434 416 392 371 419 422 338 401 350 386 389 404 410 434 374 389 377 335 386 389 389 398 368 389 407 0 344 356 431 428 389 389 425 392 344 371 413 365 431 428 389 389 371 392 389 311 356 365 371 365 386 389 389 326 365 386 389 389 278 341 353 425 389 404 368 389 350 404 410 353 389 359 389 389 413 386 395 404 374 404 407 395 338 389 419 389 392 371 389 392 440 374 383 326 419 389 338 386 389 374 347 398 398 338 350 371 386 389 389 377 371 371 407 407 389 404 422 386 431 365 398 404 395 389 398 380 374 416 314 458 458 389 326 425 410 377 404 392 353 377 395 392 404 392 374
341 320 371 359 368 413 407 389 410 398 332 410 383 359 371 347 356 392 395 356 347 377 356 359 356 413 386 362 362 395 353 362 398 368 368 356 392 353 392 404 368 347 359 383 410 389 407 404 347 356 362 380 383 365 365 371 380 389 368 347 383 368 368 389 401 335 395 353 338 347 395 398 314 401 371 392 374 389 395 389 404 383 344 398 398 368 311 362 398 398 341 410 398 413 383 356 368 398 377 317 416 368 398 335 338 386 389 365 362 380 368 338 362 347 347 365 371 368 398 392 407 371 341 443 317 323 311 284 347 371 392 371 359 335 371 359 368 341 398 389 347 341 374 368 392 368 386 371 413 368 389 356 338 407 389 317 395 332 371 428 398 389 374 428 398 350 344 350 359 356 365 359 470 509 350 362 359 428 353 383 359 380 359 329 428 389 371 356 362 392 365 347 305 428 398 389 311 407 389 371 344 0 371 362 368 398 389 368 407 2000 338 410 344 362 368 398 389 392 353 389 422 350 410 386 338 428 398 389 371 338 428 398 389 356 377 335 365 398 353 407 389 1610 365 407 395 389 401 398 389 371 428 380 347 362 374 368 386 368 398 317 380 341 407 398 428 395 362 395 353 383 398 344 428 398 410 341 395 410 344 338 386 428 389 398 380 374 383 368 332 386 356 326 389 395 434 392 359 338 353 386 386 374 386 356 380 377 365 380 410 341 404 401 362 416 386 380 374 419 407 326
413 392 437 449 437 428 416 413 458 419 356 461 440 410 434 422 446 410 470 398 395 446 446 425 386 434 401 437 416 449 419 392 419 422 407 398 383 410 383 458 380 353 395 389 407 434 380 416 476 374 425 455 440 377 404 425 389 434 398 416 410 386 419 404 392 371 365 434 392 446 365 443 431 404 398 368 440 434 455 398 431 458 431 419 356 434 308 383 419 356 365 419 419 377 383 338 392 419 446 383 446 392 419 470 368 422 434 386 440 392 368 395 395 404 395 404 362 419 425 383 434 419 359 380 392 416 404 344 404 428 410 428 365 353 392 425 377 446 410 443 407 434 440 470 362 455 389 386 431 407 437 341 371 434 443 404 344 455 410 437 419 443 437 437 416 335 401 329 419 344 398 374 413 431 407 368 374 404 353 380 416 431 347 437 437 443 368 359 326 374 401 380 431 437 419 443 347 434 443 383 356 371 0 386 392 416 443 446 452 371 365 419 377 386 392 416 443 386 380 443 467 347 461 371 377 437 419 443 389 377 437 419 443 359 434 362 419 419 404 434 443 365 425 383 425 443 386 434 443 383 437 380 371 428 404 380 368 404 416 353 350 437 440 419 404 395 425 380 377 419 416 380 437 416 458 413 428 422 386 422 371 437 443 419 389 365 443 395 353 407 413 329 407 386 398 395 413 365 365 377 407 446 398 428 356 341 377 413 374 371 446 383 404 428 392 407 374 410 395 413
308 329 392 341 326 365 332 326 392 407 347 368 359 305 350 311 341 392 356 410 278 332 341 467 431 410 305 335 296 353 329 395 389 437 419 452 437 464 437 365 449 425 440 443 407 431 359 410 353 437 389 431 440 434 404 398 419 377 467 413 419 368 398 425 395 449 461 401 389 365 461 410 368 440 395 380 383 383 404 392 335 401 452 428 629 383 449 410 428 629 440 431 428 401 422 425 446 428 383 440 461 446 428 305 275 344 356 305 320 395 299 290 272 290 278 239 329 371 431 437 386 431 446 389 260 284 269 407 314 401 449 401 371 401 458 368 452 275 281 293 257 284 365 338 359 344 365 1955 413 305 323 428 431 386 422 443 392 302 371 413 431 419 389 413 431 395 404 368 404 428 440 440 395 404 389 431 443 395 419 410 422 389 419 329 413 422 437 431 443 338 395 386 392 413 431 419 476 386 422 449 431 362 386 0 446 431 422 452 422 362 407 437 398 2000 446 431 422 416 467 422 377 443 329 338 404 413 431 419 347 404 413 431 419 284 407 392 452 431 431 386 422 380 413 392 380 422 368 416 422 398 413 398 431 383 461 440 464 398 431 410 404 398 386 431 395 437 383 404 299 455 431 320 413 431 356 386 413 476 320 371 338 413 419 431 416 365 371 431 398 410 422 446 434 446 398 431 443 419 428 410 377 395 446 359 431 410 377 308 410 425 428 413 443 398 410 443 422 404 386 413
281 284 344 326 260 356 320 293 341 353 356 362 320 254 320 305 329 410 332 416 212 335 329 458 410 434 251 326 278 323 323 380 338 368 455 404 413 422 413 368 431 488 425 458 350 371 371 377 323 461 371 428 371 419 386 374 419 344 428 431 431 326 404 434 377 470 443 335 386 308 443 362 386 410 371 371 341 341 401 395 320 332 479 422 479 341 449 380 422 479 440 413 422 407 356 416 2000 422 335 461 428 2000 422 263 254 314 314 272 272 395 281 245 275 263 290 236 269 356 413 413 383 428 467 371 239 260 218 416 266 371 446 371 404 440 419 371 425 254 278 305 209 239 362 314 350 299 326 434 431 326 278 422 413 383 437 395 383 296 323 389 416 443 383 389 419 392 428 338 344 395 1802 1784 326 335 374 1463 1781 380 431 452 446 350 407 368 389 437 416 464 434 350 332 353 368 389 416 443 440 383 437 410 428 368 392 446 0 419 437 416 404 368 395 434 419 446 2000 419 437 410 464 437 347 434 293 329 422 389 419 443 293 422 389 419 443 299 386 419 434 416 428 383 437 356 410 410 368 437 368 434 437 425 389 410 422 389 419 437 446 392 419 425 395 389 386 416 380 434 389 389 296 422 419 308 389 419 380 332 422 434 311 341 329 389 443 419 371 329 365 416 422 368 401 470 389 410 326 377 422 443 365 410 344 377 407 308 470 467 392 278 398 449 383 374 386 365 404 395 407 350 389 347
383 368 380 362 335 419 395 398 380 434 404 419 383 332 383 326 362 392 395 440 287 380 362 473 416 1712 374 398 314 404 404 401 410 407 431 431 767 425 767 419 452 419 428 446 458 431 374 395 389 458 401 404 431 437 422 449 425 386 440 389 428 362 452 461 413 452 470 365 428 380 470 422 371 431 410 407 401 392 422 437 404 398 431 1991 473 401 389 404 1991 473 440 674 1991 437 407 455 419 1991 386 425 458 419 1991 347 353 383 374 356 329 398 338 308 305 308 323 311 332 371 800 767 602 455 422 410 299 323 290 392 359 398 422 398 380 410 443 401 431 332 344 359 296 368 386 386 374 347 380 437 1712 353 338 416 407 602 617 449 434 350 362 584 1994 611 380 584 2000 416 392 374 383 419 428 440 386 395 365 410 443 419 425 422 419 425 446 371 584 617 413 422 437 359 401 395 419 584 1994 611 443 602 617 437 389 398 416 431 419 0 617 434 446 398 401 413 410 431 419 2000 617 413 440 617 404 398 359 353 410 584 1997 611 326 410 584 1997 611 338 455 368 431 1994 413 602 617 386 404 407 428 617 368 1724 617 422 584 416 434 416 467 449 425 419 2000 401 395 416 605 1994 419 440 413 428 326 437 2000 329 584 2000 386 389 1712 461 332 341 353 584 611 1997 434 356 431 419 395 407 413 428 428 434 425 395 419 434 392 422 437 413 410 356 443 458 380 335 401 425 422 404 407 425 461 410 404 410 422 422
389 344 410 395 368 431 404 377 422 422 386 452 458 389 449 377 395 431 404 431 359 389 395 425 392 602 398 407 365 416 389 434 398 383 392 395 455 401 455 452 401 383 395 407 389 368 374 386 374 422 416 395 395 383 395 416 395 386 404 368 401 401 377 380 419 422 431 392 371 386 431 404 356 407 416 401 410 392 428 410 383 446 407 617 398 377 332 374 617 398 374 548 617 401 362 371 437 617 398 383 413 437 617 359 377 386 377 341 362 401 359 374 335 356 380 344 347 389 602 455 569 419 425 431 338 335 344 347 395 428 395 428 365 395 404 413 395 371 356 386 341 368 380 416 356 401 383 416 605 380 365 359 371 569 2000 380 407 398 374 554 617 1982 398 554 617 398 386 350 383 401 416 422 428 434 395 443 425 428 359 368 389 395 374 383 554 2000 365 443 353 368 425 389 371 554 617 1982 371 569 2000 395 389 389 443 422 437 617 0 389 413 389 395 401 404 422 437 617 2000 362 380 2000 395 386 389 386 407 554 614 1982 356 407 554 614 1982 344 464 353 368 617 392 569 2000 371 413 410 413 2000 356 599 2000 398 554 386 389 395 392 422 380 380 617 398 374 389 566 617 428 404 392 413 332 374 617 368 554 617 431 401 608 446 365 359 386 554 1982 614 389 347 398 398 362 395 419 392 389 386 386 380 374 389 359 407 386 404 401 368 404 395 392 344 386 362 422 362 371 452 407 407 401 398 413 380
272 251 350 344 287 359 323 302 350 368 314 368 353 245 347 287 344 383 326 425 215 338 344 479 437 419 278 329 284 323 344 407 362 398 419 494 422 455 422 368 491 461 452 458 368 368 329 380 320 458 356 395 383 446 455 386 416 323 470 425 407 359 416 422 401 446 434 353 374 302 434 401 365 452 344 338 377 335 380 365 299 404 443 431 464 374 500 428 431 464 455 458 431 404 428 455 416 431 377 446 422 416 431 236 272 335 308 245 218 425 236 215 179 224 227 236 248 365 395 422 350 425 455 380 194 218 215 422 266 344 458 344 350 401 407 413 452 266 224 296 260 302 350 311 356 323 335 434 413 275 254 440 410 350 389 446 383 335 314 410 434 386 362 410 434 377 380 353 380 422 431 431 332 398 371 467 428 338 446 407 434 362 431 353 410 389 422 461 464 269 371 374 449 410 434 386 479 350 389 410 425 368 446 452 416 434 389 0 395 368 443 461 398 452 416 434 389 440 440 389 356 404 290 338 395 410 431 386 230 395 410 431 386 230 383 377 422 434 464 350 389 356 362 446 338 389 347 428 389 413 410 395 437 386 470 467 452 392 434 419 380 416 356 434 338 464 386 422 305 428 434 296 410 434 377 350 431 470 299 317 338 410 386 431 419 332 356 440 395 356 413 473 383 398 371 386 476 401 392 362 323 380 416 344 428 416 407 284 368 434 380 386 380 386 401 422 398 377 395 407
404 407 425 422 398 431 401 404 422 416 413 455 452 374 443 410 422 437 398 386 356 419 422 413 395 443 383 422 377 443 395 395 416 425 404 389 419 389 419 458 395 386 401 386 431 476 416 416 419 452 395 428 464 380 407 434 422 440 407 401 392 416 419 386 380 404 386 434 443 416 386 401 368 389 434 428 434 434 446 410 401 419 425 443 398 425 350 380 443 398 419 434 443 434 401 371 404 443 398 383 443 404 443 389 371 389 428 437 383 413 416 365 365 392 380 359 398 398 440 419 422 416 362 419 371 374 365 365 413 401 407 401 410 404 413 428 368 383 401 437 380 398 431 425 398 374 449 419 437 416 386 359 383 422 413 413 401 401 425 392 446 401 410 392 446 386 398 353 404 398 410 401 386 392 431 380 404 416 416 410 404 443 404 389 392 413 431 371 377 428 419 383 419 392 446 401 362 422 413 434 392 407 452 422 404 446 413 395 0 407 368 419 356 422 404 446 413 374 413 413 419 398 431 380 359 392 446 401 404 359 392 446 401 329 422 374 419 446 491 422 413 419 380 521 422 413 398 422 413 425 392 413 377 428 425 401 395 404 446 437 380 407 422 446 416 407 428 455 419 422 446 395 392 446 395 416 434 455 398 401 380 392 401 446 401 398 443 407 368 413 383 368 419 413 407 386 389 368 347 410 455 416 413 416 377 389 428 377 428 365 401 392 404 419 395 401 389 443 437 407
341 320 371 359 368 413 407 389 410 398 332 410 383 359 371 347 356 392 395 356 347 377 356 359 356 413 386 362 362 395 353 362 398 368 368 356 392 353 392 404 368 347 359 383 410 389 407 404 347 356 362 380 383 365 365 371 380 389 368 347 383 368 368 389 401 335 395 353 338 347 395 398 314 401 371 392 374 389 395 389 404 383 344 398 398 368 311 362 398 398 341 410 398 413 383 356 368 398 377 317 416 368 398 335 338 386 389 365 362 380 368 338 362 347 347 365 371 368 398 392 407 371 341 443 317 323 311 284 347 371 392 371 359 335 371 359 368 341 398 389 347 341 374 368 392 368 386 371 413 368 389 356 338 407 389 317 395 332 371 428 398 389 374 428 398 350 344 350 359 356 365 359 470 509 350 362 359 428 353 383 359 380 359 329 428 389 371 356 362 392 365 347 305 428 398 389 311 407 389 371 344 2000 371 362 368 398 389 368 407 0 338 410 344 362 368 398 389 392 353 389 422 350 410 386 338 428 398 389 371 338 428 398 389 356 377 335 365 398 353 407 389 1610 365 407 395 389 401 398 389 371 428 380 347 362 374 368 386 368 398 317 380 341 407 398 428 395 362 395 353 383 398 344 428 398 410 341 395 410 344 338 386 428 389 398 380 374 383 368 332 386 356 326 389 395 434 392 359 338 353 386 386 374 386 356 380 377 365 380 410 341 404 401 362 416 386 380 374 419 407 326
305 290 335 296 299 332 302 299 368 368 362 350 356 278 344 272 296 362 323 368 236 317 296 449 404 383 272 323 296 296 332 365 353 383 398 449 431 416 431 347 455 440 392 440 365 407 320 368 311 428 353 368 362 407 413 389 419 335 443 422 383 338 389 395 407 428 434 368 389 311 434 359 377 404 329 359 314 326 383 398 353 380 413 398 425 362 437 419 398 425 425 392 398 431 377 437 395 398 332 419 455 395 398 239 266 320 308 299 254 404 275 221 227 224 260 227 272 368 401 431 392 386 467 374 203 248 230 392 257 362 458 362 338 431 413 365 434 251 242 293 245 278 359 326 359 347 314 401 380 284 302 440 413 392 395 437 368 284 350 374 398 389 413 374 401 356 374 341 344 377 392 389 350 338 332 434 392 353 440 401 362 365 461 332 374 395 389 446 410 284 359 365 455 374 398 389 440 392 395 449 371 338 365 407 395 401 395 443 368 338 0 428 437 407 395 401 395 443 413 395 374 431 341 338 434 374 398 389 323 434 374 398 389 221 413 362 428 398 422 392 395 353 362 392 380 395 338 380 395 389 374 398 416 401 407 449 446 404 401 398 386 368 389 398 353 425 401 422 260 422 401 287 374 401 362 407 380 422 284 299 338 374 389 398 374 371 371 377 392 341 386 440 392 380 311 350 458 422 365 377 311 347 413 308 440 458 398 269 386 398 341 341 401 371 392 380 401 380 401 395
326 308 362 338 329 374 344 344 371 398 359 392 359 308 356 335 341 419 341 395 287 356 341 467 428 431 320 404 320 362 350 404 359 443 422 449 440 467 440 392 449 422 416 461 428 404 401 404 347 449 404 419 377 419 407 407 443 368 476 428 419 392 410 422 419 455 425 329 389 374 425 389 386 398 368 398 353 359 404 374 374 413 437 413 452 416 446 401 413 452 449 419 413 416 389 461 434 413 353 407 443 434 413 281 305 323 374 299 296 410 287 287 260 302 287 281 302 383 404 440 395 452 440 404 254 263 266 416 293 380 437 380 371 407 428 419 419 281 302 341 284 314 407 323 407 347 332 440 431 344 305 407 431 395 401 413 443 314 365 383 416 401 386 383 413 419 419 347 386 365 413 401 419 386 359 437 401 416 419 401 449 413 416 371 383 401 419 431 422 329 371 389 455 383 416 401 422 395 401 419 413 410 419 437 434 413 401 461 419 410 428 0 410 437 434 413 401 419 437 401 350 419 374 368 410 383 416 401 317 410 383 416 401 287 395 383 437 416 437 395 401 347 386 404 446 401 398 431 401 398 383 419 434 413 464 449 443 410 413 410 398 410 392 416 416 428 416 452 323 437 413 377 383 413 401 404 428 434 380 314 368 383 401 416 434 359 389 416 419 386 428 458 392 410 374 395 440 389 407 398 344 365 401 368 440 455 371 305 434 410 383 404 377 383 443 413 404 377 398 422
323 293 296 326 248 350 296 311 353 329 326 335 350 290 353 284 323 338 335 383 230 329 323 419 389 410 287 347 317 338 314 365 350 335 356 413 389 404 389 329 461 443 422 455 344 383 344 407 314 428 371 410 386 422 401 392 431 353 380 419 380 335 374 380 440 425 437 371 395 326 437 353 332 395 374 368 296 359 410 359 377 383 377 410 419 353 425 413 410 419 410 401 410 392 353 434 419 410 341 416 416 419 410 302 266 287 299 248 299 422 287 326 269 335 266 236 278 308 380 389 383 413 452 356 233 251 239 410 296 332 419 332 329 410 422 362 461 245 281 296 242 290 341 350 395 341 314 389 413 335 299 425 392 383 404 404 362 287 341 335 410 404 371 335 410 401 410 389 389 368 407 419 359 365 305 422 422 410 434 383 455 356 398 329 335 404 413 416 392 332 383 362 374 335 410 404 422 383 404 401 365 344 377 398 419 410 404 398 356 344 437 410 0 398 419 410 404 449 410 404 383 422 332 359 1991 335 410 404 287 1991 335 410 404 320 383 347 410 410 407 383 404 368 389 395 407 404 335 416 404 374 335 389 428 389 407 419 428 422 410 365 395 368 380 410 410 431 386 404 272 398 410 344 335 410 377 350 416 428 344 323 359 335 404 410 407 350 350 458 389 365 410 464 380 425 347 392 422 434 353 374 350 329 416 365 452 449 395 308 344 416 380 392 416 353 413 437 425 377 380 401
308 329 392 341 326 365 332 326 392 407 347 368 359 305 350 311 341 392 356 410 278 332 341 467 431 410 305 335 296 353 329 395 389 437 419 452 437 464 437 365 449 425 440 443 407 431 359 410 353 437 389 431 440 434 404 398 419 377 467 413 419 368 398 425 395 449 461 401 389 365 461 410 368 440 395 380 383 383 404 392 335 401 452 428 629 383 449 410 428 629 440 431 428 401 422 425 446 428 383 440 461 446 428 305 275 344 356 305 320 395 299 290 272 290 278 239 329 371 431 437 386 431 446 389 260 284 269 407 314 401 449 401 371 401 458 368 452 275 281 293 257 284 365 338 359 344 365 1955 413 305 323 428 431 386 422 443 392 302 371 413 431 419 389 413 431 395 404 368 404 428 440 440 395 404 389 431 443 395 419 410 422 389 419 329 413 422 437 431 443 338 395 386 392 413 431 419 476 386 422 449 431 362 386 2000 446 431 422 452 422 362 407 437 398 0 446 431 422 416 467 422 377 443 329 338 404 413 431 419 347 404 413 431 419 284 407 392 452 431 431 386 422 380 413 392 380 422 368 416 422 398 413 398 431 383 461 440 464 398 431 410 404 398 386 431 395 437 383 404 299 455 431 320 413 431 356 386 413 476 320 371 338 413 419 431 416 365 371 431 398 410 422 446 434 446 398 431 443 419 428 410 377 395 446 359 431 410 377 308 410 425 428 413 443 398 410 443 422 404 386 413
281 284 344 326 260 356 320 293 341 353 356 362 320 254 320 305 329 410 332 416 212 335 329 458 410 434 251 326 278 323 323 380 338 368 455 404 413 422 413 368 431 488 425 458 350 371 371 377 323 461 371 428 371 419 386 374 419 344 428 431 431 326 404 434 377 470 443 335 386 308 443 362 386 410 371 371 341 341 401 395 320 332 479 422 479 341 449 380 422 479 440 413 422 407 356 416 2000 422 335 461 428 2000 422 263 254 314 314 272 272 395 281 245 275 263 290 236 269 356 413 413 383 428 467 371 239 260 218 416 266 371 446 371 404 440 419 371 425 254 278 305 209 239 362 314 350 299 326 434 431 326 278 422 413 383 437 395 383 296 323 389 416 443 383 389 419 392 428 338 344 395 1802 1784 326 335 374 1463 1781 380 431 452 446 350 407 368 389 437 416 464 434 350 332 353 368 389 416 443 440 383 437 410 428 368 392 446 2000 419 437 416 404 368 395 434 419 446 0 419 437 410 464 437 347 434 293 329 422 389 419 443 293 422 389 419 443 299 386 419 434 416 428 383 437 356 410 410 368 437 368 434 437 425 389 410 422 389 419 437 446 392 419 425 395 389 386 416 380 434 389 389 296 422 419 308 389 419 380 332 422 434 311 341 329 389 443 419 371 329 365 416 422 368 401 470 389 410 326 377 422 443 365 410 344 377 407 308 470 467 392 278 398 449 383 374 386 365 404 395 407 350 389 347
383 368 380 362 335 419 395 398 380 434 404 419 383 332 383 326 362 392 395 440 287 380 362 473 416 1712 374 398 314 404 404 401 410 407 431 431 767 425 767 419 452 419 428 446 458 431 374 395 389 458 401 404 431 437 422 449 425 386 440 389 428 362 452 461 413 452 470 365 428 380 470 422 371 431 410 407 401 392 422 437 404 398 431 1991 473 401 389 404 1991 473 440 674 1991 437 407 455 419 1991 386 425 458 419 1991 347 353 383 374 356 329 398 338 308 305 308 323 311 332 371 800 767 602 455 422 410 299 323 290 392 359 398 422 398 380 410 443 401 431 332 344 359 296 368 386 386 374 347 380 437 1712 353 338 416 407 602 617 449 434 350 362 584 1994 611 380 584 2000 416 392 374 383 419 428 440 386 395 365 410 443 419 425 422 419 425 446 371 584 617 413 422 437 359 401 395 419 584 1994 611 443 602 617 437 389 398 416 431 419 2000 617 434 446 398 401 413 410 431 419 0 617 413 440 617 404 398 359 353 410 584 1997 611 326 410 584 1997 611 338 455 368 431 1994 413 602 617 386 404 407 428 617 368 1724 617 422 584 416 434 416 467 449 425 419 2000 401 395 416 605 1994 419 440 413 428 326 437 2000 329 584 2000 386 389 1712 461 332 341 353 584 611 1997 434 356 431 419 395 407 413 428 428 434 425 395 419 434 392 422 437 413 410 356 443 458 380 335 401 425 422 404 407 425 461 410 404 410 422 422
389 344 410 395 368 431 404 377 422 422 386 452 458 389 449 377 395 431 404 431 359 389 395 425 392 602 398 407 365 416 389 434 398 383 392 395 455 401 455 452 401 383 395 407 389 368 374 386 374 422 416 395 395 383 395 416 395 386 404 368 401 401 377 380 419 422 431 392 371 386 431 404 356 407 416 401 410 392 428 410 383 446 407 617 398 377 332 374 617 398 374 548 617 401 362 371 437 617 398 383 413 437 617 359 377 386 377 341 362 401 359 374 335 356 380 344 347 389 602 455 569 419 425 431 338 335 344 347 395 428 395 428 365 395 404 413 395 371 356 386 341 368 380 416 356 401 383 416 605 380 365 359 371 569 2000 380 407 398 374 554 617 1982 398 554 617 398 386 350 383 401 416 422 428 434 395 443 425 428 359 368 389 395 374 383 554 2000 365 443 353 368 425 389 371 554 617 1982 371 569 2000 395 389 389 443 422 437 617 2000 389 413 389 395 401 404 422 437 617 0 362 380 2000 395 386 389 386 407 554 614 1982 356 407 554 614 1982 344 464 353 368 617 392 569 2000 371 413 410 413 2000 356 599 2000 398 554 386 389 395 392 422 380 380 617 398 374 389 566 617 428 404 392 413 332 374 617 368 554 617 431 401 608 446 365 359 386 554 1982 614 389 347 398 398 362 395 419 392 389 386 386 380 374 389 359 407 386 404 401 368 404 395 392 344 386 362 422 362 371 452 407 407 401 398 413 380
287 305 338 311 299 386 287 293 383 407 344 359 365 269 359 272 311 371 329 353 233 332 311 464 434 395 293 374 305 338 311 401 371 365 425 440 392 431 392 362 422 443 440 434 371 332 311 389 314 494 356 392 365 419 419 404 401 335 422 374 401 335 425 410 419 401 419 332 353 338 419 386 347 401 353 344 377 362 398 401 302 389 452 413 425 365 419 401 413 425 452 410 413 383 404 434 410 413 335 431 422 410 413 233 284 302 305 275 260 416 287 254 215 236 281 233 281 383 401 392 356 404 419 401 233 248 251 413 260 353 404 353 326 398 401 374 419 263 287 287 251 299 329 326 377 356 362 413 398 311 299 380 443 356 362 437 413 293 323 413 416 359 362 413 413 380 380 386 356 398 413 407 335 383 338 416 407 389 416 365 398 392 431 344 413 362 416 434 407 341 389 401 422 413 416 359 437 356 362 416 371 392 386 416 410 413 362 440 374 392 443 419 449 416 410 413 362 0 407 362 401 437 314 332 443 413 416 359 272 443 413 416 359 290 347 389 395 416 443 356 362 419 344 407 368 362 338 389 362 374 413 380 410 362 443 434 467 377 413 401 407 410 356 416 389 413 365 395 317 401 413 317 413 413 395 332 398 422 317 293 332 413 359 416 410 356 371 443 356 371 398 443 371 383 383 404 446 401 404 392 329 356 404 356 434 431 407 284 386 410 359 377 386 383 404 395 428 380 374 386
332 311 362 368 317 386 314 323 377 365 353 389 368 311 365 326 365 407 338 410 266 320 365 440 425 431 299 371 323 338 329 401 347 419 428 428 404 440 404 386 443 446 446 434 353 428 353 398 335 464 407 428 392 446 413 407 431 368 443 440 422 353 404 434 404 467 440 380 431 326 440 404 377 476 368 404 362 359 377 386 356 407 431 440 464 389 461 410 440 464 437 455 440 419 434 458 464 440 362 455 419 464 440 320 281 323 359 338 290 428 305 281 287 299 281 260 287 359 455 404 398 434 437 395 254 287 254 413 308 371 422 371 359 443 452 407 449 296 311 332 281 272 356 320 395 317 359 476 431 335 305 401 407 398 380 425 398 293 347 422 434 380 371 422 440 416 416 353 383 401 452 455 326 377 380 446 458 392 422 425 404 341 449 368 422 380 428 470 395 344 377 371 359 422 434 380 431 398 380 443 392 353 380 467 464 440 380 440 413 353 413 437 410 467 464 440 380 407 0 380 371 410 356 350 413 422 437 380 329 413 422 437 380 284 407 317 1868 434 452 398 380 380 377 383 422 380 356 428 380 440 422 422 443 392 446 428 434 416 440 395 404 386 398 434 392 452 389 416 284 1820 440 350 422 440 368 341 425 455 350 338 350 422 380 437 395 344 389 395 386 404 413 461 386 443 374 440 446 458 383 422 353 410 428 329 458 443 395 275 365 425 377 368 398 404 407 404 419 383 407 428
389 344 410 395 368 431 404 377 422 422 386 452 458 389 449 377 395 431 404 431 359 389 395 425 392 602 398 407 365 416 389 434 398 383 392 395 455 401 455 452 401 383 395 407 389 368 374 386 374 422 416 395 395 383 395 416 395 386 404 368 401 401 377 380 419 422 431 392 371 386 431 404 356 407 416 401 410 392 428 410 383 446 407 617 398 377 332 374 617 398 374 548 617 401 362 371 437 617 398 383 413 437 617 359 377 386 377 341 362 401 359 374 335 356 380 344 347 389 602 455 569 419 425 431 338 335 344 347 395 428 395 428 365 395 404 413 395 371 356 386 341 368 380 416 356 401 383 416 605 380 365 359 371 569 2000 380 407 398 374 554 617 1982 398 554 617 398 386 350 383 401 416 422 428 434 395 443 425 428 359 368 389 395 374 383 554 2000 365 443 353 368 425 389 371 554 617 1982 371 569 2000 395 389 389 443 422 437 617 2000 389 413 389 395 401 404 422 437 617 2000 362 380 0 395 386 389 386 407 554 614 1982 356 407 554 614 1982 344 464 353 368 617 392 569 2000 371 413 410 413 2000 356 599 2000 398 554 386 389 395 392 422 380 380 617 398 374 389 566 617 428 404 392 413 332 374 617 368 554 617 431 401 608 446 365 359 386 554 1982 614 389 347 398 398 362 395 419 392 389 386 386 380 374 389 359 407 386 404 401 368 404 395 392 344 386 362 422 362 371 452 407 407 401 398 413 380
461 389 440 419 452 431 398 425 434 404 374 467 434 425 434 380 419 398 431 407 425 389 419 401 344 419 392 401 401 416 413 398 452 401 377 362 362 413 362 467 371 317 353 347 410 368 386 404 443 356 401 416 398 365 380 416 404 416 353 416 431 401 377 365 407 332 347 455 401 422 347 422 359 380 437 356 392 383 446 386 422 452 374 401 386 401 302 377 401 386 353 404 401 395 395 311 347 401 458 329 398 347 401 398 380 383 443 395 425 362 383 371 401 368 389 401 368 407 416 362 401 389 320 407 374 428 422 314 377 425 326 425 386 362 377 386 377 467 419 434 398 404 437 449 362 443 383 374 419 383 416 299 362 401 395 350 347 398 482 428 401 395 416 428 404 311 410 296 380 329 350 353 392 398 392 332 356 398 323 341 389 428 302 392 428 395 380 329 284 344 413 338 362 428 401 395 341 401 395 383 311 422 467 377 347 404 395 356 419 422 374 350 383 377 347 404 395 401 371 395 0 341 434 377 380 428 401 395 371 380 428 401 395 359 374 350 377 401 350 401 395 380 398 383 410 395 374 401 395 335 428 362 338 413 419 347 368 422 404 323 305 398 401 401 398 374 416 371 383 374 404 395 428 404 434 419 410 386 398 365 377 428 395 401 356 395 425 368 389 389 416 293 380 395 350 368 380 353 350 380 335 434 359 416 368 359 362 413 305 368 446 392 341 440 410 404 371 386 359 392
308 311 314 275 230 323 287 317 371 347 380 308 323 260 317 251 278 395 311 392 197 329 278 413 491 410 266 362 296 347 263 359 296 392 398 431 416 413 416 308 473 485 443 470 326 410 368 335 359 422 404 398 344 428 398 359 449 344 449 443 404 356 383 419 389 464 434 356 383 305 434 341 380 404 380 359 299 338 395 380 350 347 407 395 428 350 440 482 395 428 470 398 395 401 365 482 434 395 296 485 440 434 395 251 299 275 263 269 266 452 293 320 257 287 314 260 278 353 362 416 398 425 491 353 200 251 227 413 290 341 494 341 332 458 413 344 449 209 272 254 236 221 284 308 395 272 323 428 407 314 272 485 422 398 386 407 413 227 344 440 398 392 374 440 398 389 419 359 311 425 431 422 377 380 374 437 422 404 452 431 458 326 503 326 440 386 431 464 404 338 386 380 380 440 398 392 464 398 386 437 356 350 347 443 434 398 386 404 398 350 431 419 422 443 434 398 386 437 410 386 341 0 263 383 422 440 398 392 347 422 440 398 392 272 404 419 425 398 434 398 386 356 392 419 371 386 347 404 386 515 440 473 419 425 446 434 461 374 398 431 428 401 398 398 404 434 425 422 317 428 398 335 440 398 362 302 404 425 335 269 383 440 392 398 398 368 356 443 425 362 440 473 392 440 359 371 455 446 404 404 338 329 419 320 458 455 413 260 362 446 353 410 446 359 389 428 437 413 410 377
503 437 488 485 512 485 524 482 458 455 431 506 476 521 476 443 485 440 425 398 503 491 485 320 320 359 479 431 479 503 473 422 464 383 368 362 317 359 317 503 287 242 314 293 443 437 440 443 467 332 398 407 431 329 371 419 347 455 284 377 458 473 362 359 386 293 269 419 416 500 269 440 383 380 428 404 491 419 473 410 428 431 356 353 305 458 203 341 353 305 248 365 353 404 368 251 293 353 446 236 383 293 353 455 401 473 542 485 455 368 440 428 494 428 452 500 488 461 428 317 431 383 272 470 503 485 503 185 482 449 251 449 407 296 335 449 296 530 485 509 521 521 494 488 398 464 413 338 359 467 464 248 290 431 389 326 389 464 452 398 359 383 422 398 359 305 392 329 431 311 275 275 440 398 398 248 278 437 245 344 311 464 272 440 398 389 356 269 302 401 383 341 317 398 359 383 242 431 389 350 365 410 461 329 293 359 389 290 431 410 341 374 332 329 293 359 389 314 356 389 434 263 0 434 329 398 359 383 416 329 398 359 383 425 341 344 356 359 302 431 389 413 377 401 416 389 446 347 389 320 398 371 353 398 344 323 290 380 359 305 299 401 434 359 437 356 401 338 425 356 359 455 398 359 449 458 359 371 452 482 434 398 383 359 356 425 428 338 332 485 386 233 362 329 410 326 335 281 347 359 419 455 359 476 296 305 356 479 350 347 410 374 353 440 413 359 353 392 365 380
431 443 437 416 383 380 410 461 467 392 431 434 422 425 431 419 416 401 401 374 422 416 416 335 404 365 404 443 461 434 401 419 362 389 371 341 311 326 311 431 329 341 365 359 401 428 407 419 389 353 425 377 359 347 362 422 404 401 356 416 413 458 404 380 404 317 329 416 386 455 329 413 392 329 443 389 443 413 428 380 437 449 380 353 323 464 302 404 353 323 323 365 353 362 368 320 329 353 389 326 383 329 353 410 440 413 395 434 461 413 455 464 428 485 434 452 440 431 368 311 410 353 371 425 422 419 446 263 470 410 347 410 416 377 314 371 323 407 446 434 425 401 395 395 374 425 386 350 359 443 458 380 362 410 386 308 374 371 434 365 350 383 443 365 353 371 401 377 407 398 344 332 458 407 377 308 332 428 350 383 377 377 353 470 365 386 374 344 296 443 413 344 368 365 350 383 320 410 386 377 371 386 371 338 329 353 386 338 380 386 338 368 359 338 329 353 386 332 350 386 377 383 434 0 359 365 353 383 407 359 365 353 383 380 392 425 374 350 365 410 386 380 431 428 398 386 416 365 386 401 365 449 350 431 395 383 350 398 353 371 365 413 410 350 428 362 425 422 407 389 353 548 365 353 416 404 356 356 548 398 2000 365 383 353 374 419 410 365 389 386 425 317 365 377 356 359 332 371 338 389 398 395 371 413 323 317 353 401 344 374 407 404 422 386 401 404 344 395 410 428
323 293 296 320 251 353 293 311 356 335 317 335 350 293 353 284 317 335 332 386 230 332 317 416 392 407 287 347 320 338 314 365 347 338 359 410 389 404 389 329 458 434 425 452 344 389 344 407 314 431 371 413 380 422 401 398 431 350 380 416 380 329 371 383 443 425 437 371 398 329 437 347 329 398 365 371 299 356 404 359 371 386 374 410 416 353 422 413 410 416 416 404 410 395 347 431 422 410 344 419 419 422 410 302 263 287 302 251 296 416 281 317 263 326 263 236 281 311 383 389 386 416 452 359 230 254 233 410 293 332 413 332 323 410 428 368 461 248 278 290 242 296 344 350 389 338 323 392 410 341 302 422 392 386 407 410 365 293 341 338 413 407 368 338 410 398 410 389 395 368 410 419 359 362 302 425 422 413 428 383 449 350 407 329 338 407 413 419 392 335 377 359 371 338 413 407 419 386 407 401 365 338 377 404 422 410 407 395 359 338 434 410 1991 404 422 410 407 443 413 407 380 422 329 359 0 338 410 407 284 2000 338 410 407 323 380 347 413 413 407 386 407 368 389 398 407 407 338 413 407 374 338 389 428 383 410 416 431 425 410 371 395 374 383 413 413 428 380 401 272 401 410 347 338 410 380 350 416 431 347 323 359 338 407 410 404 350 359 464 392 371 407 464 377 422 347 395 422 428 359 374 353 329 416 368 452 449 392 305 341 413 380 386 413 350 407 437 422 377 377 401
410 389 422 413 392 449 404 401 410 401 395 458 458 380 458 413 413 395 395 431 386 407 413 416 413 590 407 398 389 431 365 410 413 431 425 389 515 398 515 461 422 350 413 392 434 419 419 437 401 440 434 410 416 431 395 437 419 410 425 371 407 413 419 455 407 392 392 410 407 413 392 413 374 383 413 401 419 410 419 428 392 425 401 584 419 449 344 401 584 419 353 542 584 398 395 407 389 584 395 344 458 389 584 389 359 401 410 398 371 431 374 335 344 359 398 383 377 419 578 515 590 410 362 401 380 401 383 344 398 419 407 419 419 380 401 416 380 392 392 383 395 434 407 419 413 401 374 419 590 392 386 350 407 590 554 359 422 374 410 2000 578 554 416 2000 584 392 401 404 413 407 392 374 392 431 410 365 374 407 392 395 386 443 404 398 2000 554 389 413 380 362 416 401 374 2000 578 554 395 590 554 410 386 428 437 413 389 584 554 410 392 428 374 383 335 413 389 584 554 413 422 554 428 440 398 365 338 0 581 554 398 338 2000 581 554 362 467 419 410 578 377 590 554 377 374 407 440 554 410 587 554 419 2000 428 431 368 446 410 413 383 584 389 380 431 590 578 407 401 371 458 419 410 584 377 2000 584 440 386 593 431 380 407 365 2000 554 581 407 392 425 401 368 449 434 374 425 407 422 404 398 398 386 410 428 428 401 407 404 398 407 401 371 419 404 434 407 455 410 434 392 425 410 398
383 371 380 362 338 422 395 395 380 434 407 416 383 329 380 326 362 395 392 440 290 380 362 476 413 1715 374 398 314 404 407 401 407 410 428 428 770 425 770 416 452 419 428 449 455 431 374 398 392 455 404 404 434 437 422 449 422 389 440 389 428 365 452 461 410 452 470 365 428 380 470 422 371 431 407 407 401 389 422 437 404 398 428 1994 473 401 389 404 1994 473 440 671 1994 434 407 455 419 1994 386 425 458 419 1994 350 353 383 377 353 332 398 338 311 302 311 326 314 335 371 797 770 602 455 422 410 299 323 290 395 362 395 422 395 383 407 440 398 431 335 344 359 296 365 383 386 374 347 380 434 1715 356 341 416 407 602 614 449 431 353 362 581 1997 608 380 581 1997 416 392 374 386 422 428 440 386 398 365 413 443 419 425 425 422 425 443 371 581 614 410 422 437 359 401 398 416 581 1997 608 446 602 614 440 389 398 419 431 419 1997 614 431 446 398 398 416 410 431 419 1997 614 416 437 614 401 398 359 353 410 581 0 608 326 410 581 2000 608 341 455 365 428 1997 416 602 614 389 401 410 431 614 365 1727 614 422 581 416 431 416 467 449 425 419 1997 401 395 413 605 1997 419 440 413 431 326 434 1997 329 581 1997 386 386 1715 464 332 344 353 581 608 2000 434 356 428 419 395 407 416 428 425 437 428 395 419 434 392 425 440 413 407 359 443 458 383 338 398 425 422 407 407 422 461 413 404 410 422 419
392 347 413 392 365 440 404 374 419 422 389 452 452 377 443 374 392 428 407 422 368 392 392 428 392 605 401 407 365 410 386 431 401 389 392 398 452 401 452 455 407 389 386 401 392 374 377 380 368 419 416 395 404 386 395 425 404 389 413 374 404 404 374 392 419 419 431 392 371 392 431 395 353 404 413 401 410 392 437 416 374 443 404 611 395 383 332 383 611 395 377 548 611 398 371 365 443 611 404 377 416 443 611 362 377 386 383 353 356 401 365 371 341 353 377 350 350 389 605 452 566 416 422 428 341 332 344 353 395 431 392 431 377 401 404 413 395 362 359 392 338 371 380 425 350 398 383 413 608 380 374 359 374 566 1982 374 413 395 377 554 611 2000 398 554 611 404 386 347 386 398 419 425 422 425 395 446 428 425 362 365 392 398 371 386 554 1982 371 437 353 365 437 395 371 554 611 2000 371 566 1982 389 389 389 443 419 443 611 1982 386 401 389 389 401 404 419 443 611 1982 359 380 1982 395 392 383 383 407 554 608 0 350 407 554 608 2000 347 476 353 368 611 389 566 1982 368 416 404 416 1982 362 602 1982 395 554 389 389 389 389 419 383 377 611 389 374 389 563 611 425 395 386 413 329 374 611 368 554 611 425 401 605 449 365 365 383 554 2000 608 383 353 404 398 368 392 419 383 380 389 383 383 371 395 359 404 386 401 404 374 401 392 386 353 389 368 422 365 371 455 413 407 395 398 404 383
464 476 422 419 395 449 392 467 416 395 431 500 443 446 449 401 419 407 428 368 467 443 419 305 329 335 419 416 425 452 356 353 383 347 347 287 341 269 341 497 254 293 317 323 419 404 419 365 425 332 425 374 377 338 347 386 377 404 329 344 389 446 287 362 353 293 317 419 365 425 317 395 329 347 452 407 401 386 377 407 485 380 320 329 293 392 200 389 329 293 257 374 329 362 299 251 293 329 383 257 386 293 329 479 398 464 467 425 419 311 488 428 428 422 476 482 461 416 392 341 416 329 281 413 434 491 440 227 434 419 302 419 419 296 317 428 314 425 470 440 428 422 413 422 380 440 398 344 332 455 431 266 380 416 356 296 377 410 389 398 326 350 404 398 326 320 386 299 395 395 275 284 398 353 422 275 287 398 290 329 353 377 278 428 398 356 314 269 230 440 371 332 320 398 326 350 296 416 356 344 326 371 389 347 293 326 356 230 404 371 323 317 287 347 293 326 356 272 329 356 371 347 416 407 284 398 326 350 0 284 398 326 350 404 359 359 323 326 314 416 356 368 395 362 407 356 413 329 356 362 398 389 302 347 308 335 293 377 326 311 341 356 419 326 398 350 347 371 413 332 326 449 398 326 380 380 338 395 452 371 407 398 350 326 362 440 446 287 299 395 332 230 386 341 353 368 269 305 359 380 458 416 314 365 287 296 377 386 347 329 386 380 353 371 344 344 332 359 365 344
323 293 296 320 251 353 293 311 356 335 317 335 350 293 353 284 317 335 332 386 230 332 317 416 392 407 287 347 320 338 314 365 347 338 359 410 389 404 389 329 458 434 425 452 344 389 344 407 314 431 371 413 380 422 401 398 431 350 380 416 380 329 371 383 443 425 437 371 398 329 437 347 329 398 365 371 299 356 404 359 371 386 374 410 416 353 422 413 410 416 416 404 410 395 347 431 422 410 344 419 419 422 410 302 263 287 302 251 296 416 281 317 263 326 263 236 281 311 383 389 386 416 452 359 230 254 233 410 293 332 413 332 323 410 428 368 461 248 278 290 242 296 344 350 389 338 323 392 410 341 302 422 392 386 407 410 365 293 341 338 413 407 368 338 410 398 410 389 395 368 410 419 359 362 302 425 422 413 428 383 449 350 407 329 338 407 413 419 392 335 377 359 371 338 413 407 419 386 407 401 365 338 377 404 422 410 407 395 359 338 434 410 1991 404 422 410 407 443 413 407 380 422 329 359 2000 338 410 407 284 0 338 410 407 323 380 347 413 413 407 386 407 368 389 398 407 407 338 413 407 374 338 389 428 383 410 416 431 425 410 371 395 374 383 413 413 428 380 401 272 401 410 347 338 410 380 350 416 431 347 323 359 338 407 410 404 350 359 464 392 371 407 464 377 422 347 395 422 428 359 374 353 329 416 368 452 449 392 305 341 413 380 386 413 350 407 437 422 377 377 401
410 389 422 413 392 449 404 401 410 401 395 458 458 380 458 413 413 395 395 431 386 407 413 416 413 590 407 398 389 431 365 410 413 431 425 389 515 398 515 461 422 350 413 392 434 419 419 437 401 440 434 410 416 431 395 437 419 410 425 371 407 413 419 455 407 392 392 410 407 413 392 413 374 383 413 401 419 410 419 428 392 425 401 584 419 449 344 401 584 419 353 542 584 398 395 407 389 584 395 344 458 389 584 389 359 401 410 398 371 431 374 335 344 359 398 383 377 419 578 515 590 410 362 401 380 401 383 344 398 419 407 419 419 380 401 416 380 392 392 383 395 434 407 419 413 401 374 419 590 392 386 350 407 590 554 359 422 374 410 2000 578 554 416 2000 584 392 401 404 413 407 392 374 392 431 410 365 374 407 392 395 386 443 404 398 2000 554 389 413 380 362 416 401 374 2000 578 554 395 590 554 410 386 428 437 413 389 584 554 410 392 428 374 383 335 413 389 584 554 413 422 554 428 440 398 365 338 2000 581 554 398 338 0 581 554 362 467 419 410 578 377 590 554 377 374 407 440 554 410 587 554 419 2000 428 431 368 446 410 413 383 584 389 380 431 590 578 407 401 371 458 419 410 584 377 2000 584 440 386 593 431 380 407 365 2000 554 581 407 392 425 401 368 449 434 374 425 407 422 404 398 398 386 410 428 428 401 407 404 398 407 401 371 419 404 434 407 455 410 434 392 425 410 398
383 371 380 362 338 422 395 395 380 434 407 416 383 329 380 326 362 395 392 440 290 380 362 476 413 1715 374 398 314 404 407 401 407 410 428 428 770 425 770 416 452 419 428 449 455 431 374 398 392 455 404 404 434 437 422 449 422 389 440 389 428 365 452 461 410 452 470 365 428 380 470 422 371 431 407 407 401 389 422 437 404 398 428 1994 473 401 389 404 1994 473 440 671 1994 434 407 455 419 1994 386 425 458 419 1994 350 353 383 377 353 332 398 338 311 302 311 326 314 335 371 797 770 602 455 422 410 299 323 290 395 362 395 422 395 383 407 440 398 431 335 344 359 296 365 383 386 374 347 380 434 1715 356 341 416 407 602 614 449 431 353 362 581 1997 608 380 581 1997 416 392 374 386 422 428 440 386 398 365 413 443 419 425 425 422 425 443 371 581 614 410 422 437 359 401 398 416 581 1997 608 446 602 614 440 389 398 419 431 419 1997 614 431 446 398 398 416 410 431 419 1997 614 416 437 614 401 398 359 353 410 581 2000 608 326 410 581 0 608 341 455 365 428 1997 416 602 614 389 401 410 431 614 365 1727 614 422 581 416 431 416 467 449 425 419 1997 401 395 413 605 1997 419 440 413 431 326 434 1997 329 581 1997 386 386 1715 464 332 344 353 581 608 2000 434 356 428 419 395 407 416 428 425 437 428 395 419 434 392 425 440 413 407 359 443 458 383 338 398 425 422 407 407 422 461 413 404 410 422 419
392 347 413 392 365 440 404 374 419 422 389 452 452 377 443 374 392 428 407 422 368 392 392 428 392 605 401 407 365 410 386 431 401 389 392 398 452 401 452 455 407 389 386 401 392 374 377 380 368 419 416 395 404 386 395 425 404 389 413 374 404 404 374 392 419 419 431 392 371 392 431 395 353 404 413 401 410 392 437 416 374 443 404 611 395 383 332 383 611 395 377 548 611 398 371 365 443 611 404 377 416 443 611 362 377 386 383 353 356 401 365 371 341 353 377 350 350 389 605 452 566 416 422 428 341 332 344 353 395 431 392 431 377 401 404 413 395 362 359 392 338 371 380 425 350 398 383 413 608 380 374 359 374 566 1982 374 413 395 377 554 611 2000 398 554 611 404 386 347 386 398 419 425 422 425 395 446 428 425 362 365 392 398 371 386 554 1982 371 437 353 365 437 395 371 554 611 2000 371 566 1982 389 389 389 443 419 443 611 1982 386 401 389 389 401 404 419 443 611 1982 359 380 1982 395 392 383 383 407 554 608 2000 350 407 554 608 0 347 476 353 368 611 389 566 1982 368 416 404 416 1982 362 602 1982 395 554 389 389 389 389 419 383 377 611 389 374 389 563 611 425 395 386 413 329 374 611 368 554 611 425 401 605 449 365 365 383 554 2000 608 383 353 404 398 368 392 419 383 380 389 383 383 371 395 359 404 386 401 404 374 401 392 386 353 389 368 422 365 371 455 413 407 395 398 404 383
446 440 401 443 365 410 419 404 413 356 371 410 386 446 389 407 440 377 389 374 458 407 440 284 293 347 392 377 473 428 371 371 359 320 317 257 314 269 314 416 239 248 296 254 404 362 419 374 440 266 377 353 341 341 326 365 320 401 302 329 368 374 299 320 371 266 266 365 344 431 266 386 380 299 419 383 401 422 419 410 401 368 302 338 242 395 179 341 338 242 218 335 338 341 323 248 299 338 374 239 314 299 338 404 425 365 419 380 464 302 416 434 455 419 455 479 383 398 344 314 383 332 221 371 449 452 416 182 419 362 269 362 383 299 257 344 281 419 458 413 419 437 395 434 368 407 368 302 347 449 428 275 287 383 344 275 353 380 353 362 338 347 359 362 338 374 341 332 359 299 278 269 380 350 350 233 269 404 287 308 323 380 308 407 362 344 335 245 287 461 368 296 236 362 338 347 191 383 344 296 278 356 359 284 299 338 344 230 329 356 221 287 320 284 299 338 344 290 284 344 359 272 425 380 323 362 341 347 404 323 362 341 347 0 362 335 287 338 275 383 344 377 356 374 347 344 404 341 344 311 362 362 314 341 287 290 266 338 338 293 329 371 380 338 404 308 338 320 446 296 338 434 362 338 401 347 347 299 434 446 380 362 347 341 329 374 383 272 311 395 374 242 350 305 371 311 260 302 317 311 404 374 326 392 296 278 362 398 359 287 395 368 326 368 386 335 317 383 362 317
407 365 425 404 371 395 368 386 407 410 392 401 431 335 428 368 404 392 413 386 353 383 404 416 422 440 368 407 347 377 401 395 404 416 380 401 422 401 422 401 362 383 407 431 392 383 383 383 401 413 392 416 395 422 377 422 389 398 416 377 398 365 404 386 416 377 368 368 392 404 368 389 386 422 416 431 401 404 431 413 398 419 398 455 380 413 356 404 455 380 398 422 455 374 413 374 386 455 368 374 419 386 455 395 359 347 377 356 374 437 377 347 326 368 410 341 374 383 443 422 431 407 425 401 356 398 347 347 407 395 419 395 377 386 392 395 419 374 371 368 386 347 371 407 347 374 386 404 440 374 362 365 446 431 464 398 422 395 398 467 458 476 404 467 455 356 404 350 410 407 395 389 422 404 398 371 386 416 383 416 389 422 368 404 467 464 383 401 341 302 407 356 428 467 458 476 407 431 464 425 341 377 434 407 386 455 464 383 422 377 413 395 383 407 386 455 464 347 407 464 374 404 341 392 380 467 455 476 359 380 467 455 476 362 0 422 410 458 437 431 464 359 401 425 410 464 374 431 464 422 467 473 383 422 413 446 386 446 455 383 434 404 434 458 416 419 422 443 347 416 455 374 467 455 419 398 428 416 374 404 392 467 476 455 410 377 431 428 395 362 395 377 398 422 389 386 413 377 365 407 392 422 377 401 392 380 401 365 404 371 407 362 452 422 410 374 425 422 392 416
344 371 389 350 335 335 353 353 368 374 395 374 353 341 350 308 353 377 344 380 350 371 353 341 392 365 278 344 359 365 380 338 347 350 404 380 371 338 371 374 347 377 419 377 383 335 362 371 374 386 407 371 368 401 383 362 395 365 380 467 419 362 377 374 365 356 359 359 368 365 359 410 416 329 398 380 341 365 386 395 374 365 389 365 356 368 335 389 365 356 377 338 365 353 377 395 419 365 359 362 401 419 365 296 371 362 344 329 326 374 368 347 317 344 374 296 329 392 389 371 410 338 410 395 326 371 326 350 338 395 392 395 374 377 353 338 374 314 383 347 326 335 365 365 365 371 311 389 362 371 353 356 428 410 353 365 365 308 389 419 365 353 419 419 368 374 374 356 380 380 413 410 374 383 404 347 410 392 392 377 401 392 338 404 419 353 368 395 323 335 404 344 410 419 365 353 371 410 353 395 353 335 362 392 419 368 353 377 374 335 362 383 347 392 419 368 353 389 317 353 350 419 344 425 347 419 365 353 359 347 419 365 353 335 422 0 353 365 356 410 353 341 365 374 359 353 410 365 353 392 419 401 371 380 383 419 389 344 368 410 389 422 404 365 392 374 377 419 311 356 368 428 419 368 383 365 374 368 428 356 425 419 353 365 398 365 374 410 455 374 401 368 413 383 296 368 386 365 359 365 368 368 386 365 362 359 359 338 350 377 428 371 413 392 386 344 392 377 371 377
329 293 338 326 323 368 314 317 380 344 323 356 362 290 353 308 326 398 347 401 239 320 326 425 410 425 302 371 308 341 335 401 362 437 431 431 419 431 419 356 449 425 440 470 329 425 341 398 344 467 407 449 371 446 413 380 437 359 455 410 407 377 407 437 383 458 413 350 425 347 413 371 362 449 371 428 383 353 386 374 317 407 452 431 449 386 461 413 431 449 428 440 431 434 422 476 434 431 371 422 428 434 431 317 287 314 356 314 278 437 296 287 260 290 269 239 302 341 431 419 362 428 431 371 260 287 254 416 290 377 416 377 374 428 455 383 437 287 281 317 245 290 344 320 356 347 368 455 425 329 302 407 425 362 368 410 401 323 356 410 425 368 377 410 431 395 413 338 392 377 440 428 329 371 368 467 425 398 428 410 413 353 434 371 410 368 425 449 404 347 344 380 365 410 425 368 470 362 368 416 425 365 419 452 434 431 368 422 419 365 428 437 410 452 434 431 368 395 1868 368 377 425 356 374 413 410 428 368 323 413 410 428 368 287 410 353 0 425 443 362 368 365 362 404 392 368 356 428 368 413 410 416 434 395 425 416 440 416 431 392 377 401 362 425 398 431 395 407 275 1943 431 371 410 431 377 362 428 458 371 347 374 410 368 428 377 356 386 407 413 386 410 497 380 428 401 413 437 449 377 422 323 413 428 338 410 416 380 284 380 398 377 380 392 395 389 416 413 380 422 410
380 368 377 362 341 422 395 392 380 431 404 413 380 326 380 326 362 395 392 437 290 383 362 479 413 1712 374 398 311 401 407 398 407 410 428 431 770 425 770 413 452 419 428 452 452 431 377 398 392 452 407 407 434 437 425 452 419 386 443 392 428 362 449 461 410 455 467 365 431 377 467 419 371 428 407 404 398 389 422 434 404 395 428 1991 473 398 389 407 1991 473 443 671 1991 431 410 458 416 1991 386 428 455 416 1991 350 353 383 374 350 329 395 338 308 299 308 323 314 332 371 794 770 602 458 422 410 296 320 290 398 362 395 425 395 386 407 440 398 431 338 341 359 296 365 383 383 374 347 380 434 1712 353 341 416 407 602 617 449 434 353 359 578 2000 611 377 578 1994 416 392 374 386 422 431 440 386 401 368 413 443 422 428 425 419 422 440 371 578 617 413 422 440 356 401 401 416 578 2000 611 446 602 617 437 389 398 419 431 416 1994 617 434 446 398 398 416 410 431 416 1994 617 416 434 617 401 398 359 350 413 578 1997 611 326 413 578 1997 611 338 458 365 425 0 419 602 617 389 398 410 434 617 365 1724 617 422 578 416 434 416 467 452 425 422 1994 401 398 410 605 2000 422 443 413 431 329 431 1994 326 578 1994 389 383 1712 464 329 341 350 578 611 1997 431 356 428 422 392 407 419 431 425 434 425 395 422 431 392 425 440 410 407 359 446 461 386 335 398 422 422 407 404 425 461 413 407 410 425 419
317 335 362 353 314 371 341 311 374 404 347 359 365 281 365 284 353 383 377 398 242 326 353 461 449 413 302 359 302 362 305 353 407 392 425 452 416 443 416 362 473 443 434 455 368 404 344 398 335 500 392 374 380 422 443 392 473 335 440 437 389 350 401 413 392 455 428 389 401 329 428 383 392 455 350 347 338 353 368 383 344 419 425 419 428 368 440 386 419 428 473 422 419 374 431 434 428 419 371 476 422 428 419 302 314 305 320 281 272 425 275 287 248 302 290 263 296 356 434 416 383 431 440 392 215 269 257 410 284 386 464 386 377 404 431 392 410 305 266 323 302 305 380 365 365 293 338 431 407 302 260 410 1448 383 392 407 392 329 332 377 419 389 386 377 413 353 410 344 371 443 434 434 377 380 362 410 437 374 431 407 395 359 389 362 377 392 392 434 407 365 398 416 452 377 419 389 470 383 392 437 404 353 404 431 428 413 392 464 491 353 422 437 407 431 428 413 392 443 452 392 350 434 302 365 407 377 416 389 314 407 377 416 389 275 437 356 443 419 0 383 392 377 386 872 359 392 323 413 392 407 377 401 437 368 431 413 428 428 413 422 407 383 383 419 374 449 371 416 245 440 413 311 377 413 368 347 410 488 311 281 365 377 389 416 416 323 368 443 386 341 380 428 377 377 395 413 470 446 365 392 335 413 383 356 401 395 392 266 395 395 380 374 410 383 413 419 470 389 410 416
410 425 437 467 428 437 401 434 455 446 398 446 443 407 440 398 470 425 407 449 410 419 470 380 389 599 401 458 434 476 407 419 443 419 392 416 545 398 545 452 362 386 395 368 446 422 419 410 431 383 452 434 410 398 404 458 404 422 410 410 434 410 449 404 401 380 392 419 440 446 392 419 401 389 431 410 425 434 446 431 431 410 413 605 425 416 317 407 605 425 392 470 605 425 392 368 383 605 398 326 443 383 605 434 404 389 416 425 422 398 419 419 392 410 413 422 431 440 605 545 2000 407 371 422 365 416 404 332 434 464 392 464 401 392 365 416 398 425 425 431 413 431 419 452 368 419 407 395 599 413 443 347 392 2000 569 377 377 404 425 590 602 566 413 590 602 392 419 356 431 413 380 389 416 425 398 356 392 419 359 386 404 440 365 419 590 569 374 353 332 413 401 356 380 590 602 566 347 2000 569 407 368 407 434 386 383 602 569 350 422 407 392 395 383 386 383 602 569 356 398 569 401 398 431 410 386 590 602 566 416 386 590 602 566 383 431 410 362 602 383 0 569 386 401 395 425 569 455 608 569 380 590 431 368 428 413 443 374 428 602 371 380 404 1994 602 419 380 425 425 416 362 602 392 590 602 470 440 611 449 398 416 410 590 566 602 407 407 470 425 398 410 407 326 389 419 392 395 386 398 368 428 434 401 395 407 368 374 404 401 356 422 446 413 407 413 404 428 401 437 401 431
389 344 410 395 368 431 404 377 422 422 386 452 458 389 449 377 395 431 404 431 359 389 395 425 392 602 398 407 365 416 389 434 398 383 392 395 455 401 455 452 401 383 395 407 389 368 374 386 374 422 416 395 395 383 395 416 395 386 404 368 401 401 377 380 419 422 431 392 371 386 431 404 356 407 416 401 410 392 428 410 383 446 407 617 398 377 332 374 617 398 374 548 617 401 362 371 437 617 398 383 413 437 617 359 377 386 377 341 362 401 359 374 335 356 380 344 347 389 602 455 569 419 425 431 338 335 344 347 395 428 395 428 365 395 404 413 395 371 356 386 341 368 380 416 356 401 383 416 605 380 365 359 371 569 2000 380 407 398 374 554 617 1982 398 554 617 398 386 350 383 401 416 422 428 434 395 443 425 428 359 368 389 395 374 383 554 2000 365 443 353 368 425 389 371 554 617 1982 371 569 2000 395 389 389 443 422 437 617 2000 389 413 389 395 401 404 422 437 617 2000 362 380 2000 395 386 389 386 407 554 614 1982 356 407 554 614 1982 344 464 353 368 617 392 569 0 371 413 410 413 2000 356 599 2000 398 554 386 389 395 392 422 380 380 617 398 374 389 566 617 428 404 392 413 332 374 617 368 554 617 431 401 608 446 365 359 386 554 1982 614 389 347 398 398 362 395 419 392 389 386 386 380 374 389 359 407 386 404 401 368 404 395 392 344 386 362 422 362 371 452 407 407 401 398 413 380
362 359 383 386 380 419 350 356 383 398 350 398 416 371 416 350 386 422 380 353 320 395 386 356 344 392 392 389 386 359 368 392 392 368 362 377 398 347 398 398 359 359 350 347 383 386 365 365 365 368 404 374 371 365 383 368 359 419 359 368 365 365 350 359 377 362 395 371 374 353 395 434 341 356 359 395 371 386 410 392 401 404 326 389 344 383 323 368 389 344 368 368 389 395 371 320 356 389 464 359 395 356 389 353 344 380 392 413 380 401 383 380 332 356 344 368 356 368 392 398 386 374 317 377 338 341 317 311 374 407 359 407 347 359 350 350 380 365 386 377 341 335 350 377 434 371 386 392 392 347 368 329 368 386 371 359 407 362 350 377 389 368 368 377 386 368 353 377 374 362 371 365 395 425 338 329 362 413 374 383 368 365 332 344 377 371 347 344 341 389 377 365 275 377 389 368 323 386 371 380 350 1610 365 380 356 386 371 356 419 1610 353 347 368 380 356 386 371 419 380 371 380 356 413 380 368 377 389 368 368 368 377 389 368 377 359 341 365 389 377 386 371 0 371 359 407 371 386 395 371 347 377 401 338 335 398 350 353 374 386 377 359 365 389 389 413 395 338 386 341 374 386 353 377 386 389 356 395 401 353 365 380 377 368 389 386 380 398 374 329 416 368 353 380 398 467 404 338 389 338 368 404 359 389 362 389 401 389 377 377 374 371 401 383 389 380 377 386 389 335 362
413 398 374 419 338 368 365 389 434 380 404 377 377 383 389 350 419 380 398 401 371 407 419 380 377 407 374 416 359 431 359 395 368 398 368 332 374 365 374 380 371 395 401 362 431 416 413 392 401 365 398 395 380 383 422 401 416 398 392 419 431 404 371 359 404 359 392 377 365 380 392 395 341 353 431 371 389 374 434 365 410 410 401 404 365 392 335 443 404 365 377 383 404 479 377 353 410 404 392 392 425 410 404 332 401 380 341 368 365 386 374 440 401 452 419 356 383 365 383 374 401 392 395 365 308 344 359 347 365 395 377 395 374 398 374 374 365 338 398 362 347 368 386 404 419 437 374 428 404 410 395 392 353 401 413 362 371 377 434 374 398 416 395 374 404 356 395 395 380 410 401 395 371 416 365 356 398 398 344 410 392 362 377 383 374 413 365 371 335 392 407 368 398 374 398 416 359 401 413 401 404 365 425 413 410 404 413 362 380 365 362 386 389 413 410 404 413 344 377 413 398 392 377 431 389 374 401 416 395 389 374 401 416 356 401 365 362 398 386 401 413 371 0 395 389 413 416 401 413 401 374 386 392 440 389 386 347 428 404 350 371 425 401 398 398 383 443 401 359 368 404 431 374 404 380 368 407 359 428 401 431 374 416 401 365 380 386 392 371 389 413 383 410 404 389 389 371 371 371 398 380 386 398 383 368 368 341 380 380 377 401 392 410 374 566 452 377 380 398 407
356 359 392 395 341 401 389 392 419 401 377 419 422 314 425 362 395 380 404 407 293 389 395 407 419 392 353 392 386 407 395 392 389 377 395 383 395 416 395 422 401 404 404 455 395 395 380 404 380 401 398 422 380 428 428 389 428 410 392 380 395 407 371 422 395 404 359 401 386 398 359 383 377 428 401 389 410 398 401 419 410 431 389 404 386 395 383 428 404 386 395 401 404 413 353 377 410 404 380 374 419 410 404 386 356 374 377 326 332 395 359 368 332 365 350 350 353 377 389 395 395 413 416 392 314 365 371 353 374 389 413 389 380 416 401 398 374 386 362 389 362 362 431 428 419 392 344 374 395 410 392 398 707 395 410 416 383 335 368 407 410 404 416 407 407 371 404 377 413 392 398 398 362 383 356 389 401 419 383 410 401 359 389 386 407 410 431 392 368 380 386 377 383 407 410 404 401 395 410 425 410 407 383 392 410 407 410 446 521 407 392 404 395 392 410 407 410 407 383 410 383 419 401 428 398 407 410 404 362 398 407 410 404 374 425 374 404 410 872 395 410 359 395 0 404 410 398 398 410 419 407 407 401 389 416 356 425 407 407 401 374 398 395 410 419 386 386 410 344 407 407 407 407 407 410 404 395 425 407 365 428 407 404 410 404 410 401 407 380 425 401 377 383 410 416 392 383 374 377 377 395 395 410 392 419 413 398 380 389 392 377 377 401 398 425 425 392 356 443 389
401 416 395 404 359 425 356 362 392 425 356 425 425 365 434 377 401 410 419 443 356 407 401 401 410 434 386 410 401 386 398 416 413 410 422 413 407 377 407 425 350 362 401 392 407 431 428 467 407 386 428 404 419 392 416 428 410 395 386 422 380 398 404 386 410 380 392 410 392 416 392 413 341 377 422 386 395 395 392 413 419 428 383 434 401 407 332 386 434 401 392 392 434 443 365 362 368 434 374 347 404 368 434 407 374 359 386 374 368 398 389 362 386 368 416 380 395 401 416 407 425 407 356 428 347 359 371 350 371 392 371 392 362 380 398 365 383 404 419 431 383 356 422 383 374 437 422 386 431 395 401 341 419 425 413 377 437 356 425 440 434 416 410 440 428 389 401 323 410 422 368 377 404 413 410 368 380 437 335 371 416 401 368 401 440 413 389 380 362 365 371 395 377 440 434 416 389 425 413 416 353 395 425 380 368 428 413 338 422 395 380 446 407 380 368 428 413 368 422 413 410 371 416 398 407 440 431 416 407 407 440 431 416 347 410 359 392 434 359 425 413 407 389 404 0 413 407 434 413 404 440 395 368 392 374 413 374 443 428 359 335 383 428 434 437 437 395 413 356 401 428 386 440 428 428 368 434 425 386 395 398 440 416 431 398 392 437 383 377 383 419 362 383 410 407 407 344 344 392 419 392 404 371 401 380 392 398 374 368 419 434 386 419 431 422 437 410 371 377 410
389 344 410 395 368 431 404 377 422 422 386 452 458 389 449 377 395 431 404 431 359 389 395 425 392 602 398 407 365 416 389 434 398 383 392 395 455 401 455 452 401 383 395 407 389 368 374 386 374 422 416 395 395 383 395 416 395 386 404 368 401 401 377 380 419 422 431 392 371 386 431 404 356 407 416 401 410 392 428 410 383 446 407 617 398 377 332 374 617 398 374 548 617 401 362 371 437 617 398 383 413 437 617 359 377 386 377 341 362 401 359 374 335 356 380 344 347 389 602 455 569 419 425 431 338 335 344 347 395 428 395 428 365 395 404 413 395 371 356 386 341 368 380 416 356 401 383 416 605 380 365 359 371 569 2000 380 407 398 374 554 617 1982 398 554 617 398 386 350 383 401 416 422 428 434 395 443 425 428 359 368 389 395 374 383 554 2000 365 443 353 368 425 389 371 554 617 1982 371 569 2000 395 389 389 443 422 437 617 2000 389 413 389 395 401 404 422 437 617 2000 362 380 2000 395 386 389 386 407 554 614 1982 356 407 554 614 1982 344 464 353 368 617 392 569 2000 371 413 410 413 0 356 599 2000 398 554 386 389 395 392 422 380 380 617 398 374 389 566 617 428 404 392 413 332 374 617 368 554 617 431 401 608 446 365 359 386 554 1982 614 389 347 398 398 362 395 419 392 389 386 386 380 374 389 359 407 386 404 401 368 404 395 392 344 386 362 422 362 371 452 407 407 401 398 413 380
398 398 410 407 386 413 401 395 443 395 389 410 374 398 374 395 407 413 398 362 356 422 407 350 353 377 404 416 413 416 383 422 386 365 395 365 362 371 362 416 365 371 374 368 401 461 434 386 443 362 392 386 377 398 389 383 419 443 365 410 383 380 359 413 365 374 347 407 410 419 347 416 398 341 449 392 425 413 428 425 437 389 365 365 353 407 290 386 365 353 347 386 365 404 359 341 368 365 410 326 407 368 365 344 395 350 428 389 431 413 425 407 410 410 425 404 419 404 377 362 455 368 377 440 389 419 368 284 389 377 359 377 377 389 380 368 356 386 413 395 359 383 386 419 389 419 374 380 377 419 407 341 359 455 356 359 371 341 392 410 365 362 422 410 368 392 398 398 383 362 368 368 395 368 371 353 368 392 356 356 401 383 368 395 410 356 380 317 350 434 374 353 332 410 365 362 371 455 356 398 359 401 386 368 368 368 356 347 398 401 338 398 335 368 368 368 356 338 356 356 374 347 446 416 338 410 365 362 413 338 410 365 362 404 374 410 356 365 323 455 356 386 416 398 407 356 0 386 356 353 410 392 389 413 371 389 368 389 368 359 392 425 455 365 392 407 416 377 422 377 368 443 410 368 386 404 377 401 443 395 416 410 362 365 395 428 413 347 344 398 410 344 386 392 350 395 356 350 365 368 398 395 386 407 356 335 398 368 386 353 374 401 374 383 404 362 362 389 377 398
371 389 401 395 356 416 401 392 395 428 383 428 392 344 389 344 392 386 410 443 284 389 392 458 419 1961 386 392 317 407 410 404 422 416 419 449 752 428 752 428 458 407 452 431 446 443 386 425 383 443 413 410 437 413 431 443 416 398 413 419 416 374 440 434 419 428 440 368 410 383 440 416 377 428 413 407 395 401 428 413 407 407 425 1727 479 428 401 398 1727 479 431 710 1727 422 404 425 434 1727 401 428 440 434 1727 359 389 374 383 356 320 395 332 335 323 326 320 341 341 371 767 752 608 443 428 419 314 335 308 380 356 398 422 398 398 407 425 410 440 362 368 353 329 380 407 404 392 368 410 416 1961 362 356 425 422 608 599 419 434 356 410 587 1724 602 395 587 1724 410 404 383 416 461 443 446 404 383 368 419 443 410 437 407 410 416 425 374 587 599 425 419 425 368 422 395 413 587 1724 602 452 608 599 455 389 398 434 416 434 1724 599 428 422 398 380 431 416 416 434 1724 599 389 428 599 401 404 347 365 413 587 1727 602 329 413 587 1727 602 341 431 365 428 1724 413 608 599 395 401 398 434 599 386 0 599 422 587 419 440 422 443 458 395 425 1724 404 398 416 608 1724 410 461 419 416 323 428 1724 362 587 1724 398 365 1961 470 365 377 365 587 602 1727 437 374 437 425 389 410 437 440 425 419 410 416 425 425 395 422 431 425 416 365 446 437 413 338 386 416 449 410 410 428 446 434 422 413 416 419
389 344 410 395 368 431 404 377 422 422 386 452 458 389 449 377 395 431 404 431 359 389 395 425 392 602 398 407 365 416 389 434 398 383 392 395 455 401 455 452 401 383 395 407 389 368 374 386 374 422 416 395 395 383 395 416 395 386 404 368 401 401 377 380 419 422 431 392 371 386 431 404 356 407 416 401 410 392 428 410 383 446 407 617 398 377 332 374 617 398 374 548 617 401 362 371 437 617 398 383 413 437 617 359 377 386 377 341 362 401 359 374 335 356 380 344 347 389 602 455 569 419 425 431 338 335 344 347 395 428 395 428 365 395 404 413 395 371 356 386 341 368 380 416 356 401 383 416 605 380 365 359 371 569 2000 380 407 398 374 554 617 1982 398 554 617 398 386 350 383 401 416 422 428 434 395 443 425 428 359 368 389 395 374 383 554 2000 365 443 353 368 425 389 371 554 617 1982 371 569 2000 395 389 389 443 422 437 617 2000 389 413 389 395 401 404 422 437 617 2000 362 380 2000 395 386 389 386 407 554 614 1982 356 407 554 614 1982 344 464 353 368 617 392 569 2000 371 413 410 413 2000 356 599 0 398 554 386 389 395 392 422 380 380 617 398 374 389 566 617 428 404 392 413 332 374 617 368 554 617 431 401 608 446 365 359 386 554 1982 614 389 347 398 398 362 395 419 392 389 386 386 380 374 389 359 407 386 404 401 368 404 395 392 344 386 362 422 362 371 452 407 407 401 398 413 380
383 353 383 332 227 344 347 368 401 353 380 371 398 272 398 335 329 359 353 389 266 344 329 416 470 416 290 368 371 341 308 356 338 356 437 347 422 347 422 371 410 431 431 422 371 452 386 395 350 428 404 407 359 386 422 392 431 371 410 428 422 356 419 389 419 416 464 371 377 341 464 359 344 407 404 410 329 380 416 374 368 365 383 425 404 350 407 437 425 404 434 428 425 386 416 446 425 425 344 491 434 425 425 320 335 335 311 284 338 389 407 392 305 392 341 278 314 365 401 422 380 428 455 377 263 317 320 401 320 377 431 377 410 434 413 320 422 272 329 317 272 275 353 314 392 344 395 398 416 386 314 446 419 380 398 401 422 320 335 419 422 395 380 419 422 419 404 392 356 485 422 410 377 371 389 416 407 398 425 428 419 341 470 377 419 398 395 431 419 335 410 428 353 419 422 395 440 380 398 428 413 371 383 398 425 422 398 413 425 371 389 398 374 398 425 422 398 374 440 398 335 515 320 401 374 419 422 395 362 374 419 422 395 311 422 392 413 422 407 380 398 347 401 419 404 398 353 422 398 0 419 476 428 389 401 437 440 377 422 452 413 428 380 422 398 422 386 452 350 410 422 338 419 422 389 320 410 458 341 323 401 419 395 422 398 374 386 458 428 404 395 440 437 443 374 407 365 425 362 392 386 353 413 323 410 407 404 320 395 431 365 392 443 389 389 422 392 404 413 365
410 389 422 413 392 449 404 401 410 401 395 458 458 380 458 413 413 395 395 431 386 407 413 416 413 590 407 398 389 431 365 410 413 431 425 389 515 398 515 461 422 350 413 392 434 419 419 437 401 440 434 410 416 431 395 437 419 410 425 371 407 413 419 455 407 392 392 410 407 413 392 413 374 383 413 401 419 410 419 428 392 425 401 584 419 449 344 401 584 419 353 542 584 398 395 407 389 584 395 344 458 389 584 389 359 401 410 398 371 431 374 335 344 359 398 383 377 419 578 515 590 410 362 401 380 401 383 344 398 419 407 419 419 380 401 416 380 392 392 383 395 434 407 419 413 401 374 419 590 392 386 350 407 590 554 359 422 374 410 2000 578 554 416 2000 584 392 401 404 413 407 392 374 392 431 410 365 374 407 392 395 386 443 404 398 2000 554 389 413 380 362 416 401 374 2000 578 554 395 590 554 410 386 428 437 413 389 584 554 410 392 428 374 383 335 413 389 584 554 413 422 554 428 440 398 365 338 2000 581 554 398 338 2000 581 554 362 467 419 410 578 377 590 554 377 374 407 440 554 410 587 554 419 0 428 431 368 446 410 413 383 584 389 380 431 590 578 407 401 371 458 419 410 584 377 2000 584 440 386 593 431 380 407 365 2000 554 581 407 392 425 401 368 449 434 374 425 407 422 404 398 398 386 410 428 428 401 407 404 398 407 401 371 419 404 434 407 455 410 434 392 425 410 398
389 407 380 380 335 410 359 386 422 419 437 437 449 338 446 383 383 407 416 422 302 395 383 401 446 428 374 395 398 422 377 410 356 395 488 383 416 407 416 434 431 449 461 440 389 467 449 392 389 467 452 443 398 395 428 416 422 416 434 443 419 392 392 416 413 437 410 416 383 368 410 416 395 413 440 422 383 413 401 419 428 395 443 410 428 401 413 428 410 428 422 413 410 422 386 437 410 410 365 461 425 410 410 350 401 368 350 365 341 428 413 410 365 398 392 347 359 386 413 416 431 455 413 428 311 371 353 401 383 359 464 359 434 431 410 335 419 320 377 344 332 350 383 380 413 353 380 398 428 419 374 443 413 431 386 419 431 344 368 428 416 389 401 428 416 419 404 395 371 449 419 401 431 395 395 398 401 419 422 404 434 359 467 389 428 386 425 404 392 401 425 404 419 428 416 389 374 431 386 443 395 380 380 398 410 416 386 395 413 380 398 419 389 398 410 416 386 380 422 386 362 473 371 449 389 428 416 389 389 389 428 416 389 362 473 401 416 416 401 431 386 401 386 407 395 386 392 419 386 476 428 0 425 428 434 425 407 425 416 413 434 404 428 416 419 437 425 467 350 431 416 389 428 416 407 359 422 446 386 359 449 428 389 416 428 401 413 434 410 395 431 464 431 437 365 407 413 452 371 410 419 374 422 371 419 419 446 383 404 401 431 404 455 377 404 404 419 428 434 401
308 317 359 320 269 368 338 326 389 383 359 332 359 275 356 269 320 383 350 383 263 344 320 434 443 434 296 347 296 326 326 371 329 389 434 407 386 431 386 332 479 461 452 449 371 395 362 365 317 461 374 410 368 437 404 389 422 371 491 422 401 344 416 440 356 467 440 338 371 314 440 368 371 407 401 350 332 341 407 395 371 392 461 428 434 404 479 419 428 434 449 443 428 446 404 452 422 428 338 476 428 422 428 266 287 341 335 251 278 422 290 305 263 302 305 257 272 350 410 386 368 425 467 362 221 272 257 419 278 386 473 386 383 413 416 395 419 254 290 302 269 284 350 335 398 329 314 431 437 365 275 440 416 368 389 416 428 239 356 431 434 389 398 431 434 431 395 371 356 404 413 425 380 383 347 380 428 374 455 386 428 395 479 368 431 389 449 449 404 362 398 380 416 431 434 389 440 368 389 449 404 347 371 431 422 434 389 437 377 347 416 434 428 431 422 434 389 410 443 389 338 419 353 350 428 431 431 389 302 428 431 431 389 314 383 371 434 434 437 368 389 338 392 401 368 389 389 440 389 428 431 425 0 413 422 476 479 371 434 425 437 428 365 434 374 437 413 419 293 431 434 344 431 434 353 353 437 413 344 350 350 431 389 431 398 377 377 446 428 401 440 503 410 452 335 413 434 446 389 401 341 383 428 311 437 434 416 263 392 434 389 398 476 389 419 416 431 401 377 407
389 398 419 407 362 389 383 398 416 428 383 419 395 377 398 389 407 386 395 410 413 386 407 437 386 413 338 404 380 425 368 392 377 398 428 425 380 410 380 416 404 395 368 398 404 410 410 395 425 377 407 413 419 389 395 383 431 407 392 416 437 365 362 389 395 395 365 410 428 401 365 398 401 383 446 395 392 395 389 395 401 422 410 416 392 422 368 383 416 392 413 383 416 404 368 371 389 416 395 413 416 389 416 353 368 356 377 329 401 389 386 401 359 407 356 356 371 407 386 380 428 401 419 437 341 347 323 353 362 410 419 410 374 392 401 395 389 368 368 374 362 344 374 407 386 386 374 383 416 407 365 368 410 428 395 428 383 332 401 368 416 389 428 368 416 362 431 365 398 383 386 383 398 362 386 395 386 431 383 416 422 377 401 413 368 395 389 383 347 353 422 374 428 368 416 389 410 428 395 416 374 362 428 383 389 416 395 386 428 362 401 413 389 383 389 416 395 362 392 395 413 425 398 431 383 368 416 389 347 383 368 416 389 341 422 380 395 416 368 428 395 335 440 389 392 395 413 422 395 389 368 428 413 0 407 389 371 404 416 416 374 413 431 416 431 407 1994 518 332 383 416 377 368 416 404 371 428 419 374 392 431 368 389 416 395 383 410 386 404 383 419 374 377 407 323 392 377 338 383 401 368 410 407 389 386 383 347 341 353 374 410 395 401 407 392 407 368 368 443 407
350 320 392 365 353 419 389 380 377 413 404 392 371 350 365 320 365 395 359 404 281 353 365 461 437 440 332 404 332 410 377 407 353 398 446 464 434 452 434 386 491 443 458 482 416 407 365 422 347 482 425 416 410 464 425 443 431 389 473 431 419 407 425 446 419 425 437 386 446 359 437 392 422 443 401 401 398 389 425 431 368 416 482 464 452 443 449 404 464 452 428 467 464 404 443 452 419 464 350 416 458 419 464 314 290 359 377 320 320 416 320 299 290 290 299 290 335 386 413 434 413 440 452 398 272 320 296 395 362 389 443 389 437 416 416 371 425 332 308 335 323 353 383 377 401 359 368 464 443 362 320 431 446 413 392 443 413 320 356 446 467 389 368 446 467 422 395 377 398 395 425 431 386 410 395 416 431 413 419 413 407 380 443 362 446 392 407 452 449 359 407 410 398 446 467 389 461 413 392 431 404 374 404 461 419 467 392 470 425 374 407 464 407 461 419 467 392 443 446 392 419 446 344 395 410 446 467 389 308 410 446 467 389 287 413 383 425 467 431 413 392 398 389 416 374 392 371 443 392 401 446 434 422 407 0 443 440 368 467 428 416 407 410 467 413 440 410 446 323 443 467 329 446 467 395 377 440 497 329 329 395 446 389 467 431 380 410 434 404 392 413 464 428 416 413 452 464 431 401 410 383 434 449 374 458 446 452 347 419 449 392 425 401 416 422 401 437 419 446 443
317 326 326 332 311 356 362 293 356 374 323 362 362 281 353 290 332 383 377 395 233 320 332 479 470 464 335 341 311 371 368 407 359 419 428 446 389 422 389 365 482 470 512 509 368 407 410 404 335 467 362 413 383 455 440 401 407 365 464 443 434 374 416 440 404 479 470 365 404 317 470 374 401 410 371 377 347 332 395 386 347 377 476 452 479 392 458 413 452 479 458 482 452 419 434 479 437 452 353 464 449 437 452 308 272 314 347 305 278 431 311 272 275 287 302 254 296 365 425 389 443 443 485 368 260 281 245 437 314 401 479 401 383 449 455 416 464 269 305 347 263 275 338 353 347 311 362 437 461 347 305 428 422 443 422 401 428 308 332 410 452 419 419 410 449 419 377 383 356 413 446 443 389 380 383 467 440 401 449 410 437 410 476 341 410 422 446 464 470 317 398 407 431 410 452 419 437 443 422 440 407 368 380 440 437 449 422 467 401 368 449 449 419 440 437 449 422 434 428 422 347 434 323 383 416 410 449 419 335 416 410 449 419 290 446 419 416 452 413 443 422 350 386 356 413 422 389 458 422 437 410 425 476 389 443 0 452 425 449 446 476 413 443 452 401 470 392 437 287 425 449 350 410 449 362 329 446 467 350 341 383 410 419 449 398 365 380 437 413 392 395 521 473 455 329 404 458 443 380 410 383 410 440 347 494 476 407 302 416 416 392 404 437 377 422 407 437 383 404 431
287 305 320 293 248 326 323 284 359 341 350 329 362 242 362 278 290 401 296 377 194 320 290 437 431 392 287 317 302 302 314 371 323 389 398 431 407 431 407 329 470 473 461 467 344 416 359 398 332 473 404 407 344 458 422 389 425 377 449 380 410 314 425 413 389 455 488 329 389 287 488 350 347 428 380 371 326 341 395 389 353 386 461 425 479 344 458 440 425 479 446 425 425 398 398 482 446 425 320 464 437 446 425 233 290 302 308 233 239 407 287 293 251 278 281 209 248 353 377 407 374 443 464 341 182 239 218 467 275 368 473 368 371 443 422 365 449 233 287 257 236 242 347 311 374 281 335 473 392 311 284 473 404 374 380 428 437 278 290 413 425 383 380 413 425 416 392 374 356 425 431 437 332 386 359 443 437 416 464 404 422 362 488 332 413 380 431 455 437 332 356 389 389 413 425 383 434 374 380 410 395 386 368 464 446 425 380 452 395 386 446 443 428 464 446 425 380 467 434 380 368 461 290 350 431 413 425 383 293 431 413 425 383 266 386 389 440 425 428 374 380 353 347 425 374 380 368 395 380 440 413 407 479 371 440 452 0 392 425 431 425 395 374 425 416 437 368 425 314 437 425 311 413 425 344 290 398 470 314 323 350 413 383 425 419 359 356 428 422 374 419 491 386 431 380 401 455 452 407 389 362 350 443 323 497 506 410 263 404 392 362 401 446 368 386 398 458 392 404 374
371 350 392 431 368 380 353 395 404 419 386 410 431 368 428 356 434 383 398 422 344 350 434 449 410 416 380 392 377 371 353 386 404 422 380 401 404 422 404 410 419 359 392 395 422 419 407 437 389 419 398 416 386 395 407 410 389 395 410 437 395 389 362 377 377 389 407 401 383 377 407 389 374 392 392 395 389 428 452 407 392 446 401 419 398 401 377 428 419 398 428 419 419 386 395 386 392 419 389 410 398 392 419 383 377 353 407 371 362 425 347 389 359 389 371 359 362 404 428 404 428 392 437 362 308 365 362 362 371 446 383 446 389 380 419 392 410 365 356 416 341 356 410 389 365 404 356 404 413 398 368 377 395 428 380 371 380 359 422 383 422 377 404 383 419 350 425 350 422 392 377 389 395 374 398 395 389 392 383 386 419 389 380 416 383 380 416 401 362 386 386 359 398 383 422 377 389 428 380 416 338 368 404 398 392 419 380 392 404 368 404 410 422 398 392 419 380 377 416 380 422 374 380 398 425 383 419 377 377 425 383 419 377 338 446 344 416 422 428 428 380 374 428 407 443 380 389 425 380 377 383 425 371 404 368 425 392 0 419 380 338 380 428 422 392 458 407 434 326 422 419 380 383 419 392 398 422 434 380 347 398 383 377 419 395 404 413 395 413 365 398 368 416 392 380 386 404 374 356 389 368 422 383 419 374 362 389 359 344 401 410 371 428 410 377 422 404 365 413 419
383 368 380 362 335 419 395 398 380 434 404 419 383 332 383 326 362 392 395 440 287 380 362 473 416 1712 374 398 314 404 404 401 410 407 431 431 767 425 767 419 452 419 428 446 458 431 374 395 389 458 401 404 431 437 422 449 425 386 440 389 428 362 452 461 413 452 470 365 428 380 470 422 371 431 410 407 401 392 422 437 404 398 431 1991 473 401 389 404 1991 473 440 674 1991 437 407 455 419 1991 386 425 458 419 1991 347 353 383 374 356 329 398 338 308 305 308 323 311 332 371 800 767 602 455 422 410 299 323 290 392 359 398 422 398 380 410 443 401 431 332 344 359 296 368 386 386 374 347 380 437 1712 353 338 416 407 602 617 449 434 350 362 584 1994 611 380 584 2000 416 392 374 383 419 428 440 386 395 365 410 443 419 425 422 419 425 446 371 584 617 413 422 437 359 401 395 419 584 1994 611 443 602 617 437 389 398 416 431 419 2000 617 434 446 398 401 413 410 431 419 2000 617 413 440 617 404 398 359 353 410 584 1997 611 326 410 584 1997 611 338 455 368 431 1994 413 602 617 386 404 407 428 617 368 1724 617 422 584 416 434 416 467 449 425 419 0 401 395 416 605 1994 419 440 413 428 326 437 2000 329 584 2000 386 389 1712 461 332 341 353 584 611 1997 434 356 431 419 395 407 413 428 428 434 425 395 419 434 392 422 437 413 410 356 443 458 380 335 401 425 422 404 407 425 461 410 404 410 422 422
317 356 326 341 254 362 338 320 371 335 356 359 353 281 350 284 341 392 332 368 266 365 341 431 473 401 305 362 347 347 305 371 302 389 434 395 392 401 392 365 437 419 428 455 326 401 362 383 374 443 401 416 329 440 383 383 434 332 461 401 413 338 398 416 365 437 398 335 371 326 398 377 419 389 365 353 353 380 386 380 359 383 395 395 410 368 455 431 395 410 458 383 395 392 404 467 425 395 314 422 452 425 395 287 335 278 317 287 311 425 341 353 272 323 305 272 320 404 386 392 371 443 440 371 251 293 236 356 302 383 473 383 404 431 368 362 398 311 281 323 293 308 338 344 365 305 350 407 398 374 341 422 455 371 398 386 416 305 317 389 401 389 380 389 401 374 416 383 368 398 425 425 371 326 350 392 422 374 431 428 422 338 470 386 389 398 422 419 395 356 416 386 449 389 401 389 422 371 398 446 419 317 353 410 425 401 398 419 437 317 398 410 365 410 425 401 398 401 395 398 323 431 305 371 371 389 401 389 311 371 389 401 389 293 383 410 392 401 422 371 398 377 350 401 359 398 359 404 398 452 389 413 425 416 428 446 431 380 401 0 428 422 365 401 374 416 416 452 329 401 401 356 389 401 359 311 398 398 353 320 371 389 389 401 365 353 371 455 365 380 434 449 407 395 347 350 419 422 413 380 353 362 401 371 389 386 383 320 389 389 356 380 488 362 362 413 425 392 380 401
338 338 356 323 302 371 389 365 395 347 425 374 398 323 392 338 323 365 338 383 266 341 323 389 431 410 305 344 347 368 344 407 326 371 407 374 389 395 389 377 443 446 416 431 374 389 398 377 344 413 401 404 356 410 428 392 398 368 443 416 395 389 389 383 443 413 425 332 419 347 425 389 413 386 401 377 374 377 416 365 374 395 416 401 416 389 431 425 401 416 389 383 401 416 395 443 395 401 317 416 407 395 401 290 335 326 356 302 344 410 347 353 290 350 338 293 332 365 380 389 380 419 467 401 326 299 290 347 353 368 431 368 377 407 386 353 416 293 311 308 299 287 362 353 386 329 344 398 407 362 353 443 425 380 374 410 395 320 308 380 398 374 359 380 395 443 329 383 374 398 392 407 374 356 359 368 410 407 431 395 407 383 449 362 380 374 407 407 407 380 383 416 407 380 398 374 413 380 374 431 389 380 350 404 395 395 374 380 380 380 386 398 395 404 395 395 374 407 404 374 305 428 299 365 395 380 395 374 341 395 380 395 374 329 434 389 377 398 407 380 374 359 371 374 335 374 392 398 374 413 380 434 437 374 416 476 425 338 395 428 0 407 377 398 407 392 377 443 353 374 395 347 380 395 329 341 398 413 350 356 365 380 374 395 395 401 395 416 377 356 443 446 404 401 377 404 389 425 383 413 407 380 410 362 401 392 413 335 416 431 356 434 458 338 407 359 443 413 440 392
392 380 452 416 371 380 389 392 422 377 404 407 413 380 407 356 419 425 419 392 353 401 419 413 401 416 350 386 371 383 374 380 377 416 431 389 401 401 401 410 386 389 407 428 404 440 365 419 404 389 422 425 398 410 407 416 398 380 419 422 410 374 401 389 389 401 365 377 410 374 365 407 407 398 419 383 416 377 431 443 404 434 386 416 371 398 341 440 416 371 422 398 416 374 392 407 389 416 404 407 452 389 416 323 395 380 383 377 407 425 386 359 425 368 368 389 344 404 404 401 404 398 416 389 317 389 338 338 383 401 401 401 395 383 389 386 389 353 377 395 380 377 365 383 383 407 383 401 413 398 401 404 368 404 389 392 371 374 386 431 410 389 431 431 416 356 428 440 368 377 377 374 401 395 398 395 374 440 371 452 413 392 416 389 431 389 392 392 344 371 407 356 386 431 410 389 371 404 389 395 392 341 437 398 389 416 389 416 407 341 368 410 368 398 389 416 389 410 386 389 398 401 401 413 374 431 413 389 356 374 431 413 389 371 404 422 401 410 383 404 389 365 425 398 383 389 425 416 389 428 431 404 428 413 407 413 395 380 416 422 407 0 401 410 440 410 410 434 374 413 416 407 431 416 443 374 416 404 404 374 413 431 389 413 395 395 404 401 365 389 461 431 419 386 368 347 401 374 395 410 368 419 398 365 389 395 383 353 380 410 407 413 413 407 404 392 386 380 410 437
410 425 440 464 428 437 407 437 455 449 398 443 443 410 437 401 467 425 407 449 410 422 467 383 389 602 404 461 434 482 404 419 446 419 392 416 545 401 545 449 365 383 395 365 449 422 419 413 431 380 452 434 416 395 404 455 407 425 413 413 434 413 446 407 401 380 389 425 443 449 389 422 401 389 434 410 425 437 446 431 434 410 413 608 425 413 314 410 608 425 392 467 608 422 395 368 386 608 395 332 449 386 608 440 407 392 419 428 422 392 419 419 395 416 410 425 431 443 602 545 1994 410 371 425 368 416 407 332 434 464 386 464 407 389 365 416 398 428 425 425 419 434 425 455 374 419 407 398 602 419 443 347 389 1994 566 374 383 407 428 590 605 563 416 590 605 392 422 359 437 413 380 386 419 419 404 350 389 419 356 392 407 440 362 419 590 566 368 356 329 419 404 356 377 590 605 563 341 1994 566 407 371 407 440 386 386 605 566 356 422 407 389 392 380 386 386 605 566 356 398 566 401 398 434 410 383 590 605 563 419 383 590 605 563 380 434 404 362 605 383 1994 566 389 401 395 428 566 455 608 566 380 590 428 365 431 410 443 374 428 605 365 377 401 0 605 419 380 428 428 422 362 605 395 590 605 473 443 611 449 401 416 410 590 563 605 404 407 470 428 395 413 413 323 392 416 395 392 389 398 368 428 437 404 398 413 365 371 404 401 359 416 446 410 410 416 404 428 401 434 398 428
380 368 377 362 341 422 395 392 380 431 404 413 380 326 380 326 362 395 392 437 290 383 362 479 413 1712 374 398 311 401 407 398 407 410 428 431 770 425 770 413 452 419 428 452 452 431 377 398 392 452 407 407 434 437 425 452 419 386 443 392 428 362 449 461 410 455 467 365 431 377 467 419 371 428 407 404 398 389 422 434 404 395 428 1991 473 398 389 407 1991 473 443 671 1991 431 410 458 416 1991 386 428 455 416 1991 350 353 383 374 350 329 395 338 308 299 308 323 314 332 371 794 770 602 458 422 410 296 320 290 398 362 395 425 395 386 407 440 398 431 338 341 359 296 365 383 383 374 347 380 434 1712 353 341 416 407 602 617 449 434 353 359 578 2000 611 377 578 1994 416 392 374 386 422 431 440 386 401 368 413 443 422 428 425 419 422 440 371 578 617 413 422 440 356 401 401 416 578 2000 611 446 602 617 437 389 398 419 431 416 1994 617 434 446 398 398 416 410 431 416 1994 617 416 434 617 401 398 359 350 413 578 1997 611 326 413 578 1997 611 338 458 365 425 2000 419 602 617 389 398 410 434 617 365 1724 617 422 578 416 434 416 467 452 425 422 1994 401 398 410 605 0 422 443 413 431 329 431 1994 326 578 1994 389 383 1712 464 329 341 350 578 611 1997 431 356 428 422 392 407 419 431 425 434 425 395 422 431 392 425 440 410 407 359 446 461 386 335 398 422 422 407 404 425 461 413 407 410 425 419
413 404 455 413 389 413 428 449 467 386 437 407 431 407 431 431 413 392 410 392 416 410 413 380 401 413 410 479 464 446 401 404 428 389 365 347 380 380 380 410 353 431 398 383 419 434 428 437 449 392 431 401 425 416 419 419 362 416 386 392 431 407 455 383 422 377 407 416 395 443 407 434 392 428 458 428 434 449 470 410 431 437 398 419 365 410 299 413 419 365 329 401 419 425 377 368 380 419 392 344 413 380 419 398 386 392 407 395 440 431 437 431 434 422 401 419 437 407 389 380 419 395 365 437 401 446 380 293 452 389 359 389 392 398 338 413 383 392 428 410 392 401 422 413 410 422 416 395 413 425 413 380 377 419 428 362 404 395 401 407 422 425 437 407 419 377 395 389 449 413 377 374 425 431 377 359 374 2000 371 416 386 401 374 428 407 428 356 383 350 410 395 407 338 407 422 425 356 419 428 440 392 428 404 395 380 419 428 338 416 428 353 416 410 395 380 419 428 389 392 428 398 404 437 428 413 407 419 425 398 413 407 419 425 404 416 392 398 422 374 419 428 413 398 419 437 428 392 410 428 398 407 419 374 431 413 401 416 392 419 374 407 440 419 422 0 407 431 419 380 386 419 440 407 419 407 401 404 404 437 416 428 407 425 419 410 425 428 446 374 425 428 368 431 422 404 380 374 374 359 413 434 419 428 410 392 398 461 428 386 386 461 446 416 395 428 413 410 401 404 389
365 338 371 347 329 362 332 317 368 362 335 380 365 308 368 326 347 392 374 425 266 335 347 464 419 470 329 362 314 341 326 413 380 404 413 425 437 428 437 377 449 464 470 473 383 419 389 413 368 455 401 425 410 431 425 422 416 374 455 395 419 377 413 407 419 446 434 365 413 329 434 386 362 422 383 386 407 356 392 389 377 416 467 437 464 401 446 419 437 464 434 431 437 404 443 443 434 437 365 458 416 434 437 314 338 326 350 338 302 446 308 302 305 317 317 266 302 377 419 437 380 416 452 389 266 293 287 416 326 380 455 380 383 440 401 401 464 305 320 341 311 296 368 338 386 380 368 422 467 341 359 434 425 380 404 422 440 314 338 401 443 395 386 401 440 380 416 377 380 422 443 446 377 386 398 449 449 407 425 413 446 380 479 365 401 404 434 476 458 350 398 407 416 401 443 395 443 380 404 446 440 395 395 437 434 440 404 464 407 395 425 428 431 437 434 440 404 413 452 404 374 434 356 362 428 401 440 395 350 428 401 440 395 308 419 374 431 443 449 380 404 395 383 386 437 404 407 461 404 422 401 437 437 407 440 470 437 458 440 416 392 410 380 443 407 0 404 422 329 440 440 377 401 440 398 368 467 467 374 368 362 401 395 440 398 353 392 431 455 386 401 482 425 428 392 437 452 446 407 410 371 371 452 365 461 455 404 305 395 416 1091 398 425 392 419 428 584 353 404 443
389 395 416 407 362 392 380 392 419 425 383 416 389 377 392 389 404 383 392 413 410 389 404 443 383 410 338 404 380 425 365 389 374 398 428 431 380 413 380 413 407 395 368 401 404 407 410 395 425 380 404 407 422 389 398 383 428 410 389 416 434 362 362 392 398 398 362 410 428 398 362 398 401 383 446 392 389 392 386 392 401 422 407 413 392 422 368 386 413 392 407 380 413 404 371 374 389 413 398 410 416 389 413 353 365 359 377 335 401 386 383 398 359 401 353 353 374 410 383 380 425 401 416 437 341 344 326 356 365 407 416 407 374 395 401 395 389 368 365 374 362 347 371 407 383 389 368 383 413 410 362 368 413 425 392 428 386 326 404 371 413 386 425 371 413 362 425 362 398 380 383 383 392 359 386 392 386 431 383 419 422 380 404 413 371 392 389 380 347 359 422 371 425 371 413 386 410 425 392 413 374 362 425 383 389 413 392 386 428 362 401 416 386 383 389 413 392 365 389 392 416 425 401 425 380 371 413 386 347 380 371 413 386 338 422 377 395 413 371 425 392 338 443 386 395 392 416 419 392 386 371 425 413 1994 410 392 368 407 413 416 377 410 428 413 431 404 0 521 326 386 413 371 371 413 401 374 425 419 368 395 425 371 386 413 392 386 410 386 404 386 422 374 380 404 326 392 380 338 383 398 368 410 407 386 389 383 350 341 350 377 404 395 404 407 392 410 368 368 443 410
395 371 413 386 326 398 386 380 407 383 398 428 404 356 407 326 386 419 356 416 338 410 386 440 443 419 350 422 374 422 347 422 335 389 404 401 416 398 416 431 425 434 458 446 398 437 407 413 404 443 428 413 395 413 434 413 443 437 428 401 443 404 407 413 410 449 416 401 368 353 416 389 374 404 413 422 389 440 446 404 422 398 407 431 422 434 386 416 431 422 434 425 431 425 365 434 389 431 359 419 401 389 431 329 413 383 344 341 353 428 416 371 353 365 428 335 347 419 395 416 425 413 428 440 338 332 329 356 374 413 407 413 383 416 395 425 431 350 374 365 311 323 395 383 368 389 392 401 416 431 371 413 443 425 413 398 419 341 368 458 431 413 413 458 428 416 467 416 425 422 395 389 404 395 398 410 389 419 398 428 416 389 413 395 458 413 386 431 392 365 413 377 407 458 431 413 425 425 413 446 383 395 380 404 389 428 413 422 455 395 422 452 404 404 389 428 413 395 416 413 371 422 338 422 401 458 431 413 371 401 458 431 413 320 443 419 407 431 416 425 413 386 401 410 413 413 377 416 413 452 458 467 419 518 446 437 425 434 428 452 443 434 428 431 419 422 521 0 350 413 428 428 458 428 413 359 419 461 425 395 422 458 413 431 416 401 422 398 392 428 440 425 413 425 389 410 452 404 383 437 380 377 410 401 449 434 389 341 377 434 410 446 437 431 404 437 404 371 416 419
434 401 404 404 398 383 404 434 386 365 389 413 419 461 422 449 407 392 386 356 458 431 407 284 305 326 434 410 455 416 377 344 380 356 290 275 347 275 347 416 266 248 305 290 410 413 428 404 467 299 398 374 350 299 341 392 290 425 281 326 332 419 353 335 377 272 290 377 371 422 290 401 359 317 431 401 452 422 404 386 389 401 302 323 263 398 212 368 323 263 254 311 323 341 326 245 296 323 371 233 368 296 323 401 419 365 410 452 494 338 416 440 449 440 413 431 431 404 323 347 416 335 227 404 476 500 452 197 437 377 275 377 428 296 254 338 302 416 452 449 437 428 425 401 359 428 410 299 326 455 437 260 272 416 332 293 335 389 380 419 329 329 374 419 326 299 332 371 437 284 272 269 362 350 359 269 272 380 284 302 332 392 308 404 419 332 302 284 266 404 371 338 263 419 329 329 227 416 332 329 326 353 377 299 296 326 332 305 419 353 260 323 272 299 296 326 332 317 284 332 383 317 425 407 272 419 326 329 413 272 419 326 329 446 347 311 275 329 245 416 332 341 359 344 356 332 422 323 332 350 419 350 293 332 323 287 314 326 326 329 353 374 422 329 380 329 326 350 0 275 326 404 419 326 389 383 332 308 404 422 407 419 329 326 338 398 380 296 245 377 383 239 395 305 383 371 260 254 329 365 380 359 281 443 302 296 356 443 383 344 404 395 338 371 326 323 323 377 362 293
335 302 347 335 332 389 317 341 395 344 341 362 365 296 359 317 335 392 362 395 251 338 335 428 416 422 317 383 308 341 341 404 365 443 452 437 422 431 422 359 464 425 449 476 332 452 344 395 350 470 416 449 371 455 413 383 443 365 461 410 401 386 398 446 383 455 413 371 428 356 413 374 362 452 386 443 383 362 398 386 323 398 467 437 452 389 461 413 437 452 425 443 437 434 440 461 422 437 368 428 440 422 437 335 296 311 356 329 281 455 308 299 266 293 275 254 317 350 425 422 362 425 431 386 278 293 272 419 299 386 428 386 374 431 461 377 446 290 287 323 260 290 350 320 362 359 365 464 422 329 302 410 440 362 374 401 410 335 362 410 431 374 386 410 437 413 410 335 401 377 437 422 332 389 371 464 419 386 428 422 419 368 425 377 410 374 416 449 413 365 350 374 371 410 431 374 479 362 374 419 419 383 419 455 422 437 374 428 422 383 422 437 398 455 422 437 374 401 1820 374 374 428 356 389 401 410 434 374 332 401 410 434 374 296 416 356 1943 431 440 362 374 374 368 407 401 374 377 428 374 410 410 431 431 383 443 425 437 422 437 401 374 413 362 431 386 440 386 413 275 0 437 380 410 437 389 365 425 455 380 368 389 410 374 434 383 353 377 416 398 392 413 497 395 440 401 428 434 452 386 413 329 407 428 341 410 416 392 293 377 410 389 374 404 404 401 431 422 401 425 425
383 368 380 362 335 419 395 398 380 434 404 419 383 332 383 326 362 392 395 440 287 380 362 473 416 1712 374 398 314 404 404 401 410 407 431 431 767 425 767 419 452 419 428 446 458 431 374 395 389 458 401 404 431 437 422 449 425 386 440 389 428 362 452 461 413 452 470 365 428 380 470 422 371 431 410 407 401 392 422 437 404 398 431 1991 473 401 389 404 1991 473 440 674 1991 437 407 455 419 1991 386 425 458 419 1991 347 353 383 374 356 329 398 338 308 305 308 323 311 332 371 800 767 602 455 422 410 299 323 290 392 359 398 422 398 380 410 443 401 431 332 344 359 296 368 386 386 374 347 380 437 1712 353 338 416 407 602 617 449 434 350 362 584 1994 611 380 584 2000 416 392 374 383 419 428 440 386 395 365 410 443 419 425 422 419 425 446 371 584 617 413 422 437 359 401 395 419 584 1994 611 443 602 617 437 389 398 416 431 419 2000 617 434 446 398 401 413 410 431 419 2000 617 413 440 617 404 398 359 353 410 584 1997 611 326 410 584 1997 611 338 455 368 431 1994 413 602 617 386 404 407 428 617 368 1724 617 422 584 416 434 416 467 449 425 419 2000 401 395 416 605 1994 419 440 413 428 326 437 0 329 584 2000 386 389 1712 461 332 341 353 584 611 1997 434 356 431 419 395 407 413 428 428 434 425 395 419 434 392 422 437 413 410 356 443 458 380 335 401 425 422 404 407 425 461 410 404 410 422 422
440 407 428 458 395 422 410 464 449 392 416 422 431 446 428 425 455 416 437 380 458 482 455 329 356 362 422 437 464 446 401 368 362 377 371 326 338 320 338 422 284 278 353 314 428 431 410 371 458 326 422 374 377 404 356 404 368 431 317 395 416 419 359 362 365 302 275 437 374 443 275 413 365 314 407 386 470 434 443 386 470 437 347 326 287 410 236 380 326 287 299 356 326 395 329 281 308 326 368 269 341 308 326 428 449 422 422 428 476 380 497 500 461 518 446 455 452 416 389 338 392 332 302 416 455 476 452 227 467 425 305 425 389 332 293 380 287 410 485 428 443 470 419 404 380 458 365 320 368 485 485 329 302 392 368 302 383 395 401 377 326 368 437 377 329 332 380 359 455 347 314 296 416 371 362 284 296 440 275 365 365 383 314 455 377 368 311 305 281 416 437 344 320 377 326 368 287 392 368 365 338 344 380 320 308 329 368 296 395 344 287 377 344 320 308 329 368 317 350 368 395 335 455 548 347 377 329 368 449 347 377 329 368 434 374 428 371 326 311 392 368 353 431 407 386 368 443 362 368 338 377 389 344 377 329 350 311 380 329 356 347 407 395 326 440 377 371 428 404 380 329 0 377 329 407 407 362 347 1994 422 548 377 368 329 356 434 410 347 383 419 389 308 359 398 359 359 290 278 383 395 398 407 350 458 293 284 353 392 365 344 416 380 386 362 380 386 335 359 365 350
410 389 422 413 392 449 404 401 410 401 395 458 458 380 458 413 413 395 395 431 386 407 413 416 413 590 407 398 389 431 365 410 413 431 425 389 515 398 515 461 422 350 413 392 434 419 419 437 401 440 434 410 416 431 395 437 419 410 425 371 407 413 419 455 407 392 392 410 407 413 392 413 374 383 413 401 419 410 419 428 392 425 401 584 419 449 344 401 584 419 353 542 584 398 395 407 389 584 395 344 458 389 584 389 359 401 410 398 371 431 374 335 344 359 398 383 377 419 578 515 590 410 362 401 380 401 383 344 398 419 407 419 419 380 401 416 380 392 392 383 395 434 407 419 413 401 374 419 590 392 386 350 407 590 554 359 422 374 410 2000 578 554 416 2000 584 392 401 404 413 407 392 374 392 431 410 365 374 407 392 395 386 443 404 398 2000 554 389 413 380 362 416 401 374 2000 578 554 395 590 554 410 386 428 437 413 389 584 554 410 392 428 374 383 335 413 389 584 554 413 422 554 428 440 398 365 338 2000 581 554 398 338 2000 581 554 362 467 419 410 578 377 590 554 377 374 407 440 554 410 587 554 419 2000 428 431 368 446 410 413 383 584 389 380 431 590 578 407 401 371 458 419 410 584 377 0 584 440 386 593 431 380 407 365 2000 554 581 407 392 425 401 368 449 434 374 425 407 422 404 398 398 386 410 428 428 401 407 404 398 407 401 371 419 404 434 407 455 410 434 392 425 410 398
383 368 380 362 335 419 395 398 380 434 404 419 383 332 383 326 362 392 395 440 287 380 362 473 416 1712 374 398 314 404 404 401 410 407 431 431 767 425 767 419 452 419 428 446 458 431 374 395 389 458 401 404 431 437 422 449 425 386 440 389 428 362 452 461 413 452 470 365 428 380 470 422 371 431 410 407 401 392 422 437 404 398 431 1991 473 401 389 404 1991 473 440 674 1991 437 407 455 419 1991 386 425 458 419 1991 347 353 383 374 356 329 398 338 308 305 308 323 311 332 371 800 767 602 455 422 410 299 323 290 392 359 398 422 398 380 410 443 401 431 332 344 359 296 368 386 386 374 347 380 437 1712 353 338 416 407 602 617 449 434 350 362 584 1994 611 380 584 2000 416 392 374 383 419 428 440 386 395 365 410 443 419 425 422 419 425 446 371 584 617 413 422 437 359 401 395 419 584 1994 611 443 602 617 437 389 398 416 431 419 2000 617 434 446 398 401 413 410 431 419 2000 617 413 440 617 404 398 359 353 410 584 1997 611 326 410 584 1997 611 338 455 368 431 1994 413 602 617 386 404 407 428 617 368 1724 617 422 584 416 434 416 467 449 425 419 2000 401 395 416 605 1994 419 440 413 428 326 437 2000 329 584 0 386 389 1712 461 332 341 353 584 611 1997 434 356 431 419 395 407 413 428 428 434 425 395 419 434 392 422 437 413 410 356 443 458 380 335 401 425 422 404 407 425 461 410 404 410 422 422
437 389 455 458 446 443 398 410 437 449 407 461 464 422 464 398 458 416 437 443 431 422 458 404 398 398 389 404 449 416 419 419 437 425 404 428 350 377 350 458 350 332 377 380 407 413 446 452 416 395 419 419 428 359 422 458 407 434 392 395 416 419 401 386 413 338 353 413 392 449 353 440 386 380 410 386 431 416 434 428 413 458 407 386 338 431 326 392 386 338 344 401 386 407 383 335 380 386 413 341 440 380 386 413 398 431 440 428 398 383 380 389 407 374 395 401 413 422 398 350 470 410 380 443 377 446 386 326 425 431 374 431 416 371 362 440 365 428 398 434 407 419 425 440 395 464 386 365 401 410 404 350 410 470 431 386 401 434 416 440 389 425 395 440 386 383 434 380 410 377 365 365 434 401 395 380 362 407 341 392 413 437 350 425 440 431 392 380 371 368 386 365 395 440 389 425 365 470 431 398 374 410 458 356 380 386 431 377 395 410 362 401 377 356 380 386 431 395 368 431 434 362 449 416 380 440 386 425 380 380 440 386 425 401 419 383 377 389 368 470 431 389 380 410 428 431 386 398 431 389 440 407 353 404 395 362 344 392 386 359 329 443 473 389 407 398 401 413 389 389 386 407 440 386 0 464 398 413 404 425 416 440 425 386 416 392 434 398 389 422 425 341 362 395 398 380 386 317 383 410 404 431 383 434 365 377 371 392 368 395 458 392 374 440 419 425 395 398 416 401
428 368 470 431 479 449 410 407 401 455 389 467 455 452 452 428 434 410 422 389 434 443 434 368 329 374 425 425 446 470 467 392 437 428 356 371 353 377 353 467 329 272 368 338 428 398 413 410 410 380 380 404 404 320 368 431 350 425 359 374 398 440 404 374 407 338 323 416 407 467 323 476 374 365 380 380 467 404 410 392 383 437 395 380 347 443 278 389 380 347 299 407 380 374 362 260 332 380 386 233 413 332 380 440 383 437 440 452 431 356 386 353 383 359 410 395 431 392 422 353 440 356 335 458 410 440 449 260 461 425 350 425 386 332 368 431 329 440 425 449 431 482 443 440 401 449 353 389 377 422 443 326 365 440 401 341 368 434 449 386 383 401 392 386 389 338 377 362 422 329 317 317 389 368 383 329 320 401 278 350 326 446 269 416 386 401 332 332 302 359 395 305 377 386 383 401 314 440 401 410 347 341 413 386 332 389 401 350 416 341 407 404 350 386 332 389 401 332 341 401 419 302 458 404 350 386 386 401 380 350 386 386 401 347 398 365 362 383 347 440 401 356 368 404 368 401 404 365 401 320 386 359 353 371 377 329 290 398 389 311 341 374 443 383 401 368 374 359 383 365 389 407 386 389 464 0 371 383 410 425 404 386 401 386 356 383 437 368 344 422 386 269 374 350 380 341 362 290 326 386 377 434 356 437 329 305 344 446 398 395 416 362 341 470 437 371 347 383 386 401
380 386 401 398 362 422 410 392 404 434 383 419 401 350 395 356 395 395 419 455 293 392 395 464 416 1952 386 386 329 404 413 407 422 413 413 449 761 419 761 416 446 389 449 410 443 440 377 428 380 437 416 419 431 419 431 437 416 389 416 419 416 368 431 425 422 428 440 371 407 395 440 410 386 425 413 407 407 401 428 425 407 410 422 1715 476 410 395 398 1715 476 428 710 1715 419 410 419 422 1715 398 422 437 422 1715 362 395 374 380 362 329 395 335 341 320 329 326 353 350 374 770 761 611 437 413 407 320 335 320 383 365 395 422 395 407 401 422 407 434 362 374 350 326 389 392 401 383 371 410 410 1952 362 359 419 425 611 608 410 437 359 419 593 1712 605 389 593 1712 407 401 383 422 458 425 434 395 392 377 413 431 404 431 398 413 422 434 374 593 608 416 404 410 371 428 392 422 593 1712 605 449 611 608 443 398 395 428 413 422 1712 608 431 434 395 380 428 416 413 422 1712 608 398 425 608 410 404 359 356 416 593 1715 605 338 416 593 1715 605 347 428 374 428 1712 410 611 608 395 407 395 434 608 377 1961 608 410 593 422 437 428 440 446 398 422 1712 398 398 416 611 1712 404 467 425 419 332 425 1712 362 593 1712 398 371 0 476 365 374 356 593 605 1715 437 377 443 431 386 416 434 428 419 422 410 407 425 431 398 422 434 425 422 365 434 425 410 338 389 413 440 404 413 431 446 434 413 407 416 422
386 359 425 377 365 425 383 362 392 407 389 407 425 290 422 341 377 410 383 437 269 392 377 449 422 473 389 413 347 380 392 404 425 416 461 461 455 449 455 407 464 449 485 461 392 434 365 440 368 467 419 443 413 434 401 437 416 395 452 419 407 380 461 461 455 443 467 407 398 401 467 392 374 470 395 410 428 371 416 425 359 446 464 461 464 407 455 416 461 464 467 467 461 392 449 464 434 461 395 428 470 434 461 356 299 353 395 338 320 419 335 317 257 314 338 317 332 401 476 455 449 458 425 410 290 326 287 398 365 413 455 413 410 410 440 422 455 368 341 371 311 365 410 368 374 386 419 473 473 353 344 419 455 449 446 479 449 392 365 431 464 449 377 431 461 437 401 380 416 440 449 443 383 416 428 428 443 404 437 434 440 416 407 359 431 446 386 446 401 350 419 416 461 431 464 449 422 449 446 431 398 410 422 476 434 461 446 470 455 410 422 434 428 476 434 461 446 422 455 446 386 425 371 356 431 431 464 449 395 431 431 464 449 299 416 368 458 464 488 449 446 401 359 425 425 446 401 470 446 458 431 446 413 419 497 467 470 434 461 398 413 404 449 464 404 467 419 461 308 455 461 347 431 461 413 383 476 0 347 380 356 431 449 464 416 359 449 416 401 395 410 464 413 431 407 431 452 425 419 479 395 416 419 362 440 446 398 356 422 434 392 398 416 437 446 419 428 431 434 422
443 410 428 455 395 422 407 461 452 389 419 422 431 443 428 422 452 416 437 383 461 485 452 326 353 365 425 434 467 449 404 365 362 377 371 329 341 323 341 422 281 278 353 311 431 428 410 371 455 326 422 371 380 401 359 407 365 431 314 392 416 419 359 362 362 299 275 443 374 446 275 419 365 311 407 386 467 434 443 386 467 434 347 329 287 410 233 383 329 287 299 356 329 398 329 284 311 329 368 263 347 311 329 425 446 419 422 428 479 380 497 497 461 515 449 455 449 416 389 341 398 332 299 413 455 473 455 230 470 422 308 422 389 335 296 386 284 416 485 434 443 467 416 407 380 455 365 317 371 488 488 326 302 398 365 302 380 395 404 380 329 365 434 380 332 335 386 359 455 347 314 296 413 374 368 284 296 437 275 365 365 386 314 455 380 365 314 305 278 419 440 341 320 380 329 365 284 398 365 365 338 344 386 320 311 332 365 299 398 344 284 380 344 320 311 332 365 317 350 365 398 335 452 548 347 380 332 365 452 347 380 332 365 434 374 428 371 329 311 398 365 353 428 407 386 365 443 365 365 341 380 386 344 374 329 350 314 380 332 353 350 404 401 329 437 374 368 425 404 380 332 1994 380 332 404 410 365 347 0 425 548 380 365 332 359 437 410 344 380 422 392 305 359 398 359 362 293 275 386 395 398 413 353 458 293 287 356 395 362 341 410 380 386 362 380 386 332 356 362 353
440 431 461 461 407 425 461 425 404 407 437 452 473 488 479 464 464 398 452 371 461 437 464 335 347 386 440 407 470 440 431 434 386 374 377 374 302 335 302 455 290 287 383 335 443 416 398 425 473 332 419 392 431 332 356 443 293 470 332 350 383 419 362 347 383 305 290 425 347 452 290 395 395 371 440 389 482 419 419 425 410 410 338 347 323 401 272 365 347 323 311 356 347 335 335 275 341 347 386 260 404 341 347 467 410 437 443 434 458 326 425 428 422 440 422 455 410 413 383 302 416 371 287 413 512 482 422 239 437 425 293 425 455 317 317 395 320 452 464 452 476 503 443 467 380 431 449 368 383 431 470 299 323 416 359 317 380 434 407 407 341 365 404 407 341 368 374 362 443 353 311 311 380 383 428 266 311 416 260 362 347 404 311 407 407 359 356 299 311 404 359 320 272 407 341 365 287 416 359 359 350 338 422 371 341 341 359 317 401 338 299 314 323 371 341 341 359 293 338 359 365 269 482 398 323 407 344 365 371 323 407 344 365 446 404 356 347 341 281 416 359 365 401 365 395 359 395 377 359 323 407 359 350 392 329 341 323 347 341 320 356 374 416 341 416 368 395 395 422 368 341 422 407 341 425 425 374 380 425 0 398 407 365 344 344 425 434 335 317 461 362 287 353 365 434 368 296 305 365 398 419 434 353 422 344 344 365 467 353 365 431 374 389 395 368 353 365 386 374 359
431 443 437 416 383 380 410 461 467 392 431 434 422 425 431 419 416 401 401 374 422 416 416 335 404 365 404 443 461 434 401 419 362 389 371 341 311 326 311 431 329 341 365 359 401 428 407 419 389 353 425 377 359 347 362 422 404 401 356 416 413 458 404 380 404 317 329 416 386 455 329 413 392 329 443 389 443 413 428 380 437 449 380 353 323 464 302 404 353 323 323 365 353 362 368 320 329 353 389 326 383 329 353 410 440 413 395 434 461 413 455 464 428 485 434 452 440 431 368 311 410 353 371 425 422 419 446 263 470 410 347 410 416 377 314 371 323 407 446 434 425 401 395 395 374 425 386 350 359 443 458 380 362 410 386 308 374 371 434 365 350 383 443 365 353 371 401 377 407 398 344 332 458 407 377 308 332 428 350 383 377 377 353 470 365 386 374 344 296 443 413 344 368 365 350 383 320 410 386 377 371 386 371 338 329 353 386 338 380 386 338 368 359 338 329 353 386 332 350 386 377 383 434 2000 359 365 353 383 407 359 365 353 383 380 392 425 374 350 365 410 386 380 431 428 398 386 416 365 386 401 365 449 350 431 395 383 350 398 353 371 365 413 410 350 428 362 425 422 407 389 353 548 365 353 416 404 356 356 548 398 0 365 383 353 374 419 410 365 389 386 425 317 365 377 356 359 332 371 338 389 398 395 371 413 323 317 353 401 344 374 407 404 422 386 401 404 344 395 410 428
410 389 422 413 392 449 404 401 410 401 395 458 458 380 458 413 413 395 395 431 386 407 413 416 413 590 407 398 389 431 365 410 413 431 425 389 515 398 515 461 422 350 413 392 434 419 419 437 401 440 434 410 416 431 395 437 419 410 425 371 407 413 419 455 407 392 392 410 407 413 392 413 374 383 413 401 419 410 419 428 392 425 401 584 419 449 344 401 584 419 353 542 584 398 395 407 389 584 395 344 458 389 584 389 359 401 410 398 371 431 374 335 344 359 398 383 377 419 578 515 590 410 362 401 380 401 383 344 398 419 407 419 419 380 401 416 380 392 392 383 395 434 407 419 413 401 374 419 590 392 386 350 407 590 554 359 422 374 410 2000 578 554 416 2000 584 392 401 404 413 407 392 374 392 431 410 365 374 407 392 395 386 443 404 398 2000 554 389 413 380 362 416 401 374 2000 578 554 395 590 554 410 386 428 437 413 389 584 554 410 392 428 374 383 335 413 389 584 554 413 422 554 428 440 398 365 338 2000 581 554 398 338 2000 581 554 362 467 419 410 578 377 590 554 377 374 407 440 554 410 587 554 419 2000 428 431 368 446 410 413 383 584 389 380 431 590 578 407 401 371 458 419 410 584 377 2000 584 440 386 593 431 380 407 365 0 554 581 407 392 425 401 368 449 434 374 425 407 422 404 398 398 386 410 428 428 401 407 404 398 407 401 371 419 404 434 407 455 410 434 392 425 410 398
392 347 413 392 365 440 404 374 419 422 389 452 452 377 443 374 392 428 407 422 368 392 392 428 392 605 401 407 365 410 386 431 401 389 392 398 452 401 452 455 407 389 386 401 392 374 377 380 368 419 416 395 404 386 395 425 404 389 413 374 404 404 374 392 419 419 431 392 371 392 431 395 353 404 413 401 410 392 437 416 374 443 404 611 395 383 332 383 611 395 377 548 611 398 371 365 443 611 404 377 416 443 611 362 377 386 383 353 356 401 365 371 341 353 377 350 350 389 605 452 566 416 422 428 341 332 344 353 395 431 392 431 377 401 404 413 395 362 359 392 338 371 380 425 350 398 383 413 608 380 374 359 374 566 1982 374 413 395 377 554 611 2000 398 554 611 404 386 347 386 398 419 425 422 425 395 446 428 425 362 365 392 398 371 386 554 1982 371 437 353 365 437 395 371 554 611 2000 371 566 1982 389 389 389 443 419 443 611 1982 386 401 389 389 401 404 419 443 611 1982 359 380 1982 395 392 383 383 407 554 608 2000 350 407 554 608 2000 347 476 353 368 611 389 566 1982 368 416 404 416 1982 362 602 1982 395 554 389 389 389 389 419 383 377 611 389 374 389 563 611 425 395 386 413 329 374 611 368 554 611 425 401 605 449 365 365 383 554 0 608 383 353 404 398 368 392 419 383 380 389 383 383 371 395 359 404 386 401 404 374 401 392 386 353 389 368 422 365 371 455 413 407 395 398 404 383
383 371 380 362 338 422 395 395 380 434 407 416 383 329 380 326 362 395 392 440 290 380 362 476 413 1715 374 398 314 404 407 401 407 410 428 428 770 425 770 416 452 419 428 449 455 431 374 398 392 455 404 404 434 437 422 449 422 389 440 389 428 365 452 461 410 452 470 365 428 380 470 422 371 431 407 407 401 389 422 437 404 398 428 1994 473 401 389 404 1994 473 440 671 1994 434 407 455 419 1994 386 425 458 419 1994 350 353 383 377 353 332 398 338 311 302 311 326 314 335 371 797 770 602 455 422 410 299 323 290 395 362 395 422 395 383 407 440 398 431 335 344 359 296 365 383 386 374 347 380 434 1715 356 341 416 407 602 614 449 431 353 362 581 1997 608 380 581 1997 416 392 374 386 422 428 440 386 398 365 413 443 419 425 425 422 425 443 371 581 614 410 422 437 359 401 398 416 581 1997 608 446 602 614 440 389 398 419 431 419 1997 614 431 446 398 398 416 410 431 419 1997 614 416 437 614 401 398 359 353 410 581 2000 608 326 410 581 2000 608 341 455 365 428 1997 416 602 614 389 401 410 431 614 365 1727 614 422 581 416 431 416 467 449 425 419 1997 401 395 413 605 1997 419 440 413 431 326 434 1997 329 581 1997 386 386 1715 464 332 344 353 581 608 0 434 356 428 419 395 407 416 428 425 437 428 395 419 434 392 425 440 413 407 359 443 458 383 338 398 425 422 407 407 422 461 413 404 410 422 419
353 323 374 386 326 380 347 362 374 389 410 395 392 317 383 311 389 377 350 389 284 386 389 419 404 437 359 365 344 389 377 392 392 395 428 404 404 386 404 398 413 419 428 458 410 428 374 380 380 440 407 425 401 380 419 401 416 386 437 407 389 392 398 434 434 401 398 407 386 341 398 434 368 416 413 362 401 371 449 395 404 404 434 431 398 383 437 416 431 398 404 407 431 398 392 434 371 431 392 392 422 371 431 341 347 386 359 320 314 404 338 320 311 296 338 305 326 395 440 404 407 416 386 401 278 332 314 362 341 407 425 407 404 407 401 365 440 338 344 344 317 353 368 383 359 371 389 416 437 359 398 401 416 407 389 377 419 395 350 407 431 383 371 407 434 392 359 374 392 413 386 383 374 365 404 419 383 410 470 386 434 383 401 353 407 389 440 419 404 356 404 419 371 407 431 383 404 407 389 410 377 380 389 416 371 434 389 419 401 380 374 434 407 416 371 434 389 410 395 389 356 398 356 374 404 407 434 383 362 404 407 434 383 329 410 398 377 431 416 407 389 386 365 404 398 389 395 437 389 398 407 428 398 395 431 398 419 395 434 365 395 395 404 431 410 398 392 416 338 383 434 356 407 434 416 356 437 416 359 344 374 407 383 434 0 422 392 392 383 419 392 407 428 398 371 362 413 440 365 422 404 389 410 374 458 452 428 374 359 416 374 449 419 374 413 401 416 404 407 392
431 425 440 440 383 401 419 434 440 413 443 437 470 431 476 425 440 404 431 398 443 428 440 365 386 392 431 428 494 437 392 398 374 365 407 332 404 341 404 446 350 299 380 341 443 440 458 422 428 353 410 410 386 344 413 431 377 431 374 365 413 437 410 380 425 335 344 431 404 437 344 446 377 359 443 395 419 413 437 398 440 431 353 353 365 407 284 437 353 365 320 383 353 395 377 347 329 353 371 302 410 329 353 407 434 410 443 410 437 395 452 455 404 446 428 422 422 428 356 404 407 383 314 398 362 431 416 281 437 377 353 377 425 353 365 368 308 389 452 425 401 407 428 437 419 437 422 368 389 446 464 413 359 407 347 374 392 383 398 392 356 353 386 392 356 374 344 383 389 401 305 332 410 386 395 287 335 425 374 380 389 410 356 434 392 347 365 326 341 395 407 401 350 392 356 353 350 407 347 386 371 374 365 365 329 356 347 332 398 374 371 359 350 365 329 356 347 356 344 347 395 368 425 419 350 392 356 353 440 350 392 356 353 374 377 365 356 356 323 407 347 380 380 410 392 347 428 374 347 374 392 401 377 383 380 365 359 404 356 353 401 395 407 356 425 353 386 401 398 353 356 434 392 356 392 383 377 359 437 425 419 392 353 356 422 0 431 383 359 398 395 332 443 368 395 380 329 314 344 383 434 428 392 395 368 362 407 416 413 368 380 404 404 428 434 398 389 425 377 413
452 428 443 455 419 452 416 449 434 440 440 461 470 401 470 431 455 446 446 437 431 422 455 383 377 440 434 428 434 434 443 419 455 419 392 392 386 407 386 461 362 332 374 359 437 452 446 434 440 380 446 425 407 353 401 419 395 446 368 404 398 425 392 380 413 365 380 404 389 440 380 425 395 389 449 401 461 455 407 434 434 422 389 425 392 422 317 410 425 392 380 401 425 413 374 335 365 425 398 302 419 365 425 425 416 446 449 449 419 380 425 401 374 422 431 413 440 455 440 386 470 392 362 443 407 440 425 314 419 437 374 437 398 374 389 434 362 461 422 455 428 416 440 440 410 443 395 374 443 419 434 326 356 470 398 383 389 437 443 425 428 404 413 425 431 374 413 356 458 386 347 362 422 431 419 323 362 428 335 383 380 440 347 434 425 398 365 371 299 410 392 350 374 425 428 404 359 470 398 371 371 383 443 371 365 431 398 356 443 383 371 389 350 371 365 431 398 371 389 398 425 356 428 410 359 425 428 404 446 359 425 428 404 383 431 374 386 428 368 470 398 398 386 401 437 398 413 437 398 386 425 413 377 410 410 380 356 413 431 371 395 404 470 428 428 392 410 422 380 377 431 410 425 431 434 437 443 449 410 434 410 425 404 428 392 431 0 383 359 422 413 314 449 428 446 371 365 356 377 425 437 482 374 407 395 374 431 428 386 377 443 362 386 434 428 401 383 440 413 383
317 320 359 326 302 341 320 332 356 407 368 344 356 320 350 299 329 359 350 383 269 350 329 461 428 422 335 392 329 365 368 374 377 386 431 443 398 440 398 341 470 422 422 455 374 392 392 398 365 440 392 404 395 410 410 407 419 383 443 428 446 362 419 395 407 434 401 338 401 326 401 389 398 437 380 371 350 392 398 404 338 389 446 413 434 371 431 446 413 434 464 434 413 404 413 437 416 413 359 479 443 416 413 299 311 320 323 278 305 413 368 320 254 317 296 239 308 359 407 398 425 413 440 404 245 275 266 419 314 398 443 398 389 428 428 347 452 290 311 350 299 290 359 335 350 317 356 422 422 341 329 413 422 425 398 401 398 326 356 401 422 398 374 401 419 392 407 386 362 419 437 434 365 395 347 437 434 446 452 422 428 377 449 386 401 398 413 437 416 335 401 383 434 401 422 398 428 425 398 425 407 368 395 431 416 419 398 440 407 368 377 416 458 431 416 419 398 443 395 398 368 443 338 365 464 401 419 398 287 464 401 419 398 272 428 410 407 422 443 425 398 374 392 407 383 398 347 425 398 458 401 434 446 386 434 437 428 395 419 455 416 401 428 422 446 431 386 398 296 416 419 347 401 419 398 368 431 416 344 335 365 401 398 419 392 383 383 0 416 398 416 452 395 428 377 377 431 428 401 383 365 386 440 344 458 443 413 287 359 407 386 392 449 398 389 431 434 410 407 422
332 338 365 341 296 362 326 329 359 383 371 377 356 272 356 344 341 353 350 392 236 329 341 407 389 392 314 353 320 347 332 374 329 392 449 419 407 407 407 374 416 407 413 434 353 353 371 395 326 410 395 404 371 410 374 386 437 338 407 437 431 350 416 407 389 422 401 374 395 359 401 392 368 371 398 371 320 341 410 374 335 425 431 398 416 371 434 395 398 416 395 404 398 386 386 449 422 398 371 428 401 422 398 317 317 326 323 287 317 404 317 308 278 302 320 299 305 377 392 407 398 401 443 341 233 311 269 380 329 359 413 359 389 383 431 362 431 278 323 317 320 320 350 377 320 350 308 398 392 308 284 401 437 398 362 386 398 302 374 368 392 368 389 368 395 392 374 323 374 407 413 413 404 365 353 419 413 374 401 389 413 362 377 374 368 362 440 404 410 335 389 356 431 368 392 368 413 398 362 407 407 332 353 398 422 395 362 395 368 332 392 419 389 398 422 395 362 356 386 362 389 425 332 389 392 368 395 368 299 392 368 395 368 311 395 455 413 392 386 398 362 329 371 380 377 362 344 389 362 428 368 410 428 404 404 413 422 413 395 365 377 365 395 392 374 455 404 392 245 398 395 383 368 395 389 344 386 401 380 317 389 368 368 395 383 359 359 416 0 350 416 422 419 389 320 353 437 392 371 341 326 395 401 365 398 413 341 290 380 431 377 377 434 401 431 380 380 362 368 389
395 395 431 398 383 410 431 446 449 407 398 419 404 401 407 401 395 413 419 452 389 413 395 398 359 419 401 410 449 440 356 392 374 398 383 365 374 416 374 416 362 356 392 398 416 440 401 437 404 371 416 398 434 377 410 413 386 419 395 401 410 410 386 398 425 389 377 404 377 392 377 407 359 401 410 431 410 407 425 407 416 413 380 401 383 389 314 404 401 383 362 386 401 416 368 362 368 401 404 356 437 368 401 407 380 392 434 395 389 380 422 386 356 389 398 398 362 407 428 374 410 422 365 440 368 371 362 314 389 401 383 401 410 371 389 416 389 389 425 413 374 395 392 383 413 413 428 404 422 392 401 383 356 410 395 425 386 377 392 449 407 392 380 449 407 377 341 386 401 356 374 374 386 383 359 365 374 425 362 386 380 380 347 377 449 395 386 353 362 386 404 362 326 449 407 392 365 410 395 389 389 386 407 410 368 407 395 356 413 386 341 386 365 410 368 407 395 371 404 395 389 362 485 386 371 449 407 392 395 371 449 407 392 395 362 374 386 407 341 410 395 416 389 425 383 395 398 410 395 404 449 395 401 383 392 392 374 365 407 380 356 389 413 407 425 386 386 428 377 392 407 419 449 407 422 422 416 395 422 461 386 449 392 407 419 398 422 398 350 0 419 368 404 413 398 353 386 377 374 419 419 413 380 410 350 350 374 428 416 413 416 413 404 410 404 401 389 404 386 383
389 413 389 407 377 425 377 377 422 404 398 404 401 350 395 401 407 467 419 386 353 449 407 428 413 428 377 428 383 395 404 419 368 395 425 419 416 398 416 401 446 413 425 434 398 404 407 440 392 425 407 416 413 407 401 440 425 392 443 440 437 419 401 437 440 419 359 377 407 404 359 446 455 434 428 422 416 428 419 434 401 410 422 413 407 419 389 440 413 407 392 386 413 443 371 407 401 413 386 389 440 401 413 335 392 413 410 338 377 404 368 386 362 386 368 368 371 416 425 416 407 413 428 404 296 365 347 371 395 416 410 416 398 431 389 395 407 356 395 386 350 356 410 380 383 383 389 425 431 374 362 416 416 407 419 410 437 353 386 434 419 419 398 434 413 416 419 404 395 359 407 407 422 425 386 383 407 428 398 413 440 404 431 407 434 419 425 437 410 380 419 389 410 434 419 419 404 407 419 431 404 356 413 422 401 413 419 413 383 356 386 428 410 422 401 413 419 398 413 419 416 440 386 425 407 434 416 419 332 407 434 416 419 374 395 401 410 419 380 407 419 368 413 401 419 419 410 437 419 395 434 431 440 419 413 395 419 398 413 434 443 461 413 419 428 401 422 440 383 413 413 389 434 413 425 386 434 410 392 362 425 434 419 416 392 395 413 416 416 419 0 425 416 404 356 377 407 398 428 413 371 440 425 407 419 410 422 371 374 425 428 401 437 443 422 419 416 410 428 431
227 269 266 260 212 317 266 233 335 335 317 278 314 191 305 185 260 350 272 383 137 254 260 455 470 431 236 308 203 278 254 347 296 374 410 437 416 422 416 275 551 563 488 536 323 401 365 371 281 473 341 407 323 488 416 377 449 284 497 422 431 275 389 449 386 518 494 305 371 233 494 347 365 401 338 359 266 323 359 386 287 347 458 431 506 374 548 434 431 506 512 407 431 413 389 509 470 431 302 542 440 470 431 197 236 230 245 188 185 422 203 233 170 224 212 158 188 338 383 416 326 473 518 347 110 167 140 476 194 311 536 311 332 461 419 320 479 122 212 236 134 167 272 272 338 254 323 446 431 263 209 530 440 326 392 461 422 185 263 374 431 383 380 374 428 428 371 362 332 443 482 503 296 350 317 506 503 368 500 395 452 308 527 305 374 392 464 515 494 302 362 392 425 374 431 383 524 326 392 440 422 326 329 446 470 428 392 473 368 326 440 458 464 446 470 428 392 443 461 392 293 473 233 317 464 374 428 383 230 464 374 428 383 242 377 368 497 431 428 326 392 353 383 377 362 392 344 440 392 440 374 464 503 374 464 521 491 368 428 449 446 431 323 431 368 482 374 425 239 497 428 308 374 428 341 269 428 464 305 287 317 374 383 428 407 332 314 452 422 368 425 0 392 455 311 383 455 494 437 362 308 344 443 266 503 494 380 248 422 470 311 413 434 350 428 434 443 377 404 428
434 347 410 383 356 395 413 392 398 422 422 410 407 380 413 365 383 416 389 398 356 419 383 395 413 428 368 413 368 407 407 389 395 386 401 425 413 383 413 410 413 398 443 413 416 431 389 395 392 392 407 377 398 374 395 428 398 383 413 413 401 398 416 422 380 371 386 380 428 377 386 461 395 422 419 446 407 392 455 398 401 431 401 428 434 419 362 431 428 434 398 392 428 368 428 407 389 428 359 410 431 389 428 353 362 365 362 380 374 422 371 377 332 389 392 350 323 374 407 413 389 416 401 383 344 353 368 344 368 392 401 392 428 380 386 359 392 341 404 362 356 374 368 383 392 389 407 434 428 380 416 425 383 389 389 383 404 374 353 425 425 380 374 425 428 404 362 347 410 398 392 371 401 407 425 383 371 431 419 389 371 395 401 413 425 389 410 419 401 380 434 410 404 425 425 380 422 389 389 413 386 389 407 434 389 428 389 383 419 389 392 392 380 434 389 428 389 371 386 389 380 392 362 365 377 425 425 380 386 377 425 425 380 350 398 413 380 425 377 389 389 380 410 383 383 389 386 425 389 437 425 431 410 377 428 473 386 416 428 407 404 419 392 425 431 425 380 413 395 395 428 359 425 428 362 374 419 413 359 353 365 425 380 425 428 443 449 395 419 404 416 392 0 404 392 386 398 383 347 410 386 407 380 392 404 395 425 365 386 425 401 407 437 365 431 380 413 419 446 410
344 392 362 344 308 389 329 335 374 368 356 362 362 281 365 329 344 371 356 383 257 356 344 398 443 416 311 383 344 374 368 398 356 392 410 383 413 416 413 365 434 449 434 437 398 434 398 386 353 449 410 425 338 413 380 377 410 386 395 413 410 338 392 413 404 413 440 368 386 326 440 425 344 389 386 398 347 359 377 413 374 401 437 434 407 377 428 431 434 407 407 425 434 413 374 431 410 434 347 434 449 410 434 299 311 320 329 299 314 419 380 326 311 326 344 314 311 356 416 413 419 428 437 380 278 287 293 410 293 392 443 392 347 437 431 362 416 260 323 329 236 269 350 335 407 356 350 434 419 368 332 416 395 419 386 416 443 308 344 407 434 389 398 407 434 395 407 377 377 449 410 416 380 419 356 392 413 422 449 407 446 344 434 365 407 386 404 437 407 380 428 383 356 407 434 389 398 419 386 419 431 395 386 446 410 434 386 398 413 395 380 410 425 446 410 434 386 383 443 386 395 440 329 377 422 407 437 389 341 422 407 437 389 305 422 383 428 434 377 419 386 398 404 410 410 386 392 419 386 443 407 437 452 407 416 455 431 392 434 395 401 386 416 434 422 428 404 425 305 440 434 398 407 434 395 350 422 431 398 365 377 407 389 437 398 368 428 428 389 413 404 455 404 0 359 419 386 443 407 446 407 371 425 362 431 416 437 344 413 401 389 407 404 380 398 392 443 398 392 374
392 347 431 407 392 470 434 386 395 389 350 446 419 392 404 410 407 419 422 389 395 410 407 413 365 407 449 395 416 401 404 404 422 413 362 383 377 413 377 452 377 338 404 359 401 392 362 419 365 428 407 389 443 356 398 413 341 443 356 353 380 422 398 356 422 329 353 431 338 407 353 392 344 410 371 371 485 422 407 422 374 443 368 428 398 398 326 389 428 398 350 416 428 344 434 338 326 428 386 335 407 326 428 425 356 401 404 356 347 371 350 356 317 368 374 413 401 404 398 377 392 419 311 386 356 386 362 308 404 380 350 380 431 311 401 398 413 410 365 422 386 398 416 413 392 398 446 407 404 401 395 356 374 392 386 350 410 422 350 422 425 383 356 422 425 398 362 338 437 389 335 326 377 419 404 344 329 404 338 365 401 419 338 368 422 386 356 356 362 353 353 425 323 422 425 383 353 392 386 374 365 434 398 398 326 425 386 371 407 434 311 374 347 398 326 425 386 383 374 386 350 359 410 356 347 422 428 383 353 347 422 428 383 371 389 296 401 425 395 392 386 467 389 416 407 386 350 410 386 374 422 365 335 323 413 329 380 380 425 347 377 368 395 425 404 392 326 389 383 401 425 359 422 425 398 380 410 407 359 434 356 422 383 428 371 395 446 377 320 398 356 311 392 359 0 395 347 317 401 389 455 434 398 428 365 365 395 434 386 335 389 395 392 377 362 371 395 461 377 371
371 347 377 398 335 458 350 344 347 368 347 425 440 335 431 338 398 353 359 395 323 353 398 425 377 410 365 395 341 368 359 374 386 371 443 380 386 371 386 425 398 410 419 413 374 449 386 431 350 428 401 398 377 425 380 392 371 410 380 374 347 350 428 404 362 419 425 395 389 389 425 368 317 404 407 386 383 404 416 416 398 395 413 395 398 371 377 404 395 398 398 425 395 386 353 377 377 395 347 368 392 377 395 338 329 305 359 350 302 386 329 329 320 326 344 326 326 344 419 386 395 416 362 377 290 344 314 374 344 374 401 374 383 386 404 374 422 344 323 350 320 332 380 350 365 341 404 428 413 356 350 362 419 395 380 410 422 362 314 404 395 383 362 404 395 395 416 350 407 404 374 368 392 458 383 386 371 380 398 383 443 347 440 356 404 380 383 416 368 383 356 377 392 404 395 383 353 395 380 383 398 392 395 431 377 395 380 386 386 392 350 395 392 431 377 395 380 404 440 380 368 371 326 359 395 404 395 383 368 395 404 395 383 311 386 368 413 395 413 395 380 404 389 392 407 380 395 416 380 407 404 407 413 392 452 404 401 386 395 350 404 347 392 395 380 437 392 410 371 428 395 359 404 395 380 341 407 431 362 368 359 404 383 395 362 380 371 377 353 353 377 383 386 419 395 0 401 413 389 407 371 386 395 365 449 428 407 359 380 392 380 401 413 350 395 407 407 362 404 389
308 293 341 305 290 362 326 305 383 392 329 347 341 260 338 287 302 383 344 413 248 329 302 464 416 419 299 338 278 320 314 371 368 404 398 467 425 458 425 347 485 461 458 467 359 386 344 386 347 434 362 377 401 416 404 392 422 356 452 392 383 350 419 473 398 455 413 317 359 326 413 383 374 437 344 308 359 350 365 356 350 380 470 419 458 371 467 404 419 458 443 437 419 398 413 455 422 419 350 407 425 422 419 251 260 308 338 257 254 431 221 263 224 257 248 212 260 380 413 425 386 428 443 374 233 260 218 428 290 362 461 362 374 413 458 392 440 272 287 308 266 260 356 323 383 332 326 449 425 296 290 458 452 386 374 401 371 326 332 398 422 371 377 398 419 386 398 344 383 422 440 413 323 383 365 467 413 374 413 392 422 365 422 323 398 374 461 434 443 317 401 398 419 398 422 371 452 386 374 440 404 359 413 443 422 419 374 476 389 359 458 440 422 443 422 419 374 446 446 374 380 455 335 332 422 398 419 371 269 422 398 419 371 260 413 386 437 422 470 386 374 338 371 383 344 374 356 425 374 365 398 413 434 377 464 458 455 404 419 419 389 401 389 422 374 452 380 452 260 434 419 290 398 419 386 362 425 452 293 296 332 398 371 419 413 329 365 431 437 386 407 455 398 386 347 401 0 437 401 401 314 380 443 332 449 458 407 296 377 443 392 341 395 404 410 452 440 386 404 455
254 293 284 284 230 323 299 290 362 344 356 326 314 200 308 227 284 362 308 392 176 293 284 413 437 443 254 311 269 323 293 368 314 362 419 395 389 404 389 317 464 527 464 491 332 398 371 344 296 470 389 383 323 446 416 401 413 350 422 407 383 290 398 452 389 500 458 314 392 284 458 350 338 413 365 368 272 302 398 392 332 338 425 434 452 344 467 416 434 452 452 422 434 377 377 491 443 434 299 497 434 443 434 236 260 248 275 239 212 389 275 299 218 290 275 179 263 323 404 389 398 428 467 335 173 227 155 419 275 338 491 338 359 434 461 329 443 197 257 263 182 203 296 272 368 248 311 422 443 305 251 476 428 398 389 419 386 242 311 398 431 395 365 398 434 410 347 383 320 446 443 449 338 332 350 446 449 374 470 377 464 347 455 305 398 389 461 461 452 332 338 377 377 398 431 395 431 398 389 410 395 338 365 419 443 434 389 401 368 338 422 389 434 419 443 434 389 401 458 389 353 446 281 371 428 398 434 395 305 428 398 434 395 302 377 365 449 431 446 398 389 389 371 374 344 389 350 425 389 425 398 452 446 338 431 443 452 374 434 422 425 374 398 431 374 446 338 404 254 452 434 278 398 434 317 290 431 425 275 305 371 398 395 434 440 314 356 428 392 377 398 494 383 443 317 413 437 0 386 374 362 326 425 287 476 464 404 251 365 398 371 392 440 344 398 419 440 410 362 383
296 356 365 317 320 368 326 332 362 392 371 365 380 317 380 305 317 356 335 371 296 368 317 392 401 404 353 341 329 338 332 374 326 428 386 431 377 401 377 365 434 368 386 419 362 425 392 398 356 410 383 383 398 377 392 410 368 374 428 389 410 359 365 368 410 416 368 341 326 329 368 356 332 380 350 347 371 386 377 359 359 389 398 392 383 377 413 398 392 383 410 383 392 395 380 392 365 392 335 359 413 365 392 296 344 311 344 320 287 389 290 323 317 326 332 296 323 392 353 377 368 419 398 380 245 326 302 377 302 389 386 389 329 380 410 353 371 281 335 326 314 305 386 359 410 371 344 425 404 374 311 422 404 368 359 386 434 272 332 386 392 359 347 386 392 353 407 386 341 377 362 353 344 377 347 383 350 359 380 365 383 368 401 344 386 359 470 392 431 404 386 350 392 386 392 359 395 368 359 413 389 353 365 428 365 392 359 392 347 353 365 407 353 428 365 392 359 404 383 359 350 404 347 338 359 386 392 359 359 359 386 392 359 317 365 359 377 392 365 368 359 338 371 377 392 359 365 395 359 362 386 371 389 383 401 380 407 356 392 413 383 395 368 392 359 407 383 383 329 386 392 383 386 392 383 326 398 419 386 365 338 386 359 392 365 344 377 401 371 374 428 437 347 407 401 389 401 386 0 401 362 401 377 326 362 362 350 293 380 371 380 428 407 377 374 404 368 410 347 398
401 392 410 392 350 392 374 407 371 389 371 422 416 341 419 389 392 398 404 410 341 407 392 389 401 425 389 425 362 386 404 431 368 398 419 380 410 413 410 425 404 389 404 407 407 398 377 413 383 440 458 407 398 374 398 443 416 380 395 404 410 413 380 404 416 431 395 383 380 380 395 410 362 401 404 377 398 395 383 389 404 440 419 425 413 428 365 395 425 413 401 368 425 407 416 383 410 425 374 368 437 410 425 371 356 401 401 344 365 431 398 398 338 410 404 380 401 425 404 410 428 401 416 392 338 338 356 329 392 383 437 383 383 422 395 395 386 356 389 389 374 386 383 392 377 413 383 416 422 407 386 395 392 428 407 404 389 392 374 410 425 404 401 410 422 398 413 398 401 386 404 401 404 359 398 374 398 413 365 398 410 386 389 398 410 407 365 407 368 380 389 392 380 410 425 404 371 428 407 401 398 386 377 410 410 422 407 362 410 386 377 398 374 410 410 422 407 392 422 407 380 404 359 389 374 410 425 404 380 374 410 425 404 311 407 365 422 425 392 428 407 368 398 377 419 407 368 422 407 392 410 410 401 401 410 410 389 389 422 380 413 410 428 425 413 410 398 437 365 413 422 395 410 422 410 386 422 479 395 398 389 410 404 425 422 383 425 383 341 419 413 362 410 446 389 407 401 374 401 0 377 416 392 380 380 392 401 377 371 419 434 425 389 401 413 458 416 395 365 416
401 419 428 437 365 425 395 461 452 413 395 434 434 407 434 446 440 389 431 395 389 422 440 371 401 431 446 434 449 467 419 377 401 386 365 344 413 332 413 437 311 326 395 344 410 395 404 428 395 383 404 377 425 359 356 383 374 431 341 347 377 422 443 356 356 356 374 422 380 431 374 413 374 395 452 404 416 428 452 422 425 398 383 440 338 401 287 359 440 338 335 407 440 344 335 332 344 440 398 302 419 344 440 437 368 443 386 395 443 383 416 431 413 428 416 401 404 392 434 413 434 392 323 404 386 413 410 296 422 401 359 401 413 335 350 374 359 410 446 404 377 413 440 401 368 428 395 395 428 461 425 338 359 434 386 323 395 398 377 428 440 386 383 428 437 404 359 362 389 392 338 347 410 377 383 329 344 434 350 401 338 398 353 413 428 386 368 317 323 401 401 368 266 428 440 386 329 434 386 380 380 386 407 377 344 437 386 323 455 386 311 344 350 377 344 437 386 329 353 386 335 338 419 398 353 428 440 386 458 353 428 440 386 404 392 368 323 440 335 434 386 404 380 395 392 386 398 431 386 386 428 419 341 368 383 383 362 368 437 353 407 368 437 440 434 371 368 380 380 329 437 398 428 437 404 377 434 395 398 419 398 428 386 440 404 434 437 365 326 419 371 308 386 407 455 371 314 362 362 377 0 386 380 389 359 365 419 362 392 350 425 383 389 371 413 374 362 407 413 398
413 413 455 464 443 464 479 425 437 449 389 467 470 428 470 431 464 434 458 395 434 428 464 425 359 422 422 410 410 455 434 437 449 434 392 380 395 425 395 470 389 338 386 365 431 413 431 428 413 404 392 413 464 383 422 458 410 422 389 404 443 449 398 425 407 371 332 455 392 449 332 416 389 422 425 419 449 413 407 419 377 443 419 413 371 437 320 329 413 371 350 434 413 377 383 344 377 413 407 305 422 377 413 449 398 452 497 425 398 377 398 371 365 362 410 452 410 425 428 395 401 401 344 431 419 443 425 275 443 452 329 452 458 335 365 404 362 473 440 446 464 443 434 422 362 437 407 380 428 392 398 326 368 401 404 368 404 425 419 428 410 401 413 428 413 401 425 350 401 365 374 377 413 431 431 329 374 419 302 383 353 464 314 395 428 404 395 350 353 359 401 371 380 428 410 401 326 401 404 374 374 374 446 395 377 413 404 380 416 374 347 365 329 395 377 413 404 356 410 404 434 329 455 395 329 428 413 401 416 329 428 413 401 374 422 368 413 410 413 401 404 359 386 395 404 404 395 425 404 353 428 374 383 410 434 410 350 422 413 362 380 419 404 410 419 371 410 377 359 407 413 407 428 413 431 434 425 416 413 434 395 428 401 413 389 428 482 386 395 413 440 344 407 371 434 386 380 326 401 416 386 0 377 395 350 353 407 425 377 374 443 365 356 464 371 383 368 440 404 422
338 296 404 359 308 383 386 377 359 374 401 383 380 320 386 332 359 365 347 404 281 371 359 434 422 410 344 374 320 365 374 404 359 386 428 413 407 392 407 380 473 467 443 425 380 410 371 377 332 431 386 413 383 404 407 404 413 371 425 440 425 368 416 410 383 419 434 368 395 353 434 389 344 416 422 389 377 365 395 398 386 428 431 407 431 371 413 413 407 431 452 398 407 410 395 410 407 407 377 428 425 407 407 329 308 365 374 314 305 395 296 308 305 320 335 314 323 365 422 407 395 434 434 383 257 272 284 413 314 386 425 386 401 407 416 374 449 299 329 338 296 332 374 359 401 344 356 434 410 347 320 428 389 395 401 410 449 338 356 401 407 404 368 401 410 398 380 395 395 386 416 422 362 398 371 410 422 428 443 410 464 383 443 359 401 401 422 449 416 359 368 371 368 401 407 404 422 395 401 455 416 386 398 446 407 410 401 416 413 386 413 401 416 446 407 410 401 404 428 401 359 419 359 371 416 401 407 404 314 416 401 407 404 326 377 386 428 407 383 395 401 389 398 410 371 401 386 416 401 413 401 422 428 407 449 440 443 383 410 401 410 398 398 407 428 452 407 410 281 428 410 350 401 410 383 356 422 419 353 353 371 401 404 407 410 392 374 440 401 380 425 443 380 425 398 395 443 425 377 392 380 377 0 362 458 434 419 344 377 458 401 404 449 368 410 425 431 389 407 437
458 404 476 464 470 440 434 434 416 434 407 458 428 434 431 485 464 416 425 404 446 461 464 383 341 371 467 440 437 440 452 392 377 359 374 401 344 365 344 458 329 287 359 338 413 410 392 413 470 332 413 404 437 365 386 425 353 410 335 383 419 488 383 380 413 314 311 401 362 461 311 413 422 347 446 398 452 446 431 410 443 446 371 356 320 416 248 389 356 320 308 359 356 326 368 299 308 356 422 257 389 308 356 491 413 419 449 461 461 386 431 458 437 461 461 473 434 452 380 344 407 383 287 428 452 467 458 263 455 422 308 422 386 329 314 389 353 485 440 479 476 497 461 467 368 455 401 371 368 458 488 350 356 407 368 338 368 428 431 407 359 374 398 407 356 338 395 395 536 353 305 302 422 401 407 296 299 410 290 356 356 458 320 467 407 368 326 305 308 419 410 371 350 407 359 374 296 407 368 392 314 356 428 359 308 356 368 344 416 356 308 368 365 359 308 356 368 356 329 368 416 320 476 413 368 407 359 374 365 368 407 359 374 392 401 365 338 359 356 407 368 362 383 392 401 368 407 365 368 323 407 371 311 389 374 347 323 419 356 371 362 365 413 359 410 365 386 401 443 341 356 458 407 356 434 437 365 362 458 422 413 407 374 359 374 395 407 344 365 410 407 266 392 362 428 365 332 287 326 380 389 395 362 0 329 341 401 464 368 365 440 443 365 443 449 398 374 386 428 392
308 290 335 308 296 374 329 296 329 371 359 380 335 251 335 269 305 383 338 404 200 329 305 455 416 449 305 344 269 317 329 377 362 374 416 437 413 428 413 380 479 488 464 482 353 398 392 380 344 464 377 416 362 449 410 416 449 338 431 410 401 386 407 425 389 470 458 371 377 281 458 365 401 452 389 377 365 353 395 416 323 371 425 443 473 374 446 419 443 473 452 437 443 422 422 485 470 443 338 464 446 470 443 257 299 293 329 257 269 419 260 257 206 257 281 227 266 341 422 413 368 437 464 401 191 269 218 440 290 362 446 362 371 428 416 356 473 254 299 311 215 251 338 293 398 320 329 425 449 311 335 461 431 368 404 410 395 302 320 404 446 401 371 404 443 425 392 359 365 422 467 440 335 383 386 488 443 392 446 422 455 350 467 323 404 404 452 470 494 332 374 398 386 404 446 401 476 368 404 440 458 380 356 431 470 443 404 428 377 380 440 440 452 431 470 443 404 434 458 404 368 458 296 323 452 404 443 401 287 452 404 443 401 296 392 362 410 446 401 368 404 389 368 419 380 404 356 446 404 410 404 419 437 386 458 494 497 374 443 389 401 389 365 446 392 461 389 449 302 410 443 293 404 443 365 329 434 440 293 344 323 404 401 443 458 368 395 458 398 350 419 503 404 431 365 449 449 476 362 380 359 350 458 329 0 1949 395 287 386 437 380 401 440 416 428 434 437 362 425 365
308 281 323 290 290 377 332 299 332 380 365 380 338 251 341 278 287 395 338 398 206 341 287 446 425 431 290 338 275 308 320 374 347 386 410 443 416 437 416 377 491 506 470 485 341 392 383 374 341 464 368 407 365 446 410 425 461 332 437 419 401 389 407 413 395 458 458 344 371 281 458 359 389 449 371 386 356 338 401 419 329 380 428 458 464 374 452 425 458 464 458 440 458 428 425 497 467 458 356 476 425 467 458 263 293 293 314 242 257 413 263 251 212 251 260 221 248 350 425 416 374 431 452 389 191 260 212 437 266 362 440 362 353 437 398 341 488 254 308 308 215 239 353 305 380 320 317 416 428 308 329 464 434 374 395 413 413 299 311 398 461 392 368 398 458 416 389 341 365 431 464 434 332 368 392 467 437 398 440 428 446 356 455 311 398 395 437 467 479 326 383 404 389 398 461 392 476 374 395 449 458 377 341 410 467 458 395 416 389 377 458 455 449 410 467 458 395 431 443 395 359 455 305 317 449 398 458 392 296 449 398 458 392 278 380 359 416 461 395 374 395 401 368 413 392 395 335 437 395 407 398 419 434 383 446 476 506 362 458 386 392 395 371 461 398 455 383 434 296 416 458 284 398 458 377 305 425 446 287 344 317 398 392 458 452 362 374 443 413 350 410 494 395 416 365 428 458 464 362 392 365 353 434 341 1949 0 392 284 389 452 368 404 407 404 431 425 446 380 419 365
371 377 392 392 350 422 392 344 386 371 395 380 404 356 398 371 389 401 377 386 338 386 389 434 395 407 362 419 404 389 362 368 359 344 383 410 383 362 383 386 374 452 416 434 368 398 440 377 395 392 410 404 395 383 407 404 404 419 419 401 398 374 398 395 425 374 416 380 395 362 416 401 395 401 419 422 419 410 407 398 428 401 383 380 419 398 371 425 380 419 383 434 380 368 368 392 392 380 329 365 416 392 380 335 350 365 395 353 371 431 386 395 329 374 389 377 350 359 398 383 404 416 356 407 338 362 359 368 389 356 401 356 410 410 389 353 404 329 365 356 350 377 392 389 359 362 407 377 413 401 395 398 410 404 392 437 395 374 326 407 386 386 404 407 380 392 377 383 422 419 386 383 398 374 368 395 383 461 416 407 395 407 422 383 407 392 356 428 356 410 359 398 362 407 386 386 383 404 392 470 389 365 377 377 392 380 392 407 428 365 398 371 395 377 392 380 392 407 395 392 362 413 356 353 392 407 383 386 377 392 407 383 386 362 401 359 380 386 392 404 392 389 341 398 398 392 398 413 392 404 407 446 416 347 452 407 410 389 380 383 413 383 404 386 461 404 350 389 356 392 380 353 407 380 371 344 410 398 356 365 353 407 386 383 428 407 431 413 341 374 422 380 425 437 395 407 407 404 350 401 419 407 419 401 395 392 0 365 371 389 410 464 431 398 404 413 446 410 428 392
503 413 467 461 431 452 431 461 407 431 371 470 440 488 440 491 464 398 443 389 494 452 464 341 320 347 509 401 494 455 458 404 389 389 320 311 323 326 323 476 272 221 320 275 431 386 404 440 461 341 404 353 476 287 350 416 272 491 269 308 383 458 332 329 434 275 266 428 359 509 266 443 368 365 428 416 509 443 422 413 413 449 317 332 317 422 227 335 332 317 263 332 332 344 344 227 278 332 371 221 356 278 332 482 455 428 470 449 458 368 512 473 419 488 431 506 440 473 359 323 401 386 230 419 512 491 467 176 482 395 251 395 404 308 305 386 299 482 500 443 500 500 458 446 383 455 407 302 350 476 473 266 278 401 344 338 347 476 398 401 335 353 380 401 335 344 329 341 458 308 263 245 422 398 374 236 248 428 260 359 329 440 275 413 401 344 335 266 287 416 380 350 290 401 335 353 215 401 344 314 326 380 413 308 278 335 344 284 377 380 269 305 308 308 278 335 344 284 275 344 413 260 479 401 305 401 338 353 386 305 401 338 353 398 365 338 284 335 266 401 344 377 380 380 374 344 368 338 344 320 401 383 263 341 347 302 263 359 335 320 335 353 401 335 428 305 341 341 443 293 335 392 401 335 392 446 338 356 395 467 401 401 353 338 374 416 428 287 290 428 371 248 365 344 434 359 296 251 293 377 362 425 344 464 287 284 365 0 377 338 443 395 353 425 389 374 341 368 371 356
368 356 356 374 341 398 377 344 413 380 365 365 374 338 371 380 377 392 368 398 305 386 377 407 392 386 368 377 356 350 362 380 344 386 383 392 383 374 383 365 398 377 395 389 368 428 404 395 380 404 398 419 407 377 428 431 401 407 410 386 398 374 407 377 374 404 404 362 350 350 404 386 353 359 386 371 395 389 404 413 353 401 383 395 389 386 386 425 395 389 386 383 395 392 365 407 398 395 368 362 455 398 395 332 341 326 380 335 317 398 362 326 326 359 374 335 368 365 404 383 356 410 380 392 335 344 275 371 371 350 407 350 401 386 380 362 392 332 341 347 317 356 374 359 359 386 398 413 386 365 332 410 386 356 386 332 371 356 344 371 398 389 377 371 401 389 356 368 386 404 383 389 389 371 362 398 392 386 365 365 359 374 392 359 371 386 404 383 401 377 383 389 350 371 398 389 392 356 386 434 425 410 374 410 398 401 386 368 428 410 386 434 344 410 398 401 386 386 365 386 305 362 350 344 341 371 398 389 347 341 371 398 389 359 404 350 380 398 395 356 386 377 380 389 368 386 386 386 386 395 371 404 392 353 419 416 404 344 401 389 416 380 359 398 386 395 350 377 383 377 401 365 371 401 368 398 389 422 362 353 344 371 389 398 359 413 386 359 380 416 374 422 386 413 386 380 377 365 380 371 392 377 377 368 386 389 371 377 0 368 407 395 410 374 416 368 383 458 386 362
326 341 395 335 326 341 329 380 362 404 401 353 347 305 350 317 335 401 353 422 308 368 335 467 431 416 320 356 338 356 365 440 344 377 416 455 395 398 395 353 422 458 407 467 374 395 398 404 371 449 398 401 368 422 437 410 401 338 464 410 443 371 410 476 377 467 452 380 413 332 452 395 413 422 428 407 353 383 371 410 338 386 470 422 416 380 425 404 422 416 425 401 422 395 410 422 449 422 359 419 446 449 422 329 299 362 347 329 311 404 311 299 311 287 293 287 308 395 404 395 422 431 446 401 260 299 293 380 308 398 407 398 374 398 401 407 416 299 287 344 284 308 371 371 389 326 368 428 416 359 347 422 395 422 362 437 398 317 362 419 422 368 365 419 425 389 389 386 353 386 470 461 368 386 392 449 458 386 401 398 419 392 422 386 419 362 416 452 386 344 344 383 434 419 422 368 446 422 362 911 410 341 371 425 449 425 362 434 365 341 398 410 416 425 449 425 362 410 425 362 368 446 347 374 413 419 425 368 329 413 419 425 368 287 371 377 398 422 395 422 362 374 377 392 419 362 353 416 362 431 419 401 434 374 449 416 392 401 425 389 431 410 416 422 386 416 377 434 344 410 425 344 419 425 395 395 413 434 341 365 374 419 368 425 416 368 377 407 431 413 425 470 425 401 335 392 443 398 371 419 350 374 458 365 437 452 389 338 368 0 392 425 404 416 425 374 380 416 431 392
416 425 455 428 452 455 392 470 407 422 380 431 422 425 416 455 431 446 422 422 404 404 431 386 383 452 425 428 437 422 419 431 416 395 410 374 398 374 398 437 383 329 407 392 425 404 428 428 446 398 422 407 395 401 410 428 407 452 392 428 425 410 392 365 404 362 344 416 386 422 344 413 374 383 443 425 434 440 419 410 446 422 404 422 368 416 323 413 422 368 368 389 422 410 380 359 383 422 398 350 443 383 422 413 377 416 425 410 419 398 461 398 389 416 407 410 425 464 419 398 446 401 374 437 395 434 413 323 446 428 368 428 398 371 374 440 377 407 434 443 404 410 434 395 383 461 401 422 452 416 440 338 386 446 422 380 404 428 425 404 422 422 413 404 422 398 413 368 410 368 374 377 446 398 407 347 374 461 335 422 368 419 341 416 404 422 365 377 329 377 407 380 380 404 422 422 356 446 422 395 377 404 446 428 383 422 422 380 401 404 341 383 380 428 383 422 422 359 377 422 446 353 410 407 380 404 422 422 386 380 404 422 422 395 407 428 377 422 380 446 422 371 401 377 434 422 374 449 422 365 404 431 389 410 392 392 362 410 422 356 356 407 446 422 461 1091 404 410 404 389 422 416 404 422 458 416 440 392 410 431 407 404 422 422 374 380 443 386 377 416 428 311 401 389 389 380 392 371 380 434 425 443 401 440 380 368 410 443 407 392 0 401 404 446 416 401 386 365 404 413
401 362 383 377 326 380 404 383 368 395 371 374 374 350 377 371 377 389 434 374 344 389 377 401 440 419 395 428 368 395 377 353 359 392 386 413 380 353 380 377 395 371 386 440 401 425 389 404 407 368 485 380 407 365 416 422 368 434 407 407 383 386 386 383 443 395 359 392 368 392 359 395 377 389 431 416 419 401 485 392 398 401 380 407 395 410 350 392 407 395 365 371 407 404 389 386 374 407 395 389 404 374 407 344 368 341 368 380 368 407 377 422 371 416 359 416 353 386 416 380 413 413 353 431 359 371 344 299 371 389 374 389 389 398 416 374 371 374 416 419 356 395 383 428 401 371 410 413 413 413 398 416 386 413 362 371 431 362 347 434 407 365 410 434 404 368 377 401 419 440 368 380 425 410 386 377 380 446 398 377 440 374 422 425 434 362 383 380 380 374 407 455 365 434 407 365 374 413 362 380 404 401 383 413 374 404 362 386 392 401 341 404 392 413 374 404 362 377 368 362 392 410 374 404 386 434 407 365 380 386 434 407 365 368 362 371 380 407 374 413 362 401 392 377 386 362 401 410 362 392 434 404 398 395 425 404 401 371 404 380 434 413 410 407 446 398 395 446 395 374 404 380 434 404 392 362 404 398 380 374 404 434 365 407 449 404 362 392 377 413 401 413 407 407 395 401 341 392 428 425 383 365 404 443 401 404 464 395 395 425 401 0 413 404 419 458 407 389 431 401
374 398 383 362 317 392 353 374 383 377 419 401 386 365 389 371 359 365 362 416 314 386 359 398 440 410 347 395 377 395 341 404 356 368 419 407 428 380 428 401 440 404 458 434 389 434 401 434 383 404 416 374 377 434 428 410 407 383 413 386 413 365 425 398 380 446 416 419 395 368 416 404 380 407 431 386 395 434 413 383 419 404 407 407 407 416 410 440 407 407 395 398 407 404 365 425 386 407 377 434 449 386 407 335 368 368 335 350 362 443 377 422 329 401 386 317 356 422 407 428 407 428 410 386 326 329 353 398 362 371 425 371 392 461 410 368 392 314 374 338 314 332 362 377 395 359 422 449 407 383 362 437 425 407 371 383 458 359 356 407 404 371 374 407 407 386 413 374 395 431 368 395 440 383 377 377 395 416 467 404 446 386 485 401 407 371 443 416 401 416 449 434 374 407 404 371 422 407 371 437 392 362 404 443 386 407 371 380 404 362 401 377 416 443 386 407 371 386 398 371 341 446 353 422 413 407 407 371 353 413 407 407 371 326 452 413 392 404 410 407 371 383 410 401 419 371 374 410 371 443 407 455 476 401 401 437 446 428 407 488 458 413 410 404 416 425 404 437 338 404 407 386 407 407 374 341 413 416 386 389 422 407 371 407 419 404 386 449 434 404 437 434 437 404 392 413 395 440 407 389 389 356 449 365 440 407 431 353 410 404 404 413 0 392 401 422 437 386 401 485
410 398 455 443 434 455 425 437 446 446 401 500 452 413 452 425 446 416 425 422 368 425 446 419 389 425 428 410 413 464 395 419 434 401 413 383 380 422 380 500 368 362 368 389 428 410 422 440 443 398 425 398 404 368 410 422 392 443 407 389 419 395 407 416 443 368 392 410 389 392 392 449 389 410 428 428 461 425 434 404 410 443 404 419 395 401 344 386 419 395 359 437 419 386 365 338 365 419 428 359 479 365 419 377 392 419 422 407 371 401 395 386 350 374 398 377 392 431 416 380 413 404 368 443 362 425 419 290 428 431 377 431 407 344 380 413 377 407 398 407 380 404 407 440 404 416 419 407 428 383 398 353 368 413 452 377 416 449 416 455 425 455 407 455 425 338 395 362 431 347 356 356 404 464 413 392 356 395 332 398 362 449 320 395 455 452 377 365 365 347 401 392 392 455 425 455 353 413 452 395 353 416 428 398 365 425 452 386 419 416 371 383 353 398 365 425 452 383 404 452 440 359 440 386 350 455 422 455 371 350 455 422 455 368 422 392 395 425 383 413 452 389 374 398 431 452 383 428 452 389 455 377 389 407 416 377 368 410 425 362 338 407 416 425 395 392 407 431 371 404 425 362 455 425 440 470 431 437 362 395 386 455 455 422 374 428 434 398 401 410 443 350 365 380 377 350 404 344 377 401 371 464 368 443 416 404 398 425 374 416 446 404 392 0 437 392 392 437 398 419
392 362 389 383 368 410 377 380 392 407 380 410 386 347 380 368 383 413 380 425 323 404 383 413 395 449 356 401 377 404 410 401 401 392 392 404 410 407 410 404 416 431 422 422 422 443 425 395 392 422 395 401 377 404 398 434 446 404 407 452 443 413 395 401 416 407 419 365 395 389 419 404 413 407 410 386 413 419 461 428 359 413 428 464 401 434 389 422 464 401 398 407 464 497 380 422 404 464 386 356 416 404 464 353 347 377 365 389 374 443 353 341 344 338 350 350 371 407 443 410 404 416 437 416 308 356 347 344 398 395 413 395 389 410 434 395 389 329 377 401 350 380 434 416 422 392 377 395 446 386 356 386 413 404 407 416 419 335 398 410 461 413 416 410 461 368 377 404 416 410 386 389 401 377 359 368 392 428 401 425 398 422 395 419 410 407 422 401 422 386 389 380 413 410 461 413 401 404 407 431 377 386 392 410 404 461 407 401 395 386 392 443 413 410 404 461 407 404 407 407 410 389 413 401 407 410 461 413 344 407 410 461 413 386 410 386 389 461 413 404 407 380 566 425 422 407 404 446 407 389 410 404 419 392 422 422 386 377 461 362 407 404 404 461 428 419 392 404 326 401 461 380 410 461 419 437 446 446 380 368 401 410 413 461 413 434 428 389 431 404 422 428 431 398 362 395 410 398 374 413 413 371 410 449 428 431 404 389 416 425 416 419 401 437 0 485 386 419 410 419
347 365 398 356 329 374 362 374 392 389 374 383 383 326 371 359 356 377 383 401 350 371 356 431 404 434 368 377 329 383 311 377 386 413 407 413 419 401 419 380 440 413 440 428 380 419 386 416 380 419 440 419 389 407 413 410 395 374 389 416 398 377 383 407 398 419 395 416 368 392 395 404 359 401 419 374 359 401 413 404 371 407 389 413 440 371 401 422 413 440 410 446 413 455 383 380 395 413 377 392 416 395 413 341 356 314 344 341 344 455 329 392 317 377 371 332 332 377 407 419 428 455 410 380 278 320 299 419 332 365 410 365 380 440 413 374 455 311 344 362 320 350 374 377 410 362 380 440 428 392 374 431 419 428 407 386 407 314 362 434 413 407 401 434 410 413 380 374 401 428 392 416 359 398 359 407 413 413 419 383 452 392 422 392 434 407 404 392 383 389 401 377 365 434 413 407 413 428 407 407 395 380 407 443 395 410 407 422 401 380 380 413 437 443 395 410 407 395 404 407 404 428 359 404 437 434 413 407 344 437 434 413 407 335 374 344 416 413 419 428 407 377 452 425 437 407 362 434 407 422 434 404 416 407 401 407 398 422 410 413 359 392 428 413 413 428 410 437 323 431 410 386 434 410 425 371 434 419 386 353 404 434 407 413 401 398 401 431 380 401 419 434 380 392 371 407 452 419 404 458 374 383 425 398 434 425 413 374 368 374 401 458 422 392 485 0 434 350 407 434
338 362 359 344 305 389 362 350 359 359 389 368 371 293 362 305 341 383 350 401 245 323 341 413 383 428 335 362 335 350 350 401 356 386 374 416 386 419 386 368 437 449 461 452 392 407 371 458 362 440 413 395 389 416 413 395 380 386 428 416 413 344 422 416 590 455 464 347 395 341 464 350 365 401 392 383 392 353 416 416 341 419 419 404 440 392 425 419 404 440 422 422 404 410 395 485 407 404 383 422 419 407 404 341 314 338 365 335 284 461 320 320 257 314 332 269 305 365 416 386 401 440 431 428 272 275 269 407 335 371 440 371 368 398 386 362 443 326 320 320 311 332 359 353 359 317 383 422 428 332 341 431 437 401 401 392 413 341 338 392 407 395 383 392 404 395 389 356 386 410 416 401 389 395 365 395 401 410 467 377 434 377 416 356 392 401 404 398 398 350 374 440 368 392 407 395 428 401 401 434 392 374 374 422 407 404 401 398 389 374 401 404 425 422 407 404 401 428 419 401 371 437 353 344 422 392 404 395 332 422 392 404 395 317 425 392 413 407 470 401 401 386 377 392 410 401 362 422 401 392 392 419 431 368 437 437 458 404 404 425 443 386 401 407 410 584 368 404 323 422 404 335 392 404 395 347 413 428 332 365 344 392 395 404 416 389 383 434 380 389 416 443 413 443 395 407 440 440 368 416 362 368 431 374 437 446 446 341 383 380 386 407 437 392 386 434 0 401 383 425
386 389 404 392 377 413 413 431 443 410 443 443 383 383 383 386 392 422 380 377 329 377 392 431 386 413 383 386 380 404 434 407 434 380 425 377 443 401 443 446 383 380 410 413 410 425 383 434 404 416 398 413 407 371 434 446 419 440 425 383 395 410 434 416 401 392 398 377 404 410 398 431 428 428 410 425 419 365 392 404 392 386 422 407 413 398 371 401 407 413 368 428 407 386 467 356 350 407 386 371 428 350 407 359 326 389 422 395 392 398 362 335 356 335 377 362 374 404 395 443 437 440 362 386 347 383 338 311 386 368 413 368 425 380 365 425 392 368 401 362 344 353 389 398 350 383 401 395 413 368 404 392 353 437 398 404 416 350 392 425 410 398 371 425 410 434 374 341 380 368 338 338 359 416 389 356 338 401 359 392 377 422 371 392 425 398 407 404 365 356 434 374 350 425 410 398 383 437 398 422 404 419 410 404 350 410 398 377 443 419 380 377 377 404 350 410 398 380 383 398 386 413 392 395 377 425 410 398 359 377 425 410 398 383 422 377 380 410 389 437 398 389 380 356 371 398 389 413 398 404 425 428 401 368 419 383 392 365 410 392 413 380 434 410 401 353 368 371 377 401 410 359 425 410 398 383 407 431 356 386 395 425 398 410 404 425 440 410 362 404 410 377 419 398 461 362 386 410 410 395 407 440 389 386 362 380 410 368 458 416 365 389 386 437 419 350 401 0 371 350
398 368 380 401 359 416 431 407 419 401 380 401 413 383 404 383 401 437 407 419 356 485 401 401 434 419 395 401 386 401 389 401 380 371 404 374 398 359 398 401 416 425 398 428 407 449 401 413 395 428 425 401 389 377 428 422 398 422 443 389 413 434 389 407 389 395 383 368 374 410 383 392 413 416 410 425 410 401 434 416 398 404 386 419 386 446 353 419 419 386 389 428 419 365 377 368 389 419 356 383 374 389 419 389 380 383 374 362 410 392 386 431 344 434 359 407 392 380 422 398 401 452 392 410 332 371 344 362 380 410 407 410 401 386 377 401 392 383 365 380 338 383 419 368 404 407 398 386 419 407 368 410 368 401 413 359 407 383 377 410 425 404 398 410 422 398 386 377 434 401 404 386 407 386 395 389 383 404 401 455 407 407 404 431 410 413 383 410 386 395 353 407 371 410 425 404 392 401 413 395 392 407 395 386 389 422 413 395 437 407 401 398 380 386 389 422 413 374 407 413 359 410 365 410 377 410 422 404 365 377 410 422 404 362 392 371 422 425 410 401 413 335 398 443 377 413 377 416 413 413 410 434 377 443 446 404 404 413 422 380 440 410 398 425 404 404 443 416 362 425 422 365 410 422 416 386 416 434 362 374 410 410 404 422 407 377 413 407 368 386 428 404 446 392 377 404 404 362 347 365 413 404 407 428 425 419 428 371 386 431 404 431 401 398 410 407 383 371 0 398
389 368 425 401 362 374 386 377 395 413 374 407 410 371 413 374 404 398 392 443 344 368 404 410 407 425 386 395 359 410 380 410 371 374 395 407 410 422 410 413 434 383 425 392 368 419 392 395 377 422 404 407 440 410 383 407 404 377 404 404 404 377 380 401 455 413 374 401 398 365 374 383 377 416 398 380 398 392 419 377 386 443 410 422 419 398 386 389 422 419 413 437 422 398 395 410 347 422 392 398 401 347 422 368 356 377 356 365 305 395 335 368 317 365 371 332 350 407 410 410 431 392 437 395 311 353 347 353 368 425 419 425 395 407 404 377 401 356 359 365 392 425 410 422 383 380 395 413 422 386 350 395 416 431 380 383 380 386 422 398 419 383 380 398 422 383 419 389 374 413 359 353 392 377 380 359 353 389 422 398 404 404 380 407 398 380 386 401 389 368 434 398 407 398 419 383 422 431 380 440 374 326 413 413 347 422 380 407 407 326 395 422 401 413 347 422 380 386 428 380 392 377 380 428 401 398 419 383 344 401 398 419 383 317 416 377 410 419 416 431 380 362 407 389 410 380 398 419 380 365 398 401 407 407 443 431 374 419 422 401 392 437 428 419 389 443 410 419 293 425 422 350 398 422 401 401 422 422 353 359 428 398 383 419 392 413 383 422 389 383 431 428 410 374 371 389 455 383 398 416 398 422 437 392 365 365 392 356 362 392 413 401 485 419 419 434 425 350 398 0
